state_id,energy,J,parity,m1_true,m2_true,m3_true,r_true
6,2797.135151,0,e,2,0,0,1
7,3792.680795,0,e,3,0,0,4
8,3942.541867,0,e,3,0,0,3
9,4064.27381,0,e,3,0,0,2
10,4225.094736,0,e,3,0,0,1
12,5022.35012,0,e,4,0,0,5
13,5197.252029,0,e,4,0,0,4
14,5329.645769,0,e,4,0,0,3
15,5475.551845,0,e,4,0,0,2
16,5667.642404,0,e,4,0,0,1
17,5915.216018,0,e,1,0,2,2
18,6016.70119,0,e,1,0,2,1
25,7133.821974,0,e,2,0,2,3
26,7259.774293,0,e,2,0,2,2
33,8334.247762,0,e,3,0,2,4
35,8488.411018,0,e,3,0,2,3
37,8607.136065,0,e,3,0,2,2
56,10444.895643,0,e,1,0,4,2
58,10546.62081,0,e,1,0,4,1
1082,9080.353723,1,f,5,1,1,6
1084,9470.170672,1,f,5,1,1,4
1085,9643.346298,1,f,5,1,1,3
1086,9838.479977,1,f,5,1,1,2
1096,11158.155631,1,f,3,1,3,4
1098,11335.067886,1,f,3,1,3,3
1100,11491.481891,1,f,3,1,3,2
1102,11663.037639,1,f,3,1,3,1
1106,12102.331332,1,f,0,1,5,1
1119,13259.92958,1,f,1,1,5,2
1138,14560.457181,1,f,2,1,5,2
1141,14707.008774,1,f,2,1,5,1
1913,4416.932326,1,e,3,1,0,4
1914,4591.896129,1,e,3,1,0,3
1915,4754.229192,1,e,3,1,0,2
1917,4939.163913,1,e,3,1,0,1
1921,5639.304689,1,e,4,1,0,5
1922,5831.581451,1,e,4,1,0,4
1923,6001.307931,1,e,4,1,0,3
1925,6179.814329,1,e,4,1,0,2
1928,6388.859108,1,e,4,1,0,1
1940,7617.408104,1,e,5,1,0,2
1960,9112.052651,1,e,3,1,2,3
1963,9270.254832,1,e,3,1,2,2
1973,9865.214734,1,e,0,1,4,1
1979,10195.798584,1,e,6,0,1,4
1982,10353.832124,1,e,6,0,1,3
1987,10568.367279,1,e,3,0,3,4
1997,10987.053625,1,e,3,0,3,1
2017,11913.218905,1,e,4,0,3,4
2074,13825.176292,1,e,2,0,5,3
2121,15121.821295,1,e,3,0,5,3
2128,15240.116307,1,e,3,0,5,2
2132,15373.70528,1,e,3,0,5,1
3808,3795.031395,2,e,3,0,0,4
3809,3824.364921,2,e,2,2,0,3
3810,3944.879412,2,e,3,0,0,3
3814,4227.440663,2,e,3,0,0,1
3818,5024.704421,2,e,4,0,0,5
3819,5049.618057,2,e,3,2,0,4
3820,5199.592703,2,e,4,0,0,4
3821,5247.813821,2,e,3,2,0,3
3822,5331.978071,2,e,4,0,0,3
3823,5439.547592,2,e,3,2,0,2
3827,5647.19713,2,e,3,2,0,1
3828,5669.990105,2,e,4,0,0,1
3832,6019.004775,2,e,1,0,2,1
3835,6437.844511,2,e,5,0,0,5
3836,6475.376459,2,e,4,2,0,4
3838,6672.890562,2,e,4,2,0,3
3840,6727.593756,2,e,5,0,0,3
3842,6877.433373,2,e,4,2,0,2
3843,6906.265472,2,e,5,0,0,2
3846,7124.083152,2,e,5,0,0,1
3850,7262.075335,2,e,2,0,2,2
3869,8362.757425,2,e,2,2,2,3
3880,8759.103395,2,e,3,0,2,1
3898,9644.886654,2,e,5,1,1,3
3903,9835.697904,2,e,4,0,2,3
3905,9840.034938,2,e,5,1,1,2
3924,10484.706891,2,e,0,2,4,1
3934,10857.896022,2,e,6,1,1,4
3944,11159.683553,2,e,3,1,3,4
3952,11336.589137,2,e,3,1,3,3
3955,11493.002677,2,e,3,1,3,2
3965,11664.562721,2,e,3,1,3,1
3969,11751.697551,2,e,2,0,4,2
3981,12103.831939,2,e,0,1,5,1
4087,14402.179248,2,e,2,1,5,3
4100,14561.957114,2,e,2,1,5,2
4107,14708.508124,2,e,2,1,5,1
6656,3183.815374,2,f,2,1,0,3
6660,4418.508191,2,f,3,1,0,4
6661,4593.464429,2,f,3,1,0,3
6662,4755.796908,2,f,3,1,0,2
6664,4940.736261,2,f,3,1,0,1
6667,5640.884443,2,f,4,1,0,5
6669,6002.874668,2,f,4,1,0,3
6671,6181.384427,2,f,4,1,0,2
6672,6290.82807,2,f,2,2,1,2
6673,6390.434222,2,f,4,1,0,1
6674,6476.867442,2,f,2,2,1,1
6694,8503.544785,2,f,4,2,1,5
6699,8937.567774,2,f,3,1,2,4
6702,9113.600179,2,f,3,1,2,3
6704,9271.797563,2,f,3,1,2,2
6708,9447.435402,2,f,3,1,2,1
6715,9910.758509,2,f,5,2,1,5
6717,10115.212162,2,f,5,2,1,4
6721,10316.153212,2,f,5,2,1,3
6726,10594.601591,2,f,2,2,3,3
6729,10772.40352,2,f,5,2,1,1
6730,10778.393308,2,f,2,2,3,2
6735,10958.023069,2,f,2,2,3,1
6739,11186.234302,2,f,1,1,4,1
6759,12138.078068,2,f,3,2,3,2
6774,12709.451984,2,f,0,2,5,1
6812,14022.026111,2,f,1,2,5,1
8453,3826.718987,3,f,2,2,0,3
8459,5051.974915,3,f,3,2,0,4
8460,5250.162837,3,f,3,2,0,3
8461,5441.894802,3,f,3,2,0,2
8463,5535.97957,3,f,1,3,1,2
8465,5649.547457,3,f,3,2,0,1
8468,5963.143912,3,f,0,2,2,1
8471,6675.236031,3,f,4,2,0,3
8475,6879.780806,3,f,4,2,0,2
8476,6949.380098,3,f,2,3,1,2
8478,7106.841526,3,f,4,2,0,1
8479,7159.188822,3,f,2,3,1,1
8488,7936.912705,3,f,3,3,1,4
8494,8365.074589,3,f,2,2,2,3
8509,9123.320743,3,f,4,3,1,5
8510,9292.767082,3,f,5,1,1,5
8512,9351.088773,3,f,4,3,1,4
8516,9569.13159,3,f,4,3,1,3
8517,9647.22526,3,f,5,1,1,3
8520,9791.777283,3,f,4,3,1,2
8521,9842.371493,3,f,5,1,1,2
8537,10486.984181,3,f,0,2,4,1
8541,10683.087876,3,f,6,1,1,5
8545,10860.233344,3,f,6,1,1,4
8552,11162.00104,3,f,3,1,3,4
8559,11338.895432,3,f,3,1,3,3
8560,11411.326756,3,f,2,3,3,2
8564,11495.302941,3,f,3,1,3,2
8569,11615.084565,3,f,2,3,3,1
8571,11666.868028,3,f,3,1,3,1
8581,12106.083129,3,f,0,1,5,1
8671,14404.457632,3,f,2,1,5,3
8681,14564.218603,3,f,2,1,5,2
8688,14710.770183,3,f,2,1,5,1
8747,15865.975949,3,f,3,1,5,2
10993,3245.331044,3,e,1,3,0,2
11000,4420.845926,3,e,3,1,0,4
11001,4471.853997,3,e,2,3,0,3
11002,4595.795365,3,e,3,1,0,3
11003,4681.496103,3,e,2,3,0,2
11004,4758.126336,3,e,3,1,0,2
11007,4894.783184,3,e,2,3,0,1
11008,4943.067655,3,e,3,1,0,1
11013,5643.221703,3,e,4,1,0,5
11014,5688.371113,3,e,3,3,0,4
11016,5907.426339,3,e,3,3,0,3
11017,6005.199658,3,e,4,1,0,3
11020,6123.202216,3,e,3,3,0,2
11021,6183.710314,3,e,4,1,0,2
11023,6293.158861,3,e,2,2,1,2
11024,6351.417985,3,e,3,3,0,1
11027,6479.199251,3,e,2,2,1,1
11030,6606.352989,3,e,0,3,2,1
11046,7621.30421,3,e,5,1,0,2
11067,8505.88791,3,e,4,2,1,5
11074,8847.056988,3,e,6,1,0,3
11076,8939.871677,3,e,3,1,2,4
11078,8986.159937,3,e,2,3,2,3
11082,9115.89986,3,e,3,1,2,3
11084,9192.647148,3,e,2,3,2,2
11086,9274.092411,3,e,3,1,2,2
11093,9399.291256,3,e,2,3,2,1
11095,9449.735775,3,e,3,1,2,1
11105,9868.999315,3,e,0,1,4,1
11108,9913.094451,3,e,5,2,1,5
11112,10117.534708,3,e,5,2,1,4
11115,10199.646195,3,e,6,0,1,4
11119,10318.485917,3,e,5,2,1,3
11120,10357.699794,3,e,6,0,1,3
11131,10596.904316,3,e,2,2,3,3
11137,10774.743484,3,e,5,2,1,1
11138,10780.689398,3,e,2,2,3,2
11139,10792.361914,3,e,6,0,1,1
11144,10850.536204,3,e,4,1,2,1
11147,10960.318968,3,e,2,2,3,1
11155,11188.499085,3,e,1,1,4,1
11183,11917.036717,3,e,4,0,3,4
11225,12711.711133,3,e,0,2,5,1
11289,13828.941839,3,e,2,0,5,3
11302,14024.28436,3,e,1,2,5,1
11375,15125.576087,3,e,3,0,5,3
11388,15243.858642,3,e,3,0,5,2
11396,15377.461656,3,e,3,0,5,1
14578,2679.56929,4,e,0,4,0,1
14582,3800.51607,4,e,3,0,0,4
14583,3829.857737,4,e,2,2,0,3
14584,3906.177309,4,e,1,4,0,2
14588,4130.1232,4,e,1,4,0,1
14595,5030.197717,4,e,4,0,0,5
14596,5055.1174,4,e,3,2,0,4
14597,5123.385346,4,e,2,4,0,3
14598,5205.054217,4,e,4,0,0,4
14599,5253.294846,4,e,3,2,0,3
14600,5337.420072,4,e,4,0,0,3
14601,5353.829901,4,e,2,4,0,2
14602,5445.02439,4,e,3,2,0,2
14605,5539.097254,4,e,1,3,1,2
14606,5587.998764,4,e,2,4,0,1
14608,5652.681179,4,e,3,2,0,1
14609,5675.468065,4,e,4,0,0,1
14614,6024.379774,4,e,1,0,2,1
14619,6480.860459,4,e,4,2,0,4
14620,6569.740869,4,e,3,4,0,3
14622,6678.363301,4,e,4,2,0,3
14624,6733.039557,4,e,5,0,0,3
14625,6744.565439,4,e,2,3,1,3
14626,6806.229772,4,e,3,4,0,2
14628,6882.910671,4,e,4,2,0,2
14629,6911.732427,4,e,5,0,0,2
14630,6952.494363,4,e,2,3,1,2
14632,7053.089351,4,e,3,4,0,1
14633,7109.975039,4,e,4,2,0,1
14634,7129.56263,4,e,5,0,0,1
14636,7162.303216,4,e,2,3,1,1
14639,7253.053133,4,e,0,4,2,1
14653,7940.037717,4,e,3,3,1,4
14665,8368.164184,4,e,2,2,2,3
14668,8438.007789,4,e,1,4,2,2
14678,8656.968226,4,e,1,4,2,1
14698,9354.207098,4,e,4,3,1,4
14705,9572.245256,4,e,4,3,1,3
14708,9650.290977,4,e,5,1,1,3
14709,9706.608676,4,e,4,0,2,4
14713,9794.899335,4,e,4,3,1,2
14716,9841.036074,4,e,4,0,2,3
14718,9845.478672,4,e,5,1,1,2
14722,9976.920629,4,e,4,0,2,2
14735,10157.878262,4,e,4,0,2,1
14737,10241.205809,4,e,1,3,3,1
14746,10490.020554,4,e,0,2,4,1
14753,10686.145429,4,e,6,1,1,5
14760,10863.28953,4,e,6,1,1,4
14774,11165.04319,4,e,3,1,3,4
14786,11341.924924,4,e,3,1,3,3
14789,11414.394229,4,e,2,3,3,2
14795,11498.334314,4,e,3,1,3,2
14807,11669.90874,4,e,3,1,3,1
14813,11756.982432,4,e,2,0,4,2
14827,12109.087777,4,e,0,1,5,1
14990,14407.457434,4,e,2,1,5,3
15009,14567.212267,4,e,2,1,5,2
15019,14713.76191,4,e,2,1,5,1
15125,15868.955492,4,e,3,1,5,2
19025,3189.308243,4,f,2,1,0,3
19031,4424.011513,4,f,3,1,0,4
19032,4474.998154,4,f,2,3,0,3
19034,4684.633597,4,f,2,3,0,2
19035,4761.273553,4,f,3,1,0,2
19037,4897.921116,4,f,2,3,0,1
19038,4946.226798,4,f,3,1,0,1
19039,4978.73009,4,f,0,4,1,1
19042,5646.398426,4,f,4,1,0,5
19043,5691.518577,4,f,3,3,0,4
19045,5910.564566,4,f,3,3,0,3
19046,6008.346496,4,f,4,1,0,3
19048,6126.33764,4,f,3,3,0,2
19049,6184.509839,4,f,1,4,1,2
19050,6186.866095,4,f,4,1,0,2
19051,6296.266567,4,f,2,2,1,2
19052,6354.555006,4,f,3,3,0,1
19053,6395.930868,4,f,4,1,0,1
19054,6405.834788,4,f,1,4,1,1
19057,6609.443941,4,f,0,3,2,1
19066,7380.853401,4,f,2,4,1,3
19070,7609.109379,4,f,2,4,1,2
19076,7839.667289,4,f,2,4,1,1
19088,8509.012021,4,f,4,2,1,5
19090,8568.483213,4,f,3,4,1,4
19094,8804.455201,4,f,3,4,1,3
19097,8942.991318,4,f,3,1,2,4
19098,8989.257975,4,f,2,3,2,3
19100,9037.779826,4,f,3,4,1,2
19103,9119.006495,4,f,3,1,2,3
19104,9195.73806,4,f,2,3,2,2
19106,9277.188112,4,f,3,1,2,2
19107,9280.162388,4,f,3,4,1,1
19112,9402.382683,4,f,2,3,2,1
19114,9452.840828,4,f,3,1,2,1
19116,9502.578885,4,f,0,4,3,1
19129,10120.631763,4,f,5,2,1,4
19136,10321.596212,4,f,5,2,1,3
19146,10599.974589,4,f,2,2,3,3
19148,10666.708479,4,f,1,4,3,2
19153,10777.863869,4,f,5,2,1,1
19154,10783.750932,4,f,2,2,3,2
19159,10883.556985,4,f,1,4,3,1
19162,10963.380159,4,f,2,2,3,1
19164,11051.249259,4,f,1,1,4,2
19169,11191.53927,4,f,1,1,4,1
19195,11958.143259,4,f,3,2,3,3
19205,12143.431308,4,f,3,2,3,2
19232,12714.723314,4,f,0,2,5,1
19294,13858.521179,4,f,1,2,5,2
19303,14027.295346,4,f,1,2,5,1
22417,2683.50006,5,f,0,4,0,1
22420,3833.781114,5,f,2,2,0,3
22421,3910.110863,5,f,1,4,0,2
22423,4134.051884,5,f,1,4,0,1
22428,5059.045413,5,f,3,2,0,4
22429,5127.322299,5,f,2,4,0,3
22430,5257.209817,5,f,3,2,0,3
22431,5357.758859,5,f,2,4,0,2
22432,5448.936377,5,f,3,2,0,2
22435,5591.926081,5,f,2,4,0,1
22436,5639.02932,5,f,0,5,1,1
22438,5656.598381,5,f,3,2,0,1
22444,6484.777533,5,f,4,2,0,4
22445,6573.670897,5,f,3,4,0,3
22446,6682.272377,5,f,4,2,0,3
22449,6810.155145,5,f,3,4,0,2
22450,6835.428027,5,f,1,5,1,2
22453,6956.38717,5,f,2,3,1,2
22455,7057.014115,5,f,3,4,0,1
22456,7076.264143,5,f,1,5,1,1
22457,7113.892054,5,f,4,2,0,1
22458,7166.196185,5,f,2,3,1,1
22461,7256.924498,5,f,0,4,2,1
22470,7943.943952,5,f,3,3,1,4
22472,8023.522962,5,f,2,5,1,3
22474,8112.514232,5,f,5,2,0,3
22478,8269.98961,5,f,2,5,1,2
22480,8372.026187,5,f,2,2,2,3
22483,8441.883184,5,f,1,4,2,2
22484,8519.011384,5,f,2,5,1,1
22490,8660.838889,5,f,1,4,2,1
22506,9358.104975,5,f,4,3,1,4
22507,9456.515436,5,f,3,5,1,3
22514,9654.207339,5,f,5,1,1,3
22515,9707.898794,5,f,3,5,1,2
22519,9798.801893,5,f,4,3,1,2
22521,9849.376184,5,f,5,1,1,2
22532,10074.915722,5,f,5,1,1,1
22535,10138.066744,5,f,0,5,3,1
22545,10493.815993,5,f,0,2,4,1
22551,10690.074185,5,f,6,1,1,5
22556,10867.206535,5,f,6,1,1,4
22568,11168.922678,5,f,3,1,3,4
22578,11345.784949,5,f,3,1,3,3
22580,11418.228546,5,f,2,3,3,2
22587,11502.180746,5,f,3,1,3,2
22595,11621.987773,5,f,2,3,3,1
22597,11673.762681,5,f,3,1,3,1
22612,12112.857977,5,f,0,1,5,1
22643,12688.69958,5,f,4,1,3,3
22687,13410.524445,5,f,1,1,5,1
22753,14411.266605,5,f,2,1,5,3
22768,14570.989093,5,f,2,1,5,2
22778,14717.540668,5,f,2,1,5,1
22851,15717.679971,5,f,3,1,5,3
22871,15872.737391,5,f,3,1,5,2
26466,3252.398791,5,e,1,3,0,2
26468,3352.334889,5,e,0,5,0,1
26474,4427.890314,5,e,3,1,0,4
26475,4478.928322,5,e,2,3,0,3
26476,4569.414188,5,e,1,5,0,2
26478,4688.555439,5,e,2,3,0,2
26480,4813.169161,5,e,1,5,0,1
26483,4901.843484,5,e,2,3,0,1
26484,4950.094333,5,e,3,1,0,1
26490,5650.272227,5,e,4,1,0,5
26491,5695.452876,5,e,3,3,0,4
26492,5778.211342,5,e,2,5,0,3
26494,5914.487322,5,e,3,3,0,3
26496,6027.255992,5,e,2,5,0,2
26499,6130.256894,5,e,3,3,0,2
26500,6188.41434,5,e,1,4,1,2
26501,6190.723029,5,e,4,1,0,2
26503,6280.093401,5,e,2,5,0,1
26505,6358.476257,5,e,3,3,0,1
26508,6409.734596,5,e,1,4,1,1
26512,6613.307606,5,e,0,3,2,1
26518,7070.196606,5,e,5,1,0,5
26521,7251.667709,5,e,5,1,0,4
26524,7352.187994,5,e,4,3,0,3
26525,7384.762066,5,e,2,4,1,3
26526,7427.928957,5,e,5,1,0,3
26530,7578.79228,5,e,4,3,0,2
26532,7613.010421,5,e,2,4,1,2
26540,7843.569431,5,e,2,4,1,1
26541,7859.511637,5,e,5,1,0,1
26542,7900.926434,5,e,0,5,2,1
26559,8512.91724,5,e,4,2,1,5
26561,8572.398527,5,e,3,4,1,4
26567,8808.359629,5,e,3,4,1,3
26569,8854.060794,5,e,6,1,0,3
26571,8946.814036,5,e,3,1,2,4
26574,8993.130494,5,e,2,3,2,3
26576,9041.687517,5,e,3,4,1,2
26580,9122.825217,5,e,3,1,2,3
26582,9199.601676,5,e,2,3,2,2
26585,9280.999992,5,e,3,1,2,2
26586,9284.05061,5,e,3,4,1,1
26595,9406.246945,5,e,2,3,2,1
26597,9456.661219,5,e,3,1,2,1
26599,9506.420508,5,e,0,4,3,1
26610,9875.811495,5,e,0,1,4,1
26619,10124.502139,5,e,5,2,1,4
26623,10206.571845,5,e,6,0,1,4
26629,10325.483774,5,e,5,2,1,3
26630,10364.661574,5,e,6,0,1,3
26642,10565.705742,5,e,6,0,1,2
26643,10579.096629,5,e,3,0,3,4
26645,10603.812448,5,e,2,2,3,3
26647,10670.554734,5,e,1,4,3,2
26655,10781.763276,5,e,5,2,1,1
26656,10787.577722,5,e,2,2,3,2
26657,10799.056552,5,e,6,0,1,1
26663,10857.50031,5,e,4,1,2,1
26665,10887.398305,5,e,1,4,3,1
26668,10967.206611,5,e,2,2,3,1
26671,11055.020593,5,e,1,1,4,2
26678,11195.306552,5,e,1,1,4,1
26718,11961.967256,5,e,3,2,3,3
26732,12147.25501,5,e,3,2,3,2
26772,12718.488521,5,e,0,2,5,1
26862,13835.719733,5,e,2,0,5,3
26866,13862.291876,5,e,1,2,5,2
26879,14031.059054,5,e,1,2,5,1
26962,14970.778196,5,e,3,0,5,4
26981,15132.334741,5,e,3,0,5,3
26999,15250.594819,5,e,3,0,5,2
27009,15384.223099,5,e,3,0,5,1
31552,3809.134676,6,e,3,0,0,4
31553,3838.489199,6,e,2,2,0,3
31554,3914.831087,6,e,1,4,0,2
31557,4026.238858,6,e,0,6,0,1
31559,4138.766268,6,e,1,4,0,1
31561,4241.516115,6,e,3,0,0,1
31567,5063.759135,6,e,3,2,0,4
31568,5132.0466,6,e,2,4,0,3
31569,5213.636436,6,e,4,0,0,4
31570,5234.743427,6,e,1,6,0,2
31571,5261.907773,6,e,3,2,0,3
31572,5345.971689,6,e,4,0,0,3
31573,5362.473569,6,e,2,4,0,2
31574,5453.630662,6,e,3,2,0,2
31577,5496.344957,6,e,1,6,0,1
31578,5547.670787,6,e,1,3,1,2
31579,5596.638826,6,e,2,4,0,1
31580,5643.719472,6,e,0,5,1,1
31582,5661.298805,6,e,3,2,0,1
31583,5684.076265,6,e,4,0,0,1
31588,6032.826112,6,e,1,0,2,1
31594,6489.47807,6,e,4,2,0,4
31595,6578.386889,6,e,3,4,0,3
31596,6604.633821,6,e,5,0,0,4
31597,6686.963193,6,e,4,2,0,3
31600,6741.597181,6,e,5,0,0,3
31601,6753.148387,6,e,2,3,1,3
31602,6814.865554,6,e,3,4,0,2
31603,6840.122491,6,e,1,5,1,2
31606,6920.323325,6,e,5,0,0,2
31607,6961.058501,6,e,2,3,1,2
31608,6971.536389,6,e,2,6,0,1
31610,7061.723788,6,e,3,4,0,1
31611,7080.95385,6,e,1,5,1,1
31612,7118.592071,6,e,4,2,0,1
31615,7170.867711,6,e,2,3,1,1
31618,7261.570099,6,e,0,4,2,1
31637,8028.233239,6,e,2,5,1,3
31639,8117.202912,6,e,5,2,0,3
31640,8154.786472,6,e,6,0,0,3
31644,8272.78276,6,e,4,4,0,2
31645,8274.702481,6,e,2,5,1,2
31647,8350.461559,6,e,3,0,2,4
31648,8361.893589,6,e,6,0,0,2
31649,8376.66073,6,e,2,2,2,3
31652,8446.533619,6,e,1,4,2,2
31655,8523.689027,6,e,2,5,1,1
31665,8665.48365,6,e,1,4,2,1
31681,9135.063736,6,e,4,3,1,5
31688,9362.782386,6,e,4,3,1,4
31697,9580.807745,6,e,4,3,1,3
31703,9715.068971,6,e,4,0,2,4
31708,9803.484948,6,e,4,3,1,2
31711,9849.425983,6,e,4,0,2,3
31712,9854.031547,6,e,5,1,1,2
31720,9985.365917,6,e,4,0,2,2
31729,10079.761815,6,e,5,1,1,1
31733,10142.68642,6,e,0,5,3,1
31735,10166.371318,6,e,4,0,2,1
31748,10498.370492,6,e,0,2,4,1
31757,10694.631957,6,e,6,1,1,5
31765,10871.764948,6,e,6,1,1,4
31784,11173.465335,6,e,3,1,3,4
31798,11350.309744,6,e,3,1,3,3
31802,11422.829689,6,e,2,3,3,2
31811,11506.712512,6,e,3,1,3,2
31813,11521.985146,6,e,6,1,1,1
31822,11626.589874,6,e,2,3,3,1
31825,11678.309561,6,e,3,1,3,1
31832,11765.287129,6,e,2,0,4,2
31837,11876.521738,6,e,2,0,4,1
31850,12117.346846,6,e,0,1,5,1
31894,12693.217701,6,e,4,1,3,3
32060,14415.749917,6,e,2,1,5,3
32080,14575.470283,6,e,2,1,5,2
32095,14722.017781,6,e,2,1,5,1
32205,15722.18445,6,e,3,1,5,3
32232,15877.191181,6,e,3,1,5,2
37404,3197.939755,6,f,2,1,0,3
37407,3357.060119,6,f,0,5,0,1
37411,4432.659435,6,f,3,1,0,4
37412,4483.644481,6,f,2,3,0,3
37413,4574.142737,6,f,1,5,0,2
37414,4607.553087,6,f,3,1,0,3
37415,4693.261611,6,f,2,3,0,2
37417,4817.891329,6,f,1,5,0,1
37419,4906.550261,6,f,2,3,0,1
37420,4954.854707,6,f,3,1,0,1
37421,4987.312428,6,f,0,4,1,1
37424,5655.063085,6,f,4,1,0,5
37425,5700.173994,6,f,3,3,0,4
37426,5782.943732,6,f,2,5,0,3
37427,5847.257551,6,f,4,1,0,4
37428,5919.194589,6,f,3,3,0,3
37429,6016.944975,6,f,4,1,0,3
37430,6031.978887,6,f,2,5,0,2
37432,6134.95996,6,f,3,3,0,2
37433,6193.099701,6,f,1,4,1,2
37434,6195.480065,6,f,4,1,0,2
37435,6284.812354,6,f,2,5,0,1
37436,6300.483468,6,f,0,6,1,1
37438,6363.181719,6,f,3,3,0,1
37439,6404.568391,6,f,4,1,0,1
37440,6414.41433,6,f,1,4,1,1
37443,6617.943967,6,f,0,3,2,1
37453,7356.888779,6,f,4,3,0,3
37454,7389.452422,6,f,2,4,1,3
37456,7488.425976,6,f,1,6,1,2
37459,7583.492567,6,f,4,3,0,2
37460,7617.691633,6,f,2,4,1,2
37461,7633.091894,6,f,5,1,0,2
37463,7746.824164,6,f,1,6,1,1
37468,7848.251975,6,f,2,4,1,1
37470,7905.581388,6,f,0,5,2,1
37485,8577.09686,6,f,3,4,1,4
37487,8668.997251,6,f,2,6,1,3
37491,8813.044905,6,f,3,4,1,3
37494,8931.94625,6,f,2,6,1,2
37495,8951.513876,6,f,3,1,2,4
37497,8997.777476,6,f,2,3,2,3
37499,9046.37674,6,f,3,4,1,2
37503,9127.502414,6,f,3,1,2,3
37504,9197.758892,6,f,2,6,1,1
37505,9204.237978,6,f,2,3,2,2
37508,9285.658881,6,f,3,1,2,2
37509,9288.716532,6,f,3,4,1,1
37516,9410.884029,6,f,2,3,2,1
37518,9461.334997,6,f,3,1,2,1
37537,10129.148549,6,f,5,2,1,4
37546,10330.14918,6,f,5,2,1,3
37560,10608.417771,6,f,2,2,3,3
37563,10675.1702,6,f,1,4,3,2
37571,10786.445007,6,f,5,2,1,1
37572,10792.170276,6,f,2,2,3,2
37578,10892.007857,6,f,1,4,3,1
37581,10971.798361,6,f,2,2,3,1
37584,11059.604106,6,f,1,1,4,2
37590,11199.875554,6,f,1,1,4,1
37627,11966.556415,6,f,3,2,3,3
37639,12151.843448,6,f,3,2,3,2
37676,12723.006726,6,f,0,2,5,1
37761,13866.81669,6,f,1,2,5,2
37773,14035.575476,6,f,1,2,5,1
42212,3843.98177,7,f,2,2,0,3
42213,3920.337961,7,f,1,4,0,2
42215,4031.76119,7,f,0,6,0,1
42221,5069.258143,7,f,3,2,0,4
42222,5137.558226,7,f,2,4,0,3
42223,5240.269582,7,f,1,6,0,2
42224,5267.388607,7,f,3,2,0,3
42225,5367.97401,7,f,2,4,0,2
42226,5459.107393,7,f,3,2,0,2
42228,5501.86301,7,f,1,6,0,1
42229,5553.126597,7,f,1,3,1,2
42230,5602.136976,7,f,2,4,0,1
42231,5649.191265,7,f,0,5,1,1
42233,5666.782911,7,f,3,2,0,1
42240,6494.961802,7,f,4,2,0,4
42241,6583.888822,7,f,3,4,0,3
42242,6692.435822,7,f,4,2,0,3
42245,6758.610185,7,f,2,3,1,3
42246,6820.360976,7,f,3,4,0,2
42247,6845.59931,7,f,1,5,1,2
42250,6963.073688,7,f,0,7,1,1
42251,6966.508335,7,f,2,3,1,2
42252,6977.051769,7,f,2,6,0,1
42254,7067.218349,7,f,3,4,0,1
42255,7086.42513,7,f,1,5,1,1
42256,7124.076031,7,f,4,2,0,1
42257,7176.317777,7,f,2,3,1,1
42260,7266.989917,7,f,0,4,2,1
42270,7918.44103,7,f,5,2,0,4
42273,8033.728485,7,f,2,5,1,3
42275,8122.673217,7,f,5,2,0,3
42276,8143.342047,7,f,1,7,1,2
42280,8278.247823,7,f,4,4,0,2
42281,8280.20062,7,f,2,5,1,2
42285,8417.743455,7,f,1,7,1,1
42287,8451.959073,7,f,1,4,2,2
42289,8529.146305,7,f,2,5,1,1
42296,8670.902492,7,f,1,4,2,1
42309,9140.54366,7,f,4,3,1,5
42315,9368.239308,7,f,4,3,1,4
42322,9586.256534,7,f,4,3,1,3
42332,9808.948507,7,f,4,3,1,2
42334,9859.49398,7,f,5,1,1,2
42349,10085.081815,7,f,5,1,1,1
42352,10148.075992,7,f,0,5,3,1
42364,10503.684011,7,f,0,2,4,1
42371,10700.165294,7,f,6,1,1,5
42378,10877.278779,7,f,6,1,1,4
42394,11178.920377,7,f,3,1,3,4
42397,11222.916709,7,f,2,3,3,3
42406,11355.736325,7,f,3,1,3,3
42410,11428.19764,7,f,2,3,3,2
42419,11512.115159,7,f,3,1,3,2
42420,11527.685243,7,f,6,1,1,1
42427,11631.958954,7,f,2,3,3,1
42430,11683.721521,7,f,3,1,3,1
42449,12122.63253,7,f,0,1,5,1
42489,12698.633076,7,f,4,1,3,3
42633,14421.098453,7,f,2,1,5,3
42649,14580.768532,7,f,2,1,5,2
42662,14727.320145,7,f,2,1,5,1
42758,15727.478437,7,f,3,1,5,3
42784,15882.503623,7,f,3,1,5,2
47587,3362.572835,7,e,0,5,0,1
47593,4438.065337,7,e,3,1,0,4
47594,4489.146611,7,e,2,3,0,3
47595,4579.659322,7,e,1,5,0,2
47596,4612.951636,7,e,3,1,0,3
47597,4698.752092,7,e,2,3,0,2
47598,4701.276611,7,e,0,7,0,1
47599,4775.273471,7,e,3,1,0,2
47600,4823.400474,7,e,1,5,0,1
47603,4912.041412,7,e,2,3,0,1
47604,4960.243854,7,e,3,1,0,1
47610,5660.456092,7,e,4,1,0,5
47611,5705.681905,7,e,3,3,0,4
47612,5788.464794,7,e,2,5,0,3
47614,5901.967459,7,e,1,7,0,2
47615,5924.686344,7,e,3,3,0,3
47617,6037.488877,7,e,2,5,0,2
47620,6140.446816,7,e,3,3,0,2
47621,6179.837558,7,e,1,7,0,1
47622,6198.565901,7,e,1,4,1,2
47625,6290.317745,7,e,2,5,0,1
47626,6305.966198,7,e,0,6,1,1
47628,6368.671371,7,e,3,3,0,1
47631,6419.873973,7,e,1,4,1,1
47635,6623.353005,7,e,0,3,2,1
47641,7080.342085,7,e,5,1,0,5
47645,7261.777177,7,e,5,1,0,4
47648,7362.372973,7,e,4,3,0,3
47650,7394.924446,7,e,2,4,1,3
47651,7438.037499,7,e,5,1,0,3
47653,7493.9091,7,e,1,6,1,2
47656,7588.97618,7,e,4,3,0,2
47658,7623.152997,7,e,2,4,1,2
47662,7752.298492,7,e,1,6,1,1
47666,7818.754228,7,e,1,3,2,2
47667,7833.397589,7,e,3,5,0,1
47668,7853.714907,7,e,2,4,1,1
47669,7869.648089,7,e,5,1,0,1
47670,7911.012117,7,e,0,5,2,1
47691,8582.57819,7,e,3,4,1,4
47693,8674.488127,7,e,2,6,1,3
47698,8818.511011,7,e,3,4,1,3
47701,8864.177123,7,e,6,1,0,3
47703,8937.425559,7,e,2,6,1,2
47704,8956.841688,7,e,3,1,2,4
47707,9003.198899,7,e,2,3,2,3
47709,9051.847488,7,e,3,4,1,2
47713,9132.829431,7,e,3,1,2,3
47717,9203.249931,7,e,2,6,1,1
47718,9209.646946,7,e,2,3,2,2
47721,9290.977476,7,e,3,1,2,2
47722,9294.160184,7,e,3,4,1,1
47731,9416.293918,7,e,2,3,2,1
47734,9466.664535,7,e,3,1,2,1
47760,10134.565458,7,e,5,2,1,4
47764,10216.575447,7,e,6,0,1,4
47770,10335.591089,7,e,5,2,1,3
47773,10374.717422,7,e,6,0,1,3
47786,10575.81711,7,e,6,0,1,2
47795,10680.554857,7,e,1,4,3,2
47804,10791.902458,7,e,5,2,1,1
47805,10797.527645,7,e,2,2,3,2
47806,10808.803505,7,e,6,0,1,1
47812,10867.557724,7,e,4,1,2,1
47814,10897.385622,7,e,1,4,3,1
47818,10977.155287,7,e,2,2,3,1
47822,11064.871587,7,e,1,1,4,2
47829,11205.139423,7,e,1,1,4,1
47879,11971.910882,7,e,3,2,3,3
47897,12157.196528,7,e,3,2,3,2
47921,12376.90889,7,e,4,0,3,1
47944,12728.277932,7,e,0,2,5,1
48057,13872.095609,7,e,1,2,5,2
48072,14040.84458,7,e,1,2,5,1
48175,14980.591844,7,e,3,0,5,4
48200,15142.097319,7,e,3,0,5,3
48220,15260.324791,7,e,3,0,5,2
48234,15393.989547,7,e,3,0,5,1
53992,3820.886989,8,e,3,0,0,4
53993,3850.259169,8,e,2,2,0,3
53994,3926.631458,8,e,1,4,0,2
53997,4038.072355,8,e,0,6,0,1
54001,4253.245514,8,e,3,0,0,1
54007,5075.543143,8,e,3,2,0,4
54008,5143.857151,8,e,2,4,0,3
54009,5225.339142,8,e,4,0,0,4
54010,5246.585113,8,e,1,6,0,2
54011,5273.652452,8,e,3,2,0,3
54012,5357.632788,8,e,4,0,0,3
54013,5374.260158,8,e,2,4,0,2
54014,5377.442731,8,e,0,8,0,1
54015,5465.366239,8,e,3,2,0,2
54018,5508.169287,8,e,1,6,0,1
54020,5608.420509,8,e,2,4,0,1
54021,5655.444674,8,e,0,5,1,1
54023,5673.04979,8,e,3,2,0,1
54024,5695.814674,8,e,4,0,0,1
54029,6044.343667,8,e,1,0,2,1
54035,6501.229154,8,e,4,2,0,4
54037,6590.176672,8,e,3,4,0,3
54038,6616.286193,8,e,5,0,0,4
54039,6698.690066,8,e,4,2,0,3
54042,6753.266543,8,e,5,0,0,3
54043,6764.852164,8,e,2,3,1,3
54044,6826.641388,8,e,3,4,0,2
54045,6851.858461,8,e,1,5,1,2
54050,6969.348739,8,e,0,7,1,1
54051,6972.73665,8,e,2,3,1,2
54052,6983.354983,8,e,2,6,0,1
54054,7073.497769,8,e,3,4,0,1
54055,7092.677963,8,e,1,5,1,1
54059,7182.546359,8,e,2,3,1,1
54062,7273.183927,8,e,0,4,2,1
54078,7924.695578,8,e,5,2,0,4
54082,8040.008665,8,e,2,5,1,3
54085,8128.924497,8,e,5,2,0,3
54086,8149.623292,8,e,1,7,1,2
54087,8166.472584,8,e,6,0,0,3
54091,8284.493736,8,e,4,4,0,2
54092,8286.483939,8,e,2,5,1,2
54093,8350.220061,8,e,5,2,0,2
54096,8373.613157,8,e,6,0,0,2
54099,8424.01568,8,e,1,7,1,1
54101,8458.159519,8,e,1,4,2,2
54104,8535.383232,8,e,2,5,1,1
54114,8677.095393,8,e,1,4,2,1
54131,9146.806322,8,e,4,3,1,5
54140,9374.475713,8,e,4,3,1,4
54150,9592.483652,8,e,4,3,1,3
54157,9726.605423,8,e,4,0,2,4
54162,9815.192527,8,e,4,3,1,2
54167,9860.869152,8,e,4,0,2,3
54168,9865.691915,8,e,5,1,1,2
54177,9996.882103,8,e,4,0,2,2
54186,10091.59345,8,e,5,1,1,1
54191,10154.235436,8,e,0,5,3,1
54193,10177.952038,8,e,4,0,2,1
54208,10509.756564,8,e,0,2,4,1
54217,10706.20424,8,e,6,1,1,5
54227,10883.322147,8,e,6,1,1,4
54249,11184.949803,8,e,3,1,3,4
54253,11229.066861,8,e,2,3,3,3
54267,11361.743614,8,e,3,1,3,3
54272,11434.332375,8,e,2,3,3,2
54281,11518.13715,8,e,3,1,3,2
54283,11533.390852,8,e,6,1,1,1
54293,11638.094994,8,e,2,3,3,1
54297,11689.765098,8,e,3,1,3,1
54304,11776.611494,8,e,2,0,4,2
54309,11887.864337,8,e,2,0,4,1
54324,12128.609005,8,e,0,1,5,1
54376,12704.631879,8,e,4,1,3,3
54571,14427.055248,8,e,2,1,5,3
54594,14586.731053,8,e,2,1,5,2
54610,14733.275629,8,e,2,1,5,1
54743,15733.477889,8,e,3,1,5,3
54774,15888.421209,8,e,3,1,5,2
61082,3209.709724,8,f,2,1,0,3
61085,3368.873012,8,f,0,5,0,1
61089,4444.451751,8,f,3,1,0,4
61090,4495.434683,8,f,2,3,0,3
61091,4585.963916,8,f,1,5,0,2
61093,4705.026857,8,f,2,3,0,2
61094,4707.598629,8,f,0,7,0,1
61096,4829.69657,8,f,1,5,0,1
61098,4918.316901,8,f,2,3,0,1
61099,4966.619887,8,f,3,1,0,1
61103,5666.878191,8,f,4,1,0,5
61104,5711.976583,8,f,3,3,0,4
61105,5794.774502,8,f,2,5,0,3
61107,5908.293767,8,f,1,7,0,2
61108,5930.962562,8,f,3,3,0,3
61109,6028.669961,8,f,4,1,0,3
61110,6043.785935,8,f,2,5,0,2
61112,6146.717438,8,f,3,3,0,2
61113,6186.153775,8,f,1,7,0,1
61114,6204.812915,8,f,1,4,1,2
61115,6207.226232,8,f,4,1,0,2
61116,6296.609547,8,f,2,5,0,1
61117,6312.232111,8,f,0,6,1,1
61119,6374.945189,8,f,3,3,0,1
61120,6416.346704,8,f,4,1,0,1
61121,6426.1135,8,f,1,4,1,1
61124,6629.534697,8,f,0,3,2,1
61135,7368.64055,8,f,4,3,0,3
61137,7401.178112,8,f,2,4,1,3
61139,7500.175486,8,f,1,6,1,2
61142,7595.243093,8,f,4,3,0,2
61143,7626.815451,8,f,0,8,1,1
61144,7629.394488,8,f,2,4,1,2
61145,7644.851007,8,f,5,1,0,2
61148,7758.554834,8,f,1,6,1,1
61152,7839.666105,8,f,3,5,0,1
61153,7859.958208,8,f,2,4,1,1
61154,7876.105933,8,f,5,1,0,1
61155,7917.218597,8,f,0,5,2,1
61172,8588.842489,8,f,3,4,1,4
61179,8824.757923,8,f,3,4,1,3
61183,8943.687564,8,f,2,6,1,2
61184,8963.135245,8,f,3,1,2,4
61186,9009.394736,8,f,2,3,2,3
61188,9058.099759,8,f,3,4,1,2
61193,9139.088334,8,f,3,1,2,3
61196,9209.524943,8,f,2,6,1,1
61197,9215.828558,8,f,2,3,2,2
61200,9297.209749,8,f,3,1,2,2
61201,9300.381598,8,f,3,4,1,1
61208,9422.476593,8,f,2,3,2,1
61211,9472.917811,8,f,3,1,2,1
61233,10140.762825,8,f,5,2,1,4
61243,10341.811712,8,f,5,2,1,3
61257,10558.317358,8,f,5,2,1,2
61266,10686.70868,8,f,1,4,3,2
61274,10798.147614,8,f,5,2,1,1
61281,10903.531579,8,f,1,4,3,1
61285,10983.277562,8,f,2,2,3,1
61288,11070.996835,8,f,1,1,4,2
61295,11211.24303,8,f,1,1,4,1
61340,11978.030824,8,f,3,2,3,3
61357,12163.314368,8,f,3,2,3,2
61398,12734.302075,8,f,0,2,5,1
61502,13878.128615,8,f,1,2,5,2
61516,14046.866373,8,f,1,2,5,1
67132,3857.320746,9,f,2,2,0,3
67133,3933.711549,9,f,1,4,0,2
67135,4045.172327,9,f,0,6,0,1
67141,5082.612873,9,f,3,2,0,4
67142,5150.943344,9,f,2,4,0,3
67143,5253.68999,9,f,1,6,0,2
67144,5280.699011,9,f,3,2,0,3
67145,5381.331983,9,f,2,4,0,2
67146,5384.566963,9,f,0,8,0,1
67147,5472.40769,9,f,3,2,0,2
67149,5515.26376,9,f,1,6,0,1
67151,5615.489398,9,f,2,4,0,1
67152,5662.479672,9,f,0,5,1,1
67154,5680.100901,9,f,3,2,0,1
67163,6597.250406,9,f,3,4,0,3
67164,6705.726187,9,f,4,2,0,3
67168,6833.70676,9,f,3,4,0,2
67169,6858.899914,9,f,1,5,1,2
67173,6976.408089,9,f,0,7,1,1
67174,6979.743416,9,f,2,3,1,2
67175,6990.446002,9,f,2,6,0,1
67177,7080.562017,9,f,3,4,0,1
67178,7099.712327,9,f,1,5,1,1
67180,7189.553432,9,f,2,3,1,1
67183,7280.152103,9,f,0,4,2,1
67194,7931.732121,9,f,5,2,0,4
67197,8047.073741,9,f,2,5,1,3
67200,8135.957773,9,f,5,2,0,3
67201,8156.689599,9,f,1,7,1,2
67205,8291.520535,9,f,4,4,0,2
67207,8293.552343,9,f,2,5,1,2
67208,8357.260128,9,f,5,2,0,2
67211,8397.897095,9,f,3,3,1,2
67212,8431.071856,9,f,1,7,1,1
67214,8465.13493,9,f,1,4,2,2
67216,8542.39982,9,f,2,5,1,1
67223,8684.062329,9,f,1,4,2,1
67237,9153.851678,9,f,4,3,1,5
67244,9381.491572,9,f,4,3,1,4
67253,9599.489085,9,f,4,3,1,3
67257,9677.48044,9,f,5,1,1,3
67264,9822.217075,9,f,4,3,1,2
67268,9872.724786,9,f,5,1,1,2
67283,10098.375818,9,f,5,1,1,1
67287,10161.164726,9,f,0,5,3,1
67300,10516.588064,9,f,0,2,4,1
67308,10713.360957,9,f,6,1,1,5
67316,10890.449917,9,f,6,1,1,4
67335,11191.993897,9,f,3,1,3,4
67339,11235.985685,9,f,2,3,3,3
67351,11368.749399,9,f,3,1,3,3
67355,11441.233868,9,f,2,3,3,2
67364,11525.105971,9,f,3,1,3,2
67365,11540.840089,9,f,6,1,1,1
67373,11644.997976,9,f,2,3,3,1
67376,11696.744432,9,f,3,1,3,1
67398,12135.414362,9,f,0,1,5,1
67446,12711.622539,9,f,4,1,3,3
67614,14433.951597,9,f,2,1,5,3
67633,14593.556746,9,f,2,1,5,2
67648,14740.108487,9,f,2,1,5,1
67765,15740.291494,9,f,3,1,5,3
67794,15895.2744,9,f,3,1,5,2
73671,3375.960622,9,e,0,5,0,1
73677,4451.370769,9,e,3,1,0,4
73678,4502.508668,9,e,2,3,0,3
73679,4593.05649,9,e,1,5,0,2
73680,4626.208344,9,e,3,1,0,3
73681,4712.08588,9,e,2,3,0,2
73682,4714.710808,9,e,0,7,0,1
73684,4836.779592,9,e,1,5,0,1
73687,4925.376686,9,e,2,3,0,1
73688,4973.51608,9,e,3,1,0,1
73695,5719.057997,9,e,3,3,0,4
73696,5801.872825,9,e,2,5,0,3
73698,5915.410766,9,e,1,7,0,2
73699,5938.023212,9,e,3,3,0,3
73701,6050.870034,9,e,2,5,0,2
73702,6054.731969,9,e,0,9,0,1
73705,6153.771797,9,e,3,3,0,2
73706,6193.259429,9,e,1,7,0,1
73707,6211.840713,9,e,1,4,1,2
73710,6303.687733,9,e,2,5,0,1
73711,6319.281178,9,e,0,6,1,1
73713,6382.003142,9,e,3,3,0,1
73720,6636.489016,9,e,0,3,2,1
73731,7274.99693,9,e,5,1,0,4
73734,7375.691481,9,e,4,3,0,3
73736,7408.21339,9,e,2,4,1,3
73737,7451.256113,9,e,5,1,0,3
73739,7507.22512,9,e,1,6,1,2
73743,7602.293275,9,e,4,3,0,2
73745,7633.88923,9,e,0,8,1,1
73746,7636.416081,9,e,2,4,1,2
73750,7765.593177,9,e,1,6,1,1
73755,7846.718064,9,e,3,5,0,1
73756,7866.98186,9,e,2,4,1,1
73757,7882.903269,9,e,5,1,0,1
73758,7924.200801,9,e,0,5,2,1
73780,8595.889725,9,e,3,4,1,4
73789,8831.785614,9,e,3,4,1,3
73792,8877.405677,9,e,6,1,0,3
73794,8950.732238,9,e,2,6,1,2
73795,8969.954414,9,e,3,1,2,4
73798,9016.364957,9,e,2,3,2,3
73801,9065.133545,9,e,3,4,1,2
73806,9145.913656,9,e,3,1,2,3
73810,9216.583775,9,e,2,6,1,1
73811,9222.782786,9,e,2,3,2,2
73814,9304.024715,9,e,3,1,2,2
73815,9307.380809,9,e,3,4,1,1
73824,9429.432031,9,e,2,3,2,1
73827,9479.745612,9,e,3,1,2,1
73856,10147.723851,9,e,5,2,1,4
73861,10229.656874,9,e,6,0,1,4
73868,10348.807156,9,e,5,2,1,3
73871,10387.867275,9,e,6,0,1,3
73885,10565.344769,9,e,5,2,1,2
73887,10589.03956,9,e,6,0,1,2
73890,10626.839161,9,e,2,2,3,3
73896,10693.63164,9,e,1,4,3,2
73906,10805.160421,9,e,5,2,1,1
73908,10821.632223,9,e,6,0,1,1
73914,10880.706863,9,e,4,1,2,1
73916,10910.445706,9,e,1,4,3,1
73920,10990.164838,9,e,2,2,3,1
73924,11077.753353,9,e,1,1,4,2
73933,11217.997546,9,e,1,1,4,1
73971,11766.924359,9,e,4,0,3,5
73990,11984.916344,9,e,3,2,3,3
74011,12170.196708,9,e,3,2,3,2
74037,12389.910728,9,e,4,0,3,1
74061,12741.079201,9,e,0,2,5,1
74191,13884.915702,9,e,1,2,5,2
74208,14053.640784,9,e,1,2,5,1
74329,14993.424636,9,e,3,0,5,4
74356,15154.863955,9,e,3,0,5,3
74378,15273.048491,9,e,3,0,5,2
74393,15406.760911,9,e,3,0,5,1
81232,3835.772706,10,e,3,0,0,4
81233,3865.167455,10,e,2,2,0,3
81234,3941.578202,10,e,1,4,0,2
81235,3985.394911,10,e,3,0,0,3
81237,4053.061072,10,e,0,6,0,1
81247,5090.469263,10,e,3,2,0,4
81248,5158.81677,10,e,2,4,0,3
81249,5240.162043,10,e,4,0,0,4
81250,5261.584179,10,e,1,6,0,2
81251,5288.528677,10,e,3,2,0,3
81252,5372.403189,10,e,4,0,0,3
81253,5389.189455,10,e,2,4,0,2
81254,5392.48266,10,e,0,8,0,1
81255,5480.230891,10,e,3,2,0,2
81258,5523.146397,10,e,1,6,0,1
81260,5623.343613,10,e,2,4,0,1
81261,5670.296229,10,e,0,5,1,1
81263,5687.933836,10,e,3,2,0,1
81264,5710.68325,10,e,4,0,0,1
81269,6058.932277,10,e,1,0,2,1
81270,6283.279985,10,e,5,0,0,6
81271,6305.287869,10,e,4,2,0,5
81277,6605.109993,10,e,3,4,0,3
81278,6631.045421,10,e,5,0,0,4
81279,6713.543687,10,e,4,2,0,3
81285,6841.55706,10,e,3,4,0,2
81286,6866.723636,10,e,1,5,1,2
81291,6984.25171,10,e,0,7,1,1
81292,6987.528605,10,e,2,3,1,2
81293,6998.32479,10,e,2,6,0,1
81295,7088.411059,10,e,3,4,0,1
81296,7107.528196,10,e,1,5,1,1
81297,7145.224823,10,e,4,2,0,1
81300,7197.338967,10,e,2,3,1,1
81303,7287.894414,10,e,0,4,2,1
81320,7939.549949,10,e,5,2,0,4
81323,8053.494329,10,e,4,4,0,3
81324,8054.923668,10,e,2,5,1,3
81327,8143.771335,10,e,5,2,0,3
81328,8164.540937,10,e,1,7,1,2
81329,8181.274879,10,e,6,0,0,3
81334,8299.328254,10,e,4,4,0,2
81336,8301.405736,10,e,2,5,1,2
81337,8365.079521,10,e,5,2,0,2
81340,8388.458049,10,e,6,0,0,2
81341,8402.924103,10,e,2,2,2,3
81342,8405.685507,10,e,3,3,1,2
81343,8438.911956,10,e,1,7,1,1
81345,8472.885273,10,e,1,4,2,2
81348,8550.196081,10,e,2,5,1,1
81353,8628.258485,10,e,6,0,0,1
81358,8691.803272,10,e,1,4,2,1
81376,9161.679684,10,e,4,3,1,5
81385,9389.286848,10,e,4,3,1,4
81397,9607.272775,10,e,4,3,1,3
81405,9741.217742,10,e,4,0,2,4
81411,9830.021985,10,e,4,3,1,2
81416,9875.36724,10,e,4,0,2,3
81417,9880.457814,10,e,5,1,1,2
81426,10011.469078,10,e,4,0,2,2
81435,10106.57136,10,e,5,1,1,1
81440,10168.863834,10,e,0,5,3,1
81442,10192.619853,10,e,4,0,2,1
81458,10524.178579,10,e,0,2,4,1
81469,10720.862041,10,e,6,1,1,5
81479,10897.960955,10,e,6,1,1,4
81504,11199.49634,10,e,3,1,3,4
81510,11243.673146,10,e,2,3,3,3
81524,11376.226554,10,e,3,1,3,3
81530,11448.902088,10,e,2,3,3,2
81539,11532.608065,10,e,3,1,3,2
81541,11547.844732,10,e,6,1,1,1
81551,11652.667875,10,e,2,3,3,1
81555,11704.275232,10,e,3,1,3,1
81564,11790.955317,10,e,2,0,4,2
81568,11902.231024,10,e,2,0,4,1
81586,12142.874062,10,e,0,1,5,1
81645,12719.089484,10,e,4,1,3,3
81860,14441.372372,10,e,2,1,5,3
81885,14600.994429,10,e,2,1,5,2
81903,14747.53531,10,e,2,1,5,1
82054,15747.783052,10,e,3,1,5,3
82088,15902.645293,10,e,3,1,5,2
89405,3383.835635,10,f,0,5,0,1
89409,4459.38818,10,f,3,1,0,4
89410,4510.368533,10,f,2,3,0,3
89411,4600.937012,10,f,1,5,0,2
89414,4722.613115,10,f,0,7,0,1
89415,4796.479459,10,f,3,1,0,2
89416,4844.649508,10,f,1,5,0,1
89418,4933.220722,10,f,2,3,0,1
89419,4981.522197,10,f,3,1,0,1
89423,5681.843433,10,f,4,1,0,5
89424,5726.926113,10,f,3,3,0,4
89425,5809.759727,10,f,2,5,0,3
89426,5873.899432,10,f,4,1,0,4
89427,5923.318424,10,f,1,7,0,2
89428,5945.868263,10,f,3,3,0,3
89429,6043.521257,10,f,4,1,0,3
89430,6058.74114,10,f,2,5,0,2
89431,6062.660879,10,f,0,9,0,1
89433,6161.609863,10,f,3,3,0,2
89434,6201.154487,10,f,1,7,0,1
89435,6219.649264,10,f,1,4,1,2
89436,6222.10445,10,f,4,1,0,2
89437,6311.552269,10,f,2,5,0,1
89438,6327.113372,10,f,0,6,1,1
89440,6389.845204,10,f,3,3,0,1
89441,6431.265688,10,f,4,1,0,1
89445,6644.215932,10,f,0,3,2,1
89452,7163.163922,10,f,4,3,0,4
89457,7383.525734,10,f,4,3,0,3
89459,7416.030245,10,f,2,4,1,3
89460,7459.264574,10,f,5,1,0,3
89461,7515.05798,10,f,1,6,1,2
89465,7610.126697,10,f,4,3,0,2
89466,7641.748877,10,f,0,8,1,1
89467,7644.217743,10,f,2,4,1,2
89468,7659.745665,10,f,5,1,0,2
89471,7773.413505,10,f,1,6,1,1
89475,7854.553436,10,f,3,5,0,1
89476,7874.785842,10,f,2,4,1,1
89477,7891.036694,10,f,5,1,0,1
89478,7931.9587,10,f,0,5,2,1
89496,8603.719863,10,f,3,4,1,4
89504,8839.594055,10,f,3,4,1,3
89509,8958.559553,10,f,2,6,1,2
89510,8977.855147,10,f,3,1,2,4
89512,9024.10953,10,f,2,3,2,3
89515,9072.948839,10,f,3,4,1,2
89520,9153.764858,10,f,3,1,2,3
89523,9224.426265,10,f,2,6,1,1
89524,9230.509601,10,f,2,3,2,2
89527,9311.840547,10,f,3,1,2,2
89528,9315.157855,10,f,3,4,1,1
89535,9437.160207,10,f,2,3,2,1
89538,9487.589139,10,f,3,1,2,1
89540,9537.152498,10,f,0,4,3,1
89555,9951.246061,10,f,5,2,1,5
89563,10155.474925,10,f,5,2,1,4
89574,10356.583282,10,f,5,2,1,3
89591,10573.170576,10,f,5,2,1,2
89600,10701.323705,10,f,1,4,3,2
89609,10812.972394,10,f,5,2,1,1
89616,10918.127976,10,f,1,4,3,1
89620,10997.81761,10,f,2,2,3,1
89623,11085.42722,10,f,1,1,4,2
89631,11225.641526,10,f,1,1,4,1
89684,11992.567633,10,f,3,2,3,3
89702,12177.843898,10,f,3,2,3,2
89747,12748.609166,10,f,0,2,5,1
89865,13892.456821,10,f,1,2,5,2
89880,14061.167863,10,f,1,2,5,1
96536,3873.797764,11,f,2,2,0,3
96537,3950.231379,11,f,1,4,0,2
96539,4061.738556,11,f,0,6,0,1
96545,5099.1093,11,f,3,2,0,4
96546,5167.477391,11,f,2,4,0,3
96547,5270.267643,11,f,1,6,0,2
96548,5297.140769,11,f,3,2,0,3
96549,5397.832537,11,f,2,4,0,2
96550,5401.189786,11,f,0,8,0,1
96551,5488.837059,11,f,3,2,0,2
96553,5531.817163,11,f,1,6,0,1
96554,5582.742833,11,f,1,3,1,2
96555,5631.983119,11,f,2,4,0,1
96556,5678.89431,11,f,0,5,1,1
96558,5696.552157,11,f,3,2,0,1
96562,6313.937879,11,f,4,2,0,5
96567,6613.755393,11,f,3,4,0,3
96568,6722.143236,11,f,4,2,0,3
96573,6850.192253,11,f,3,4,0,2
96574,6875.329592,11,f,1,5,1,2
96578,6992.87957,11,f,0,7,1,1
96579,6996.092182,11,f,2,3,1,2
96580,7006.99131,11,f,2,6,0,1
96582,7097.044855,11,f,3,4,0,1
96583,7116.125541,11,f,1,5,1,1
96585,7205.902931,11,f,2,3,1,1
96588,7296.410828,11,f,0,4,2,1
96600,7948.150043,11,f,5,2,0,4
96602,8062.106725,11,f,4,4,0,3
96603,8063.558399,11,f,2,5,1,3
96606,8152.367686,11,f,5,2,0,3
96607,8173.17727,11,f,1,7,1,2
96612,8307.916926,11,f,4,4,0,2
96614,8310.044015,11,f,2,5,1,2
96615,8373.684779,11,f,5,2,0,2
96617,8411.420751,11,f,2,2,2,3
96619,8447.535952,11,f,1,7,1,1
96621,8481.410513,11,f,1,4,2,2
96623,8558.77203,11,f,2,5,1,1
96630,8700.318191,11,f,1,4,2,1
96645,9170.290277,11,f,4,3,1,5
96652,9397.861508,11,f,4,3,1,4
96662,9615.834742,11,f,4,3,1,3
96669,9747.64381,11,f,3,5,1,2
96675,9838.607533,11,f,4,3,1,2
96679,9889.068475,11,f,5,1,1,2
96694,10114.797638,11,f,5,1,1,1
96698,10177.332729,11,f,0,5,3,1
96712,10532.527931,11,f,0,2,4,1
96721,10729.660853,11,f,6,1,1,5
96730,10906.719746,11,f,6,1,1,4
96744,11095.130611,11,f,6,1,1,3
96752,11208.142922,11,f,3,1,3,4
96757,11252.129209,11,f,2,3,3,3
96769,11384.823964,11,f,3,1,3,3
96774,11457.337003,11,f,2,3,3,2
96783,11541.152911,11,f,3,1,3,2
96784,11557.094454,11,f,6,1,1,1
96792,11661.104667,11,f,2,3,3,1
96795,11712.831268,11,f,3,1,3,1
96820,12151.203254,11,f,0,1,5,1
96874,12727.667578,11,f,4,1,3,3
97060,14449.825182,11,f,2,1,5,3
97081,14609.35351,11,f,2,1,5,2
97097,14755.905532,11,f,2,1,5,1
97231,15756.118888,11,f,3,1,5,3
97262,15911.049497,11,f,3,1,5,2
104085,3392.498015,11,e,0,5,0,1
104091,4467.806317,11,e,3,1,0,4
104092,4519.014239,11,e,2,3,0,3
104093,4609.605443,11,e,1,5,0,2
104096,4731.305516,11,e,0,7,0,1
104097,4804.89012,11,e,3,1,0,2
104098,4853.306284,11,e,1,5,0,1
104101,4941.848963,11,e,2,3,0,1
104102,4989.910831,11,e,3,1,0,1
104109,5735.580888,11,e,3,3,0,4
104110,5818.435169,11,e,2,5,0,3
104112,5932.016701,11,e,1,7,0,2
104113,5954.497676,11,e,3,3,0,3
104115,6067.399217,11,e,2,5,0,2
104116,6071.382538,11,e,0,9,0,1
104119,6170.231598,11,e,3,3,0,2
104120,6209.838913,11,e,1,7,0,1
104121,6228.23853,11,e,1,4,1,2
104122,6230.460355,11,e,4,1,0,2
104124,6320.20312,11,e,2,5,0,1
104125,6335.728658,11,e,0,6,1,1
104127,6398.471329,11,e,3,3,0,1
104134,6652.715412,11,e,0,3,2,1
104142,7171.797371,11,e,4,3,0,4
104145,7291.326715,11,e,5,1,0,4
104148,7392.143271,11,e,4,3,0,3
104151,7424.628639,11,e,2,4,1,3
104152,7467.5846,11,e,5,1,0,3
104154,7523.674046,11,e,1,6,1,2
104158,7618.743316,11,e,4,3,0,2
104160,7650.394356,11,e,0,8,1,1
104161,7652.799443,11,e,2,4,1,2
104165,7782.015802,11,e,1,6,1,1
104170,7863.172155,11,e,3,5,0,1
104171,7883.370127,11,e,2,4,1,1
104172,7899.277037,11,e,5,1,0,1
104173,7940.492258,11,e,0,5,2,1
104196,8612.332865,11,e,3,4,1,4
104205,8848.183213,11,e,3,4,1,3
104208,8893.746079,11,e,6,1,0,3
104212,8967.169478,11,e,2,6,1,2
104213,8986.151932,11,e,3,1,2,4
104216,9032.628415,11,e,2,3,2,3
104219,9081.545635,11,e,3,4,1,2
104224,9162.07965,11,e,3,1,2,3
104228,9233.052251,11,e,2,6,1,1
104229,9239.008969,11,e,2,3,2,2
104232,9320.141519,11,e,3,1,2,2
104233,9323.712775,11,e,3,4,1,1
104242,9445.661093,11,e,2,3,2,1
104244,9495.904301,11,e,3,1,2,1
104267,9959.811373,11,e,5,2,1,5
104274,10116.56449,11,e,7,1,0,4
104277,10163.976254,11,e,5,2,1,4
104282,10245.815964,11,e,6,0,1,4
104289,10365.131138,11,e,5,2,1,3
104292,10404.111055,11,e,6,0,1,3
104308,10581.752613,11,e,5,2,1,2
104310,10605.373005,11,e,6,0,1,2
104319,10709.78484,11,e,1,4,3,2
104329,10821.536274,11,e,5,2,1,1
104331,10837.560112,11,e,6,0,1,1
104337,10896.946144,11,e,4,1,2,1
104340,10926.578359,11,e,1,4,3,1
104348,11093.665649,11,e,1,1,4,2
104357,11233.880725,11,e,1,1,4,1
104399,11783.049176,11,e,4,0,3,5
104421,12000.984669,11,e,3,2,3,3
104443,12186.255337,11,e,3,2,3,2
104469,12405.97127,11,e,4,0,3,1
104496,12756.892112,11,e,0,2,5,1
104638,13900.752009,11,e,1,2,5,2
104656,14069.447463,11,e,1,2,5,1
104791,15009.276221,11,e,3,0,5,4
104820,15170.634909,11,e,3,0,5,3
104843,15288.765834,11,e,3,0,5,2
104860,15422.537079,11,e,3,0,5,1
112647,3853.791439,12,e,3,0,0,4
112648,3883.213815,12,e,2,2,0,3
112649,3959.671042,12,e,1,4,0,2
112652,4071.204739,12,e,0,6,0,1
112654,4183.550916,12,e,1,4,0,1
112656,4286.087134,12,e,3,0,0,1
112662,5108.537288,12,e,3,2,0,4
112663,5176.925165,12,e,2,4,0,3
112664,5258.104766,12,e,4,0,0,4
112665,5279.740341,12,e,1,6,0,2
112666,5306.536188,12,e,3,2,0,3
112667,5390.282663,12,e,4,0,0,3
112668,5407.261191,12,e,2,4,0,2
112669,5410.688302,12,e,0,8,0,1
112670,5498.224326,12,e,3,2,0,2
112673,5541.27602,12,e,1,6,0,1
112675,5641.40788,12,e,2,4,0,1
112676,5688.273877,12,e,0,5,1,1
112678,5705.950564,12,e,3,2,0,1
112679,5728.681941,12,e,4,0,0,1
112683,6018.667836,12,e,0,2,2,1
112684,6076.591734,12,e,1,0,2,1
112685,6301.352407,12,e,5,0,0,6
112686,6323.378641,12,e,4,2,0,5
112692,6623.186566,12,e,3,4,0,3
112693,6648.911192,12,e,5,0,0,4
112694,6731.523759,12,e,4,2,0,3
112699,6797.621241,12,e,2,3,1,3
112700,6859.612299,12,e,3,4,0,2
112701,6884.717742,12,e,1,5,1,2
112706,7002.291633,12,e,0,7,1,1
112707,7005.43411,12,e,2,3,1,2
112708,7016.445519,12,e,2,6,0,1
112710,7106.463363,12,e,3,4,0,1
112711,7125.504329,12,e,1,5,1,1
112715,7215.245287,12,e,2,3,1,1
112718,7305.701307,12,e,0,4,2,1
112735,7957.530877,12,e,5,2,0,4
112738,8071.501942,12,e,4,4,0,3
112739,8072.977883,12,e,2,5,1,3
112743,8161.74307,12,e,5,2,0,3
112744,8182.598557,12,e,1,7,1,2
112745,8199.193276,12,e,6,0,0,3
112750,8317.286574,12,e,4,4,0,2
112752,8319.467075,12,e,2,5,1,2
112753,8383.066236,12,e,5,2,0,2
112755,8394.466626,12,e,3,0,2,4
112756,8406.428339,12,e,6,0,0,2
112757,8420.691363,12,e,2,2,2,3
112759,8456.943809,12,e,1,7,1,1
112761,8490.71061,12,e,1,4,2,2
112764,8568.127678,12,e,2,5,1,1
112768,8628.990892,12,e,5,2,0,1
112769,8646.251184,12,e,6,0,0,1
112774,8709.607053,12,e,1,4,2,1
112792,9179.683419,12,e,4,3,1,5
112802,9407.215502,12,e,4,3,1,4
112807,9505.744181,12,e,3,5,1,3
112815,9625.174857,12,e,4,3,1,3
112821,9702.787916,12,e,5,1,1,3
112823,9756.995069,12,e,3,5,1,2
112824,9758.90556,12,e,4,0,2,4
112830,9847.973188,12,e,4,3,1,2
112835,9892.921827,12,e,4,0,2,3
112845,10029.126706,12,e,4,0,2,2
112854,10124.691038,12,e,5,1,1,1
112858,10186.571148,12,e,0,5,3,1
112861,10210.374148,12,e,4,0,2,1
112864,10293.328693,12,e,1,3,3,1
112878,10541.636296,12,e,0,2,4,1
112889,10738.605063,12,e,6,1,1,5
112901,10915.681152,12,e,6,1,1,4
112918,11103.901849,12,e,6,1,1,3
112928,11217.104625,12,e,3,1,3,4
112934,11261.353829,12,e,2,3,3,3
112948,11393.758588,12,e,3,1,3,3
112954,11466.538575,12,e,2,3,3,2
112963,11550.125044,12,e,3,1,3,2
112965,11565.350671,12,e,6,1,1,1
112976,11670.308324,12,e,2,3,3,1
112980,11721.839812,12,e,3,1,3,1
112989,11808.31834,12,e,2,0,4,2
112993,11919.621807,12,e,2,0,4,1
113013,12160.141775,12,e,0,1,5,1
113077,12736.59026,12,e,4,1,3,3
113307,14458.700674,12,e,2,1,5,3
113334,14618.260229,12,e,2,1,5,2
113353,14764.796642,12,e,2,1,5,1
113519,15765.100058,12,e,3,1,5,3
113554,15919.86322,12,e,3,1,5,2
121751,3401.947725,12,f,0,5,0,1
121755,4477.468366,12,f,3,1,0,4
121756,4528.445746,12,f,2,3,0,3
121757,4619.061743,12,f,1,5,0,2
121758,4652.164381,12,f,3,1,0,3
121760,4740.787969,12,f,0,7,0,1
121762,4862.749884,12,f,1,5,0,1
121764,4951.261359,12,f,2,3,0,1
121765,4999.561462,12,f,3,1,0,1
121769,5699.958417,12,f,4,1,0,5
121770,5745.022287,12,f,3,3,0,4
121771,5827.89911,12,f,2,5,0,3
121773,5941.505556,12,f,1,7,0,2
121774,5963.911413,12,f,3,3,0,3
121775,6061.498615,12,f,4,1,0,3
121776,6076.844226,12,f,2,5,0,2
121777,6080.896904,12,f,0,9,0,1
121779,6179.636966,12,f,3,3,0,2
121780,6219.312668,12,f,1,7,0,1
121781,6237.608474,12,f,1,4,1,2
121782,6240.114539,12,f,4,1,0,2
121783,6329.640245,12,f,2,5,0,1
121784,6345.127001,12,f,0,6,1,1
121786,6407.881498,12,f,3,3,0,1
121787,6449.325195,12,f,4,1,0,1
121788,6458.869904,12,f,1,4,1,1
121791,6661.98742,12,f,0,3,2,1
121798,7181.215503,12,f,4,3,0,4
121801,7300.963361,12,f,5,1,0,4
121803,7401.544054,12,f,4,3,0,3
121806,7434.008531,12,f,2,4,1,3
121807,7477.245413,12,f,5,1,0,3
121808,7533.073292,12,f,1,6,1,2
121809,7538.703673,12,f,3,5,0,2
121812,7628.143102,12,f,4,3,0,2
121813,7659.82563,12,f,0,8,1,1
121814,7662.161143,12,f,2,4,1,2
121815,7677.775715,12,f,5,1,0,2
121818,7791.400047,12,f,1,6,1,1
121819,7802.583562,12,f,3,5,0,1
121822,7872.574205,12,f,4,3,0,1
121823,7892.734692,12,f,2,4,1,1
121824,7909.110536,12,f,5,1,0,1
121825,7949.80144,12,f,0,5,2,1
121844,8621.728686,12,f,3,4,1,4
121852,8857.553051,12,f,3,4,1,3
121858,8976.561977,12,f,2,6,1,2
121859,8995.673228,12,f,3,1,2,4
121861,9041.921574,12,f,2,3,2,3
121864,9090.923923,12,f,3,4,1,2
121869,9171.532838,12,f,3,1,2,3
121872,9242.461571,12,f,2,6,1,1
121873,9248.280854,12,f,2,3,2,2
121876,9329.551064,12,f,3,1,2,2
121877,9333.04561,12,f,3,4,1,1
121884,9454.934659,12,f,2,3,2,1
121886,9505.348814,12,f,3,1,2,1
121914,10173.285161,12,f,5,2,1,4
121926,10374.463273,12,f,5,2,1,3
121944,10591.151862,12,f,5,2,1,2
121953,10719.015006,12,f,1,4,3,2
121962,10830.919835,12,f,5,2,1,1
121963,10835.803434,12,f,2,2,3,2
121970,10935.796822,12,f,1,4,3,1
121977,11102.894976,12,f,1,1,4,2
121985,11243.070825,12,f,1,1,4,1
122044,12010.167729,12,f,3,2,3,3
122063,12195.431828,12,f,3,2,3,2
122110,12765.927752,12,f,0,2,5,1
122237,13909.801128,12,f,1,2,5,2
122255,14078.479723,12,f,1,2,5,1
129816,3893.412486,13,f,2,2,0,3
129817,3969.897145,13,f,1,4,0,2
129819,4081.45958,13,f,0,6,0,1
129820,4193.764452,13,f,1,4,0,1
129825,5118.747052,13,f,3,2,0,4
129826,5187.160045,13,f,2,4,0,3
129827,5290.002228,13,f,1,6,0,2
129828,5316.713565,13,f,3,2,0,3
129829,5417.475373,13,f,2,4,0,2
129830,5420.978164,13,f,0,8,0,1
129831,5508.39524,13,f,3,2,0,2
129833,5551.522927,13,f,1,6,0,1
129835,5651.617855,13,f,2,4,0,1
129836,5698.434891,13,f,0,5,1,1
129838,5716.136441,13,f,3,2,0,1
129842,6333.599631,13,f,4,2,0,5
129847,6633.403467,13,f,3,4,0,3
129848,6741.686679,13,f,4,2,0,3
129852,6807.763606,13,f,2,3,1,3
129853,6869.817156,13,f,3,4,0,2
129854,6894.888043,13,f,1,5,1,2
129858,7012.48786,13,f,0,7,1,1
129859,7015.554347,13,f,2,3,1,2
129860,7026.687372,13,f,2,6,0,1
129862,7116.666535,13,f,3,4,0,1
129863,7135.664528,13,f,1,5,1,1
129865,7225.365999,13,f,2,3,1,1
129868,7315.765812,13,f,0,4,2,1
129880,7967.694489,13,f,5,2,0,4
129882,8081.679944,13,f,4,4,0,3
129883,8083.182065,13,f,2,5,1,3
129887,8171.90269,13,f,5,2,0,3
129888,8192.804755,13,f,1,7,1,2
129893,8327.437219,13,f,4,4,0,2
129895,8329.674813,13,f,2,5,1,2
129896,8393.237429,13,f,5,2,0,2
129900,8467.135491,13,f,1,7,1,1
129902,8500.785522,13,f,1,4,2,2
129904,8578.263037,13,f,2,5,1,1
129908,8639.167705,13,f,5,2,0,1
129911,8719.669822,13,f,1,4,2,1
129926,9189.859014,13,f,4,3,1,5
129934,9417.348795,13,f,4,3,1,4
129938,9515.90198,13,f,3,5,1,3
129945,9635.293231,13,f,4,3,1,3
129952,9767.125378,13,f,3,5,1,2
129958,9858.119799,13,f,4,3,1,2
129962,9908.524889,13,f,5,1,1,2
129977,10134.347157,13,f,5,1,1,1
129980,10196.579674,13,f,0,5,3,1
129981,10196.612188,13,f,3,2,2,1
129996,10551.503336,13,f,0,2,4,1
130005,10749.064587,13,f,6,1,1,5
130015,10926.088012,13,f,6,1,1,4
130030,11114.551784,13,f,6,1,1,3
130039,11227.367062,13,f,3,1,3,4
130044,11271.346965,13,f,2,3,3,3
130056,11403.959764,13,f,3,1,3,3
130061,11476.506765,13,f,2,3,3,2
130070,11560.255649,13,f,3,1,3,2
130071,11576.450643,13,f,6,1,1,1
130080,11680.278818,13,f,2,3,3,1
130083,11731.981844,13,f,3,1,3,1
130110,12169.998934,13,f,0,1,5,1
130168,12746.76772,13,f,4,1,3,3
130367,14468.718819,13,f,2,1,5,3
130389,14628.158545,13,f,2,1,5,2
130407,14774.711079,13,f,2,1,5,1
130553,15774.960301,13,f,3,1,5,3
130586,15929.828771,13,f,3,1,5,2
138231,3412.184721,13,e,0,5,0,1
138237,4487.371621,13,e,3,1,0,4
138238,4538.663004,13,e,2,3,0,3
138239,4629.305869,13,e,1,5,0,2
138242,4751.060432,13,e,0,7,0,1
138244,4872.980265,13,e,1,5,0,1
138247,4961.457857,13,e,2,3,0,1
138248,5009.427887,13,e,3,1,0,1
138255,5755.250251,13,e,3,3,0,4
138256,5838.151501,13,e,2,5,0,3
138258,5951.784943,13,e,1,7,0,2
138259,5974.109426,13,e,3,3,0,3
138261,6087.076124,13,e,2,5,0,2
138262,6091.203935,13,e,0,9,0,1
138265,6189.825922,13,e,3,3,0,2
138266,6229.575709,13,e,1,7,0,1
138267,6247.75905,13,e,1,4,1,2
138270,6339.863601,13,e,2,5,0,1
138271,6355.308362,13,e,0,6,1,1
138280,6672.031916,13,e,0,3,2,1
138288,7191.418266,13,e,4,3,0,4
138291,7310.766215,13,e,5,1,0,4
138294,7411.728037,13,e,4,3,0,3
138297,7444.169874,13,e,2,4,1,3
138298,7487.022715,13,e,5,1,0,3
138300,7543.255692,13,e,1,6,1,2
138301,7548.931525,13,e,3,5,0,2
138304,7638.325994,13,e,4,3,0,2
138306,7670.042658,13,e,0,8,1,1
138307,7672.302803,13,e,2,4,1,2
138311,7801.566219,13,e,1,6,1,1
138313,7812.811338,13,e,3,5,0,1
138316,7882.759471,13,e,4,3,0,1
138317,7902.879504,13,e,2,4,1,1
138318,7918.76922,13,e,5,1,0,1
138319,7959.886206,13,e,0,5,2,1
138338,8572.273808,13,e,4,2,1,5
138342,8631.907281,13,e,3,4,1,4
138352,8867.70353,13,e,3,4,1,3
138355,8913.197876,13,e,6,1,0,3
138359,8986.737013,13,e,2,6,1,2
138360,9005.43389,13,e,3,1,2,4
138363,9051.988958,13,e,2,3,2,3
138366,9101.083693,13,e,3,4,1,2
138369,9135.654398,13,e,6,1,0,2
138371,9181.330015,13,e,3,1,2,3
138375,9252.654065,13,e,2,6,1,1
138376,9258.325216,13,e,2,3,2,2
138379,9339.327651,13,e,3,1,2,2
138380,9343.156401,13,e,3,4,1,1
138389,9464.980871,13,e,2,3,2,1
138391,9515.140424,13,e,3,1,2,1
138411,9946.97729,13,e,7,1,0,5
138422,10135.991194,13,e,7,1,0,4
138425,10183.321372,13,e,5,2,1,4
138430,10265.052516,13,e,6,0,1,4
138439,10384.562111,13,e,5,2,1,3
138442,10423.448661,13,e,6,0,1,3
138458,10601.28274,13,e,5,2,1,2
138460,10624.817336,13,e,6,0,1,2
138469,10729.01416,13,e,1,4,3,2
138479,10841.02873,13,e,5,2,1,1
138481,10856.597935,13,e,6,0,1,1
138487,10916.274152,13,e,4,1,2,1
138490,10945.783331,13,e,1,4,3,1
138499,11112.608175,13,e,1,1,4,2
138508,11252.788716,13,e,1,1,4,1
138553,11802.244223,13,e,4,0,3,5
138573,11981.933349,13,e,4,0,3,4
138576,12020.116556,13,e,3,2,3,3
138598,12205.372152,13,e,3,2,3,2
138625,12425.090132,13,e,4,0,3,1
138654,12775.716401,13,e,0,2,5,1
138803,13919.604344,13,e,1,2,5,2
138823,14088.264365,13,e,1,2,5,1
138969,15028.146164,13,e,3,0,5,4
138998,15189.410663,13,e,3,0,5,3
139023,15307.476717,13,e,3,0,5,2
139041,15441.317907,13,e,3,0,5,1
147653,3874.942722,14,e,3,0,0,4
147654,3904.397955,14,e,2,2,0,3
147655,3980.909643,14,e,1,4,0,2
147658,4092.503032,14,e,0,6,0,1
147659,4146.0843,14,e,3,0,0,2
147660,4204.763434,14,e,1,4,0,1
147661,4279.586539,14,e,2,2,0,1
147668,5129.746966,14,e,3,2,0,4
147669,5198.181982,14,e,2,4,0,3
147670,5279.166861,14,e,4,0,0,4
147671,5301.053255,14,e,1,6,0,2
147672,5327.674669,14,e,3,2,0,3
147673,5411.270935,14,e,4,0,0,3
147674,5428.475039,14,e,2,4,0,2
147675,5432.059324,14,e,0,8,0,1
147676,5519.346192,14,e,3,2,0,2
147679,5562.557838,14,e,1,6,0,1
147680,5613.136659,14,e,1,3,1,2
147681,5662.613001,14,e,2,4,0,1
147682,5709.377306,14,e,0,5,1,1
147684,5727.099516,14,e,3,2,0,1
147685,5749.810687,14,e,4,0,0,1
147690,6097.321787,14,e,1,0,2,1
147691,6322.566169,14,e,5,0,0,6
147692,6344.615203,14,e,4,2,0,5
147698,6644.406047,14,e,3,4,0,3
147699,6669.883129,14,e,5,0,0,4
147700,6752.629922,14,e,4,2,0,3
147701,6767.993882,14,e,2,6,0,2
147705,6818.685912,14,e,2,3,1,3
147706,6880.806776,14,e,3,4,0,2
147707,6905.840448,14,e,1,5,1,2
147711,6985.925315,14,e,5,0,0,2
147712,7023.46821,14,e,0,7,1,1
147714,7037.716819,14,e,2,6,0,1
147716,7127.65432,14,e,3,4,0,1
147717,7146.606099,14,e,1,5,1,1
147721,7236.26502,14,e,2,3,1,1
147724,7326.604298,14,e,0,4,2,1
147741,7978.637978,14,e,5,2,0,4
147743,8055.797852,14,e,6,0,0,4
147744,8092.640692,14,e,4,4,0,3
147745,8094.170885,14,e,2,5,1,3
147749,8182.839271,14,e,5,2,0,3
147750,8203.795817,14,e,1,7,1,2
147751,8220.227678,14,e,6,0,0,3
147756,8338.368875,14,e,4,4,0,2
147758,8340.667121,14,e,2,5,1,2
147759,8404.179599,14,e,5,2,0,2
147761,8415.309191,14,e,3,0,2,4
147762,8427.524122,14,e,6,0,0,2
147763,8441.549193,14,e,2,2,2,3
147765,8478.110961,14,e,1,7,1,1
147767,8511.635201,14,e,1,4,2,2
147770,8589.178119,14,e,2,5,1,1
147774,8650.101796,14,e,5,2,0,1
147775,8667.373901,14,e,6,0,0,1
147780,8730.506457,14,e,1,4,2,1
147798,9200.817046,14,e,4,3,1,5
147808,9428.261319,14,e,4,3,1,4
147814,9526.840952,14,e,3,5,1,3
147822,9646.189579,14,e,4,3,1,3
147830,9778.034683,14,e,3,5,1,2
147831,9779.668435,14,e,4,0,2,4
147837,9869.045943,14,e,4,3,1,2
147842,9913.534275,14,e,4,0,2,3
147843,9919.298654,14,e,5,1,1,2
147852,10049.854824,14,e,4,0,2,2
147861,10145.948218,14,e,5,1,1,1
147865,10207.357681,14,e,0,5,3,1
147866,10207.419714,14,e,3,2,2,1
147868,10231.214304,14,e,4,0,2,1
147885,10562.12942,14,e,0,2,4,1
147897,10759.432943,14,e,6,1,1,5
147909,10936.482474,14,e,6,1,1,4
147928,11124.678721,14,e,6,1,1,3
147938,11237.774268,14,e,3,1,3,4
147943,11282.108561,14,e,2,3,3,3
147958,11414.339744,14,e,3,1,3,3
147964,11487.241529,14,e,2,3,3,2
147973,11570.687833,14,e,3,1,3,2
147975,11585.912752,14,e,6,1,1,1
147985,11691.016111,14,e,2,3,3,1
147990,11742.458659,14,e,3,1,3,1
148000,11828.700245,14,e,2,0,4,2
148004,11940.03653,14,e,2,0,4,1
148026,12180.411849,14,e,0,1,5,1
148092,12757.133889,14,e,4,1,3,3
148332,14479.037057,14,e,2,1,5,3
148360,14638.528232,14,e,2,1,5,2
148380,14785.059403,14,e,2,1,5,1
148557,15785.429077,14,e,3,1,5,3
148593,15940.074937,14,e,3,1,5,2
157550,3423.20896,14,f,0,5,0,1
157551,3524.571837,14,f,1,3,0,1
157554,4498.691878,14,f,3,1,0,4
157555,4549.665973,14,f,2,3,0,3
157556,4640.337772,14,f,1,5,0,2
157557,4673.294566,14,f,3,1,0,3
157559,4762.122859,14,f,0,7,0,1
157560,4835.594904,14,f,3,1,0,2
157561,4883.997383,14,f,1,5,0,1
157563,4972.438405,14,f,2,3,0,1
157564,5020.737466,14,f,3,1,0,1
157568,5721.222664,14,f,4,1,0,5
157569,5766.26475,14,f,3,3,0,4
157570,5849.192293,14,f,2,5,0,3
157572,5962.854814,14,f,1,7,0,2
157573,5985.091671,14,f,3,3,0,3
157574,6082.601736,14,f,4,1,0,3
157575,6098.094862,14,f,2,5,0,2
157576,6102.30358,14,f,0,9,0,1
157578,6200.798424,14,f,3,3,0,2
157579,6240.62799,14,f,1,7,0,1
157580,6258.690213,14,f,1,4,1,2
157581,6261.256277,14,f,4,1,0,2
157582,6350.873141,14,f,2,5,0,1
157583,6366.272697,14,f,0,6,1,1
157585,6429.053745,14,f,3,3,0,1
157586,6470.525045,14,f,4,1,0,1
157590,6682.848857,14,f,0,3,2,1
157597,7202.405621,14,f,4,3,0,4
157600,7322.063276,14,f,5,1,0,4
157602,7422.695176,14,f,4,3,0,3
157605,7455.11262,14,f,2,4,1,3
157606,7498.352768,14,f,5,1,0,3
157607,7554.221214,14,f,1,6,1,2
157608,7559.945814,14,f,3,5,0,2
157611,7649.29197,14,f,4,3,0,2
157612,7681.045395,14,f,0,8,1,1
157613,7683.224379,14,f,2,4,1,2
157614,7698.940971,14,f,5,1,0,2
157617,7812.514293,14,f,1,6,1,1
157618,7823.825541,14,f,3,5,0,1
157621,7893.72799,14,f,4,3,0,1
157622,7913.804536,14,f,2,4,1,1
157623,7930.327322,14,f,5,1,0,1
157624,7970.74651,14,f,0,5,2,1
157643,8642.868598,14,f,3,4,1,4
157652,8878.634607,14,f,3,4,1,3
157658,8997.694545,14,f,2,6,1,2
157659,9016.589064,14,f,3,1,2,4
157661,9062.830525,14,f,2,3,2,3
157663,9104.78719,14,f,5,3,0,2
157664,9112.024935,14,f,3,4,1,2
157669,9192.393453,14,f,3,1,2,3
157672,9263.629575,14,f,2,6,1,1
157673,9269.142011,14,f,2,3,2,2
157676,9350.341042,14,f,3,1,2,2
157677,9354.045191,14,f,3,4,1,1
157684,9475.799693,14,f,2,3,2,1
157686,9526.196634,14,f,3,1,2,1
157715,10194.193776,14,f,5,2,1,4
157728,10395.450989,14,f,5,2,1,3
157746,10612.26183,14,f,5,2,1,2
157749,10672.889027,14,f,2,2,3,3
157755,10739.782256,14,f,1,4,3,2
157764,10851.989791,14,f,5,2,1,1
157772,10956.537846,14,f,1,4,3,1
157780,11123.399757,14,f,1,1,4,2
157788,11263.530667,14,f,1,1,4,1
157850,12030.831625,14,f,3,2,3,3
157869,12216.0779,14,f,3,2,3,2
157919,12786.257532,14,f,0,2,5,1
158053,13930.161303,14,f,1,2,5,2
158071,14098.801686,14,f,1,2,5,1
166415,3992.708483,15,f,1,4,0,2
166417,4104.335046,15,f,0,6,0,1
166423,5141.525684,15,f,3,2,0,4
166424,5209.990923,15,f,2,4,0,3
166425,5312.89337,15,f,1,6,0,2
166426,5339.417019,15,f,3,2,0,3
166427,5440.260137,15,f,2,4,0,2
166428,5443.931731,15,f,0,8,0,1
166429,5531.081927,15,f,3,2,0,2
166431,5574.380704,15,f,1,6,0,1
166433,5674.39327,15,f,2,4,0,1
166434,5721.101075,15,f,0,5,1,1
166436,5738.853471,15,f,3,2,0,1
166440,6356.405993,15,f,4,2,0,5
166445,6656.194252,15,f,3,4,0,3
166446,6764.356171,15,f,4,2,0,3
166447,6779.819092,15,f,2,6,0,2
166450,6830.388118,15,f,2,3,1,3
166451,6892.58111,15,f,3,4,0,2
166452,6917.574907,15,f,1,5,1,2
166456,7035.232637,15,f,0,7,1,1
166457,7038.129572,15,f,2,3,1,2
166458,7049.533807,15,f,2,6,0,1
166460,7139.426664,15,f,3,4,0,1
166461,7158.329002,15,f,1,5,1,1
166462,7196.143295,15,f,4,2,0,1
166463,7247.942311,15,f,2,3,1,1
166466,7338.216719,15,f,0,4,2,1
166478,7990.365094,15,f,5,2,0,4
166480,8104.384142,15,f,4,4,0,3
166481,8105.944282,15,f,2,5,1,3
166485,8194.562467,15,f,5,2,0,3
166486,8215.571692,15,f,1,7,1,2
166491,8350.081548,15,f,4,4,0,2
166493,8352.443894,15,f,2,5,1,2
166494,8415.917815,15,f,5,2,0,2
166498,8489.870175,15,f,1,7,1,1
166500,8523.259598,15,f,1,4,2,2
166502,8600.872933,15,f,2,5,1,1
166506,8661.849661,15,f,5,2,0,1
166509,8742.116915,15,f,1,4,2,1
166524,9212.557362,15,f,4,3,1,5
166532,9439.953052,15,f,4,3,1,4
166537,9538.561051,15,f,3,5,1,3
166544,9657.864229,15,f,4,3,1,3
166551,9789.722924,15,f,3,5,1,2
166557,9880.753776,15,f,4,3,1,2
166576,10157.024235,15,f,5,1,1,1
166579,10218.905302,15,f,0,5,3,1
166580,10219.00378,15,f,3,2,2,1
166595,10573.513953,15,f,0,2,4,1
166605,10771.571686,15,f,6,1,1,5
166615,10948.554414,15,f,6,1,1,4
166631,11137.079852,15,f,6,1,1,3
166640,11249.665853,15,f,3,1,3,4
166644,11293.638579,15,f,2,3,3,3
166657,11426.156501,15,f,3,1,3,3
166662,11498.74282,15,f,2,3,3,2
166671,11582.413802,15,f,3,1,3,2
166672,11598.911108,15,f,6,1,1,1
166680,11702.520176,15,f,2,3,3,1
166684,11754.195944,15,f,3,1,3,1
166713,12191.801078,15,f,0,1,5,1
166773,12768.922412,15,f,4,1,3,3
166980,14490.631664,15,f,2,1,5,3
167004,14649.971521,15,f,2,1,5,2
167022,14796.524889,15,f,2,1,5,1
167178,15796.815361,15,f,3,1,5,3
167211,15951.612222,15,f,3,1,5,2
175569,3435.020393,15,e,0,5,0,1
175575,4510.066248,15,e,3,1,0,4
175576,4561.454587,15,e,2,3,0,3
175577,4652.1574,15,e,1,5,0,2
175579,4770.907406,15,e,2,3,0,2
175580,4773.975198,15,e,0,7,0,1
175582,4895.801191,15,e,1,5,0,1
175585,4984.202942,15,e,2,3,0,1
175586,5032.066984,15,e,3,1,0,1
175594,5861.021431,15,e,2,5,0,3
175596,5974.715115,15,e,1,7,0,2
175597,5996.85809,15,e,3,3,0,3
175599,6109.900391,15,e,2,5,0,2
175600,6114.195789,15,e,0,9,0,1
175603,6212.554414,15,e,3,3,0,2
175604,6252.469461,15,e,1,7,0,1
175605,6270.401911,15,e,1,4,1,2
175606,6272.532588,15,e,4,1,0,2
175608,6362.668814,15,e,2,5,0,1
175609,6378.019962,15,e,0,6,1,1
175614,6491.624436,15,e,1,4,1,1
175618,6694.438195,15,e,0,3,2,1
175626,7214.177495,15,e,4,3,0,4
175632,7434.445412,15,e,4,3,0,3
175635,7466.836716,15,e,2,4,1,3
175636,7509.570166,15,e,5,1,0,3
175638,7565.969826,15,e,1,6,1,2
175639,7571.746472,15,e,3,5,0,2
175642,7661.040938,15,e,4,3,0,2
175644,7692.833793,15,e,0,8,1,1
175645,7694.925825,15,e,2,4,1,2
175649,7824.244244,15,e,1,6,1,1
175651,7835.6261,15,e,3,5,0,1
175654,7905.479543,15,e,4,3,0,1
175655,7925.50975,15,e,2,4,1,1
175656,7941.379614,15,e,5,1,0,1
175657,7982.382307,15,e,0,5,2,1
175680,8654.612583,15,e,3,4,1,4
175682,8746.648171,15,e,2,6,1,3
175690,8890.346235,15,e,3,4,1,3
175693,8935.760551,15,e,6,1,0,3
175697,9009.434527,15,e,2,6,1,2
175698,9027.799872,15,e,3,1,2,4
175701,9074.446212,15,e,2,3,2,3
175703,9116.502667,15,e,5,3,0,2
175704,9123.747634,15,e,3,4,1,2
175707,9158.21899,15,e,6,1,0,2
175709,9203.66852,15,e,3,1,2,3
175713,9275.387951,15,e,2,6,1,1
175714,9280.731192,15,e,2,3,2,2
175717,9361.582831,15,e,3,1,2,2
175718,9365.712014,15,e,3,4,1,1
175723,9423.615607,15,e,4,2,1,1
175727,9487.391085,15,e,2,3,2,1
175729,9537.453765,15,e,3,1,2,1
175749,9969.371439,15,e,7,1,0,5
175761,10158.524311,15,e,7,1,0,4
175764,10205.757699,15,e,5,2,1,4
175765,10207.670549,15,e,4,1,2,5
175769,10287.366291,15,e,6,0,1,4
175778,10407.099097,15,e,5,2,1,3
175781,10445.879977,15,e,6,0,1,3
175797,10623.933826,15,e,5,2,1,2
175799,10647.372422,15,e,6,0,1,2
175808,10751.319243,15,e,1,4,3,2
175818,10863.635865,15,e,5,2,1,1
175820,10878.752961,15,e,6,0,1,1
175821,10886.877909,15,e,7,1,0,1
175826,10938.689731,15,e,4,1,2,1
175829,10968.060326,15,e,1,4,3,1
175833,11047.556464,15,e,2,2,3,1
175838,11134.580574,15,e,1,1,4,2
175847,11274.721231,15,e,1,1,4,1
175895,11824.508894,15,e,4,0,3,5
175918,12042.312311,15,e,3,2,3,3
175940,12227.546839,15,e,3,2,3,2
175946,12271.344565,15,e,4,0,3,2
175967,12447.266816,15,e,4,0,3,1
175998,12797.551752,15,e,0,2,5,1
176147,13914.786466,15,e,2,0,5,3
176152,13941.472476,15,e,1,2,5,2
176173,14110.091192,15,e,1,2,5,1
176325,15050.033954,15,e,3,0,5,4
176356,15211.192091,15,e,3,0,5,3
176381,15329.181027,15,e,3,0,5,2
176400,15463.103228,15,e,3,0,5,1
185728,3899.226008,16,e,3,0,0,4
185730,4005.293611,16,e,1,4,0,2
185733,4116.955569,16,e,0,6,0,1
185737,4331.438167,16,e,3,0,0,1
185743,5154.098001,16,e,3,2,0,4
185744,5222.586808,16,e,2,4,0,3
185745,5303.347801,16,e,4,0,0,4
185746,5325.522516,16,e,1,6,0,2
185747,5351.943749,16,e,3,2,0,3
185748,5435.367681,16,e,4,0,0,3
185749,5452.830615,16,e,2,4,0,2
185750,5456.59533,16,e,0,8,0,1
185751,5543.596072,16,e,3,2,0,2
185754,5586.991472,16,e,1,6,0,1
185756,5686.958611,16,e,2,4,0,1
185757,5733.606146,16,e,0,5,1,1
185759,5751.380156,16,e,3,2,0,1
185760,5774.069418,16,e,4,0,0,1
185765,6121.122141,16,e,1,0,2,1
185766,6346.920467,16,e,5,0,0,6
185767,6368.997344,16,e,4,2,0,5
185773,6668.768028,16,e,3,4,0,3
185774,6693.960791,16,e,5,0,0,4
185775,6776.861751,16,e,4,2,0,3
185776,6792.432344,16,e,2,6,0,2
185781,6905.140105,16,e,3,4,0,2
185782,6930.091366,16,e,1,5,1,2
185787,7047.781094,16,e,0,7,1,1
185788,7050.584459,16,e,2,3,1,2
185789,7062.138278,16,e,2,6,0,1
185791,7151.983508,16,e,3,4,0,1
185792,7170.833194,16,e,1,5,1,1
185796,7260.397812,16,e,2,3,1,1
185799,7350.603024,16,e,0,4,2,1
185816,8002.870801,16,e,5,2,0,4
185818,8079.842118,16,e,6,0,0,4
185819,8116.910247,16,e,4,4,0,3
185820,8118.50219,16,e,2,5,1,3
185824,8207.05943,16,e,5,2,0,3
185825,8228.132327,16,e,1,7,1,2
185826,8244.377977,16,e,6,0,0,3
185831,8362.575236,16,e,4,4,0,2
185833,8365.005027,16,e,2,5,1,2
185834,8428.418897,16,e,5,2,0,2
185837,8451.74551,16,e,6,0,0,2
185838,8465.497616,16,e,2,2,2,3
185840,8502.413089,16,e,1,7,1,1
185842,8535.658658,16,e,1,4,2,2
185845,8613.347485,16,e,2,5,1,1
185849,8674.336707,16,e,5,2,0,1
185850,8691.626831,16,e,6,0,0,1
185855,8754.501152,16,e,1,4,2,1
185873,9225.080005,16,e,4,3,1,5
185883,9452.423887,16,e,4,3,1,4
185889,9551.062232,16,e,3,5,1,3
185897,9670.316564,16,e,4,3,1,3
185903,9747.561575,16,e,5,1,1,3
185905,9802.190039,16,e,3,5,1,2
185906,9803.505847,16,e,4,0,2,4
185912,9893.239974,16,e,4,3,1,2
185916,9937.205626,16,e,4,0,2,3
185918,9943.370275,16,e,5,1,1,2
185927,10073.653237,16,e,4,0,2,2
185936,10170.339063,16,e,5,1,1,1
185940,10231.222487,16,e,0,5,3,1
185941,10231.353642,16,e,3,2,2,1
185943,10255.139726,16,e,4,0,2,1
185957,10547.861014,16,e,1,0,4,2
185960,10585.657608,16,e,0,2,4,1
185972,10783.345257,16,e,6,1,1,5
185985,10960.36461,16,e,6,1,1,4
186004,11148.528501,16,e,6,1,1,3
186014,11261.504816,16,e,3,1,3,4
186019,11305.936941,16,e,2,3,3,3
186034,11437.970053,16,e,3,1,3,3
186040,11511.010589,16,e,2,3,3,2
186049,11594.296135,16,e,3,1,3,2
186051,11609.535099,16,e,6,1,1,1
186061,11714.790965,16,e,2,3,3,1
186066,11766.131561,16,e,3,1,3,1
186076,11852.100661,16,e,2,0,4,2
186080,11963.474974,16,e,2,0,4,1
186103,12203.68394,16,e,0,1,5,1
186171,12780.719991,16,e,4,1,3,3
186417,14502.388464,16,e,2,1,5,3
186447,14661.798188,16,e,2,1,5,2
186467,14808.323334,16,e,2,1,5,1
186652,15808.770342,16,e,3,1,5,3
186688,15963.280635,16,e,3,1,5,2
196306,3447.618967,16,f,0,5,0,1
196310,4523.05821,16,f,3,1,0,4
196311,4574.028809,16,f,2,3,0,3
196312,4664.764697,16,f,1,5,0,2
196313,4697.553976,16,f,3,1,0,3
196315,4786.617398,16,f,0,7,0,1
196317,4908.391638,16,f,1,5,0,1
196319,4996.751418,16,f,2,3,0,1
196320,5045.049959,16,f,3,1,0,1
196321,5077.028709,16,f,0,4,1,1
196324,5745.635614,16,f,4,1,0,5
196325,5790.653083,16,f,3,3,0,4
196326,5873.638857,16,f,2,5,0,3
196328,5987.36579,16,f,1,7,0,2
196329,6009.408638,16,f,3,3,0,3
196330,6106.830266,16,f,4,1,0,3
196331,6122.492657,16,f,2,5,0,2
196332,6126.880507,16,f,0,9,0,1
196334,6225.093855,16,f,3,3,0,2
196335,6265.100067,16,f,1,7,0,1
196336,6282.894091,16,f,1,4,1,2
196337,6285.529405,16,f,4,1,0,2
196338,6375.250565,16,f,2,5,0,1
196339,6390.550107,16,f,0,6,1,1
196341,6453.361565,16,f,3,3,0,1
196342,6494.865023,16,f,4,1,0,1
196346,6706.799884,16,f,0,3,2,1
196353,7226.733858,16,f,4,3,0,4
196356,7346.287928,16,f,5,1,0,4
196358,7446.978704,16,f,4,3,0,3
196361,7479.342103,16,f,2,4,1,3
196362,7522.586358,16,f,5,1,0,3
196363,7578.501491,16,f,1,6,1,2
196364,7584.333426,16,f,3,5,0,2
196367,7673.572906,16,f,4,3,0,2
196368,7705.407801,16,f,0,8,1,1
196369,7707.407089,16,f,2,4,1,2
196370,7723.241213,16,f,5,1,0,2
196373,7836.756042,16,f,1,6,1,1
196374,7848.21294,16,f,3,5,0,1
196377,7918.014292,16,f,4,3,0,1
196378,7937.995113,16,f,2,4,1,1
196379,7954.686891,16,f,5,1,0,1
196380,7994.793546,16,f,0,5,2,1
196399,8667.139176,16,f,3,4,1,4
196401,8759.196651,16,f,2,6,1,3
196408,8902.838365,16,f,3,4,1,3
196414,9021.956913,16,f,2,6,1,2
196415,9040.602153,16,f,3,1,2,4
196417,9086.835981,16,f,2,3,2,3
196419,9128.998752,16,f,5,3,0,2
196420,9136.251782,16,f,3,4,1,2
196425,9216.348283,16,f,3,1,2,3
196428,9287.929044,16,f,2,6,1,1
196429,9293.092712,16,f,2,3,2,2
196432,9374.210181,16,f,3,1,2,2
196433,9378.156921,16,f,3,4,1,1
196440,9499.755009,16,f,2,3,2,1
196442,9550.132362,16,f,3,1,2,1
196445,9599.379352,16,f,0,4,3,1
196472,10218.200917,16,f,5,2,1,4
196485,10419.545686,16,f,5,2,1,3
196503,10636.501195,16,f,5,2,1,2
196512,10763.62507,16,f,1,4,3,2
196521,10876.180768,16,f,5,2,1,1
196529,10980.350728,16,f,1,4,3,1
196533,11059.800713,16,f,2,2,3,1
196537,11146.941157,16,f,1,1,4,2
196545,11287.020744,16,f,1,1,4,1
196609,12054.559425,16,f,3,2,3,3
196628,12239.781815,16,f,3,2,3,2
196679,12809.598155,16,f,0,2,5,1
196817,13953.537057,16,f,1,2,5,2
196837,14122.133437,16,f,1,2,5,1
205855,4018.664969,17,f,1,4,0,2
205857,4130.364545,17,f,0,6,0,1
205863,5167.444681,17,f,3,2,0,4
205864,5235.969578,17,f,2,4,0,3
205865,5338.940634,17,f,1,6,0,2
205866,5365.250691,17,f,3,2,0,3
205867,5466.186415,17,f,2,4,0,2
205868,5470.050064,17,f,0,8,0,1
205869,5556.89676,17,f,3,2,0,2
205871,5600.390087,17,f,1,6,0,1
205873,5700.30897,17,f,2,4,0,1
205874,5746.892466,17,f,0,5,1,1
205876,5764.702924,17,f,3,2,0,1
205880,6382.356398,17,f,4,2,0,5
205885,6682.127313,17,f,3,4,0,3
205886,6790.15131,17,f,4,2,0,3
205887,6805.833579,17,f,2,6,0,2
205890,6856.131974,17,f,2,3,1,3
205891,6918.483702,17,f,3,4,0,2
205892,6943.389767,17,f,1,5,1,2
205896,7061.113527,17,f,0,7,1,1
205897,7063.817461,17,f,2,3,1,2
205898,7075.530172,17,f,2,6,0,1
205900,7165.324789,17,f,3,4,0,1
205901,7184.11863,17,f,1,5,1,1
205903,7273.631485,17,f,2,3,1,1
205906,7363.763161,17,f,0,4,2,1
205918,8016.161436,17,f,5,2,0,4
205920,8130.218955,17,f,4,4,0,3
205921,8131.844539,17,f,2,5,1,3
205925,8220.346653,17,f,5,2,0,3
205926,8241.477662,17,f,1,7,1,2
205931,8375.849931,17,f,4,4,0,2
205933,8378.350414,17,f,2,5,1,2
205934,8441.725632,17,f,5,2,0,2
205938,8515.739656,17,f,1,7,1,1
205940,8548.832326,17,f,1,4,2,2
205942,8626.601782,17,f,2,5,1,1
205946,8687.659113,17,f,5,2,0,1
205949,8767.659118,17,f,1,4,2,1
205964,9238.384722,17,f,4,3,1,5
205972,9465.673834,17,f,4,3,1,4
205977,9564.344443,17,f,3,5,1,3
205989,9761.257323,17,f,5,1,1,3
205991,9815.435958,17,f,3,5,1,2
205997,9906.509351,17,f,4,3,1,2
206001,9956.775119,17,f,5,1,1,2
206016,10182.828709,17,f,5,1,1,1
206019,10244.309186,17,f,0,5,3,1
206020,10244.483127,17,f,3,2,2,1
206035,10598.559403,17,f,0,2,4,1
206045,10797.181607,17,f,6,1,1,5
206056,10974.118606,17,f,6,1,1,4
206072,11162.714596,17,f,6,1,1,3
206081,11275.038756,17,f,3,1,3,4
206085,11319.00362,17,f,2,3,3,3
206098,11451.413837,17,f,3,1,3,3
206103,11524.044787,17,f,2,3,3,2
206112,11607.626943,17,f,3,1,3,2
206113,11624.478359,17,f,6,1,1,1
206121,11727.828453,17,f,2,3,3,1
206125,11779.473315,17,f,3,1,3,1
206155,12216.609313,17,f,0,1,5,1
206216,12794.131031,17,f,4,1,3,3
206428,14515.564742,17,f,2,1,5,3
206453,14674.792053,17,f,2,1,5,2
206472,14821.346683,17,f,2,1,5,1
206634,15821.683632,17,f,3,1,5,3
206668,15976.400077,17,f,3,1,5,2
215637,3461.004627,17,e,0,5,0,1
215643,4535.889701,17,e,3,1,0,4
215644,4587.38855,17,e,2,3,0,3
215645,4678.159606,17,e,1,5,0,2
215648,4800.049399,17,e,0,7,0,1
215650,4921.768668,17,e,1,5,0,1
215653,5010.083759,17,e,2,3,0,1
215654,5057.827818,17,e,3,1,0,1
215662,5887.044508,17,e,2,5,0,3
215664,6000.806776,17,e,1,7,0,2
215665,6022.743241,17,e,3,3,0,3
215667,6135.8716,17,e,2,5,0,2
215668,6140.357673,17,e,0,9,0,1
215671,6238.416666,17,e,3,3,0,2
215672,6278.519753,17,e,1,7,0,1
215673,6296.166695,17,e,1,4,1,2
215676,6388.618336,17,e,2,5,0,1
215677,6403.86308,17,e,0,6,1,1
215686,6719.933867,17,e,0,3,2,1
215688,6970.218421,17,e,5,1,0,6
215694,7240.074609,17,e,4,3,0,4
215697,7358.972809,17,e,5,1,0,4
215700,7460.294974,17,e,4,3,0,3
215703,7492.628722,17,e,2,4,1,3
215704,7535.226617,17,e,5,1,0,3
215706,7591.816169,17,e,1,6,1,2
215707,7597.706598,17,e,3,5,0,2
215710,7686.887721,17,e,4,3,0,2
215712,7718.767364,17,e,0,8,1,1
215713,7720.668118,17,e,2,4,1,2
215717,7850.049656,17,e,1,6,1,1
215719,7861.585982,17,e,3,5,0,1
215722,7931.331822,17,e,4,3,0,1
215723,7951.260583,17,e,2,4,1,1
215725,8007.980173,17,e,0,5,2,1
215748,8680.448315,17,e,3,4,1,4
215750,8772.529056,17,e,2,6,1,3
215758,8916.110944,17,e,3,4,1,3
215765,9035.261652,17,e,2,6,1,2
215766,9053.249396,17,e,3,1,2,4
215769,9099.999744,17,e,2,3,2,3
215771,9142.275068,17,e,5,3,0,2
215772,9149.537351,17,e,3,4,1,2
215775,9183.895175,17,e,6,1,0,2
215781,9301.252715,17,e,2,6,1,1
215782,9306.226513,17,e,2,3,2,2
215785,9386.906733,17,e,3,1,2,2
215786,9391.379929,17,e,3,4,1,1
215795,9512.891413,17,e,2,3,2,1
215797,9562.844076,17,e,3,1,2,1
215817,9994.846206,17,e,7,1,0,5
215828,10173.812487,17,e,6,0,1,5
215829,10184.163089,17,e,7,1,0,4
215832,10231.283557,17,e,5,2,1,4
215833,10233.231695,17,e,4,1,2,5
215837,10312.757016,17,e,6,0,1,4
215846,10432.741103,17,e,5,2,1,3
215849,10471.404867,17,e,6,0,1,3
215865,10649.704488,17,e,5,2,1,2
215867,10673.038106,17,e,6,0,1,2
215870,10709.730457,17,e,2,2,3,3
215876,10776.699679,17,e,1,4,3,2
215886,10889.354646,17,e,5,2,1,1
215888,10904.030575,17,e,6,0,1,1
215889,10913.018142,17,e,7,1,0,1
215894,10964.192015,17,e,4,1,2,1
215896,10993.409003,17,e,1,4,3,1
215901,11072.806994,17,e,2,2,3,1
215906,11159.582435,17,e,1,1,4,2
215915,11299.677933,17,e,1,1,4,1
215964,11849.842492,17,e,4,0,3,5
215987,12067.571848,17,e,3,2,3,3
215999,12153.077714,17,e,5,1,2,2
216009,12252.779034,17,e,3,2,3,2
216036,12472.50068,17,e,4,0,3,1
216068,12822.397796,17,e,0,2,5,1
216225,13966.356125,17,e,1,2,5,2
216247,14134.927598,17,e,1,2,5,1
216403,15074.938995,17,e,3,0,5,4
216434,15235.980771,17,e,3,0,5,3
216461,15353.878638,17,e,3,0,5,2
216480,15487.892847,17,e,3,0,5,1
226418,3926.640671,18,e,3,0,0,4
226420,4032.822495,18,e,1,4,0,2
226423,4144.561912,18,e,0,6,0,1
226424,4197.503488,18,e,3,0,0,2
226427,4358.80423,18,e,3,0,0,1
226434,5250.139166,18,e,2,4,0,3
226435,5330.646984,18,e,4,0,0,4
226436,5353.14766,18,e,1,6,0,2
226437,5379.343,18,e,3,2,0,3
226438,5462.572532,18,e,4,0,0,3
226439,5480.327479,18,e,2,4,0,2
226440,5484.29587,18,e,0,8,0,1
226441,5570.973486,18,e,3,2,0,2
226444,5614.57649,18,e,1,6,0,1
226446,5714.444291,18,e,2,4,0,1
226447,5760.959975,18,e,0,5,1,1
226449,5778.791867,18,e,3,2,0,1
226450,5801.458055,18,e,4,0,0,1
226455,6147.992459,18,e,1,0,2,1
226456,6374.414379,18,e,5,0,0,6
226457,6396.524817,18,e,4,2,0,5
226463,6696.272045,18,e,3,4,0,3
226464,6721.143673,18,e,5,0,0,4
226465,6804.218756,18,e,4,2,0,3
226466,6820.022734,18,e,2,6,0,2
226469,6858.284379,18,e,5,0,0,3
226470,6870.173488,18,e,2,3,1,3
226471,6932.611842,18,e,3,4,0,2
226472,6957.470049,18,e,1,5,1,2
226477,7075.229883,18,e,0,7,1,1
226478,7077.828514,18,e,2,3,1,2
226479,7089.709423,18,e,2,6,0,1
226481,7179.450439,18,e,3,4,0,1
226482,7198.185261,18,e,1,5,1,1
226486,7287.643252,18,e,2,3,1,1
226489,7377.697071,18,e,0,4,2,1
226506,8030.228835,18,e,5,2,0,4
226507,8065.802212,18,e,3,3,1,4
226508,8106.987939,18,e,6,0,0,4
226509,8144.310209,18,e,4,4,0,3
226510,8145.971257,18,e,2,5,1,3
226515,8255.607637,18,e,1,7,1,2
226516,8271.644046,18,e,6,0,0,3
226521,8389.905615,18,e,4,4,0,2
226523,8392.47995,18,e,2,5,1,2
226524,8455.783308,18,e,5,2,0,2
226527,8479.092632,18,e,6,0,0,2
226530,8529.849824,18,e,1,7,1,1
226532,8562.780539,18,e,1,4,2,2
226535,8640.635826,18,e,2,5,1,1
226536,8651.482757,18,e,4,4,0,1
226539,8701.694171,18,e,5,2,0,1
226540,8719.009931,18,e,6,0,0,1
226545,8781.59076,18,e,1,4,2,1
226563,9252.471667,18,e,4,3,1,5
226573,9479.702727,18,e,4,3,1,4
226579,9578.407631,18,e,3,5,1,3
226587,9697.555368,18,e,4,3,1,3
226595,9829.460608,18,e,3,5,1,2
226596,9830.4172,18,e,4,0,2,4
226602,9920.5549,18,e,4,3,1,2
226606,9963.936649,18,e,4,0,2,3
226608,9970.540887,18,e,5,1,1,2
226617,10100.521724,18,e,4,0,2,2
226626,10197.860243,18,e,5,1,1,1
226630,10258.16534,18,e,0,5,3,1
226631,10258.374466,18,e,3,2,2,1
226633,10282.149869,18,e,4,0,2,1
226650,10612.220464,18,e,0,2,4,1
226662,10810.341518,18,e,6,1,1,5
226675,10987.327205,18,e,6,1,1,4
226694,11175.448998,18,e,6,1,1,3
226704,11288.295747,18,e,3,1,3,4
226709,11332.838509,18,e,2,3,3,3
226724,11464.649553,18,e,3,1,3,3
226730,11537.845355,18,e,2,3,3,2
226739,11620.949644,18,e,3,1,3,2
226741,11636.221795,18,e,6,1,1,1
226751,11741.632576,18,e,2,3,3,1
226756,11792.858278,18,e,3,1,3,1
226766,11878.519165,18,e,2,0,4,2
226770,11989.936875,18,e,2,0,4,1
226794,12229.957652,18,e,0,1,5,1
226862,12807.348122,18,e,4,1,3,3
227112,14528.747797,18,e,2,1,5,3
227142,14688.069812,18,e,2,1,5,2
227163,14834.588136,18,e,2,1,5,1
227351,15835.124172,18,e,3,1,5,3
227389,15989.480914,18,e,3,1,5,2
237563,3475.177313,18,f,0,5,0,1
237567,4550.56678,18,f,3,1,0,4
237568,4601.533787,18,f,2,3,0,3
237569,4692.342062,18,f,1,5,0,2
237570,4724.942127,18,f,3,1,0,3
237572,4814.271141,18,f,0,7,0,1
237573,4887.223705,18,f,3,1,0,2
237574,4935.932224,18,f,1,5,0,1
237576,5024.199925,18,f,2,3,0,1
237577,5072.498652,18,f,3,1,0,1
237581,5773.196624,18,f,4,1,0,5
237582,5818.186806,18,f,3,3,0,4
237583,5901.238318,18,f,2,5,0,3
237585,6015.038011,18,f,1,7,0,2
237586,6036.861856,18,f,3,3,0,3
237587,6134.183803,18,f,4,1,0,3
237588,6150.037161,18,f,2,5,0,2
237589,6154.627225,18,f,0,9,0,1
237591,6252.522821,18,f,3,3,0,2
237592,6292.728456,18,f,1,7,0,1
237593,6310.219662,18,f,1,4,1,2
237594,6312.933626,18,f,4,1,0,2
237595,6402.772066,18,f,2,5,0,1
237596,6417.958826,18,f,0,6,1,1
237598,6480.80452,18,f,3,3,0,1
237599,6522.344888,18,f,4,1,0,1
237603,6733.840091,18,f,0,3,2,1
237608,7192.67654,18,f,5,1,0,5
237610,7254.199736,18,f,4,3,0,4
237613,7373.63683,18,f,5,1,0,4
237615,7474.394187,18,f,4,3,0,3
237618,7506.696507,18,f,2,4,1,3
237619,7549.945862,18,f,5,1,0,3
237620,7605.913815,18,f,1,6,1,2
237621,7611.865909,18,f,3,5,0,2
237624,7700.985455,18,f,4,3,0,2
237625,7732.912424,18,f,0,8,1,1
237626,7734.708856,18,f,2,4,1,2
237627,7750.676192,18,f,5,1,0,2
237630,7864.125051,18,f,1,6,1,1
237631,7875.745144,18,f,3,5,0,1
237634,7945.432543,18,f,4,3,0,1
237635,7965.306126,18,f,2,4,1,1
237636,7982.189058,18,f,5,1,0,1
237637,8021.942131,18,f,0,5,2,1
237652,8634.736564,18,f,4,2,1,5
237656,8694.539934,18,f,3,4,1,4
237658,8786.645323,18,f,2,6,1,3
237665,8930.163917,18,f,3,4,1,3
237671,9049.348689,18,f,2,6,1,2
237672,9067.711922,18,f,3,1,2,4
237674,9113.937478,18,f,2,3,2,3
237676,9156.331901,18,f,5,3,0,2
237677,9163.604346,18,f,3,4,1,2
237682,9243.3994,18,f,3,1,2,3
237685,9315.358828,18,f,2,6,1,1
237686,9320.132545,18,f,2,3,2,2
237689,9401.158136,18,f,3,1,2,2
237690,9405.381105,18,f,3,4,1,1
237697,9526.80026,18,f,2,3,2,1
237699,9577.155726,18,f,3,1,2,1
237729,10245.306613,18,f,5,2,1,4
237730,10247.771623,18,f,4,1,2,5
237742,10446.746586,18,f,5,2,1,3
237760,10663.870769,18,f,5,2,1,2
237769,10790.543009,18,f,1,4,3,2
237778,10903.488514,18,f,5,2,1,1
237785,11007.235102,18,f,1,4,3,1
237790,11086.581824,18,f,2,2,3,1
237794,11173.51871,18,f,1,1,4,2
237802,11313.540703,18,f,1,1,4,1
237867,12081.350841,18,f,3,2,3,3
237886,12266.543228,18,f,3,2,3,2
237938,12835.949217,18,f,0,2,5,1
238078,13979.928037,18,f,1,2,5,2
238098,14148.474615,18,f,1,2,5,1
247686,4047.766123,19,f,1,4,0,2
247688,4159.547608,19,f,0,6,0,1
247695,5265.095504,19,f,2,4,0,3
247696,5368.143526,19,f,1,6,0,2
247697,5394.214083,19,f,3,2,0,3
247698,5495.25374,19,f,2,4,0,2
247699,5499.332683,19,f,0,8,0,1
247700,5585.839336,19,f,3,2,0,2
247702,5629.550617,19,f,1,6,0,1
247704,5729.364512,19,f,2,4,0,1
247705,5775.808613,19,f,0,5,1,1
247707,5793.684431,19,f,3,2,0,1
247711,6411.450207,19,f,4,2,0,5
247716,6711.202154,19,f,3,4,0,3
247717,6819.071641,19,f,4,2,0,3
247718,6834.999743,19,f,2,6,0,2
247721,6884.994679,19,f,2,3,1,3
247722,6947.524459,19,f,3,4,0,2
247723,6972.332147,19,f,1,5,1,2
247727,7090.130102,19,f,0,7,1,1
247728,7092.617567,19,f,2,3,1,2
247729,7104.675964,19,f,2,6,0,1
247731,7194.360388,19,f,3,4,0,1
247732,7213.033036,19,f,1,5,1,1
247734,7302.433084,19,f,2,3,1,1
247737,7392.404695,19,f,0,4,2,1
247749,8045.083032,19,f,5,2,0,4
247751,8159.18395,19,f,4,4,0,3
247752,8160.882268,19,f,2,5,1,3
247757,8270.522187,19,f,1,7,1,2
247762,8404.742267,19,f,4,4,0,2
247764,8407.393532,19,f,2,5,1,2
247765,8470.660532,19,f,5,2,0,2
247767,8507.209438,19,f,2,2,2,3
247769,8544.743539,19,f,1,7,1,1
247771,8577.503233,19,f,1,4,2,2
247773,8655.449616,19,f,2,5,1,1
247774,8666.414288,19,f,4,4,0,1
247777,8716.595651,19,f,5,2,0,1
247780,8796.296025,19,f,1,4,2,1
247795,9267.340418,19,f,4,3,1,5
247803,9494.510638,19,f,4,3,1,4
247808,9593.251739,19,f,3,5,1,3
247820,9789.956407,19,f,5,1,1,3
247822,9844.263911,19,f,3,5,1,2
247828,9935.386392,19,f,4,3,1,2
247832,9985.568474,19,f,5,1,1,2
247847,10211.760388,19,f,5,1,1,1
247850,10272.790892,19,f,0,5,3,1
247851,10273.049931,19,f,3,2,2,1
247866,10626.639254,19,f,0,2,4,1
247876,10825.89373,19,f,6,1,1,5
247887,11002.780194,19,f,6,1,1,4
247903,11191.455766,19,f,6,1,1,3
247912,11303.485159,19,f,3,1,3,4
247916,11347.441604,19,f,2,3,3,3
247929,11479.731394,19,f,3,1,3,3
247934,11552.412244,19,f,2,3,3,2
247943,11635.894631,19,f,3,1,3,2
247944,11653.154897,19,f,6,1,1,1
247952,11756.203319,19,f,2,3,3,1
247956,11807.813675,19,f,3,1,3,1
247987,12244.423209,19,f,0,1,5,1
248048,12822.392887,19,f,4,1,3,3
248263,14543.516668,19,f,2,1,5,3
248288,14702.619707,19,f,2,1,5,2
248307,14849.176146,19,f,2,1,5,1
248473,15849.564625,19,f,3,1,5,3
248507,16004.192942,19,f,3,1,5,2
257990,3490.136963,19,e,0,5,0,1
257996,4564.841412,19,e,3,1,0,4
257997,4616.464393,19,e,2,3,0,3
257998,4707.312,19,e,1,5,0,2
258001,4829.282559,19,e,0,7,0,1
258003,4950.882245,19,e,1,5,0,1
258006,5039.099815,19,e,2,3,0,1
258007,5086.710041,19,e,3,1,0,1
258013,5787.340332,19,e,4,1,0,5
258014,5833.132962,19,e,3,3,0,4
258015,5916.220218,19,e,2,5,0,3
258017,6030.059425,19,e,1,7,0,2
258018,6051.764388,19,e,3,3,0,3
258020,6164.989272,19,e,2,5,0,2
258021,6169.689097,19,e,0,9,0,1
258024,6267.41221,19,e,3,3,0,2
258025,6307.726114,19,e,1,7,0,1
258026,6325.052924,19,e,1,4,1,2
258029,6417.711687,19,e,2,5,0,1
258030,6432.837285,19,e,0,6,1,1
258039,6748.518492,19,e,0,3,2,1
258041,6999.217223,19,e,5,1,0,6
258047,7269.109093,19,e,4,3,0,4
258053,7489.276239,19,e,4,3,0,3
258056,7521.545391,19,e,2,4,1,3
258057,7563.991682,19,e,5,1,0,3
258059,7620.794384,19,e,1,6,1,2
258060,7626.811274,19,e,3,5,0,2
258063,7715.865851,19,e,4,3,0,2
258065,7747.842918,19,e,0,8,1,1
258066,7749.52924,19,e,2,4,1,2
258070,7878.982192,19,e,1,6,1,1
258073,7890.690335,19,e,3,5,0,1
258074,7944.048545,19,e,1,3,2,2
258075,7960.315678,19,e,4,3,0,1
258076,7980.131688,19,e,2,4,1,1
258077,7995.954074,19,e,5,1,0,1
258078,8036.679359,19,e,0,5,2,1
258101,8709.413962,19,e,3,4,1,4
258103,8801.545381,19,e,2,6,1,3
258111,8944.997223,19,e,3,4,1,3
258117,9064.217969,19,e,2,6,1,2
258119,9081.781914,19,e,3,1,2,4
258122,9128.649059,19,e,2,3,2,3
258124,9171.168581,19,e,5,3,0,2
258125,9178.452713,19,e,3,4,1,2
258128,9212.682667,19,e,6,1,0,2
258134,9330.247253,19,e,2,6,1,1
258135,9334.810739,19,e,2,3,2,2
258138,9415.298988,19,e,3,1,2,2
258139,9420.160432,19,e,3,4,1,1
258148,9541.481485,19,e,2,3,2,1
258150,9591.311077,19,e,3,1,2,1
258170,10023.415454,19,e,7,1,0,5
258182,10212.906712,19,e,7,1,0,4
258185,10259.897158,19,e,5,2,1,4
258186,10261.893899,19,e,4,1,2,5
258190,10341.22438,19,e,6,0,1,4
258199,10461.487135,19,e,5,2,1,3
258202,10500.02318,19,e,6,0,1,3
258218,10678.593317,19,e,5,2,1,2
258220,10701.814205,19,e,6,0,1,2
258229,10805.154997,19,e,1,4,3,2
258239,10918.179895,19,e,5,2,1,1
258241,10932.435082,19,e,6,0,1,1
258242,10942.269061,19,e,7,1,0,1
258246,10992.780311,19,e,4,1,2,1
258249,11021.828972,19,e,1,4,3,1
258254,11101.116897,19,e,2,2,3,1
258259,11187.613285,19,e,1,1,4,2
258268,11327.658442,19,e,1,1,4,1
258317,11878.244224,19,e,4,0,3,5
258340,12095.894745,19,e,3,2,3,3
258352,12181.515551,19,e,5,1,2,2
258362,12281.06832,19,e,3,2,3,2
258389,12500.790902,19,e,4,0,3,1
258421,12850.254116,19,e,0,2,5,1
258579,13994.254963,19,e,1,2,5,2
258602,14162.773186,19,e,1,2,5,1
258760,15102.860613,19,e,3,0,5,4
258792,15263.779577,19,e,3,0,5,3
258819,15381.569429,19,e,3,0,5,2
258839,15515.686543,19,e,3,0,5,1
269292,4063.495784,20,e,1,4,0,2
269295,4175.321565,20,e,0,6,0,1
269299,4389.297015,20,e,3,0,0,1
269306,5280.838519,20,e,2,4,0,3
269307,5361.063727,20,e,4,0,0,4
269308,5383.928162,20,e,1,6,0,2
269309,5409.871936,20,e,3,2,0,3
269310,5492.885071,20,e,4,0,0,3
269311,5510.965133,20,e,2,4,0,2
269312,5515.160433,20,e,0,8,0,1
269313,5601.477892,20,e,3,2,0,2
269316,5645.312403,20,e,1,6,0,1
269318,5745.069569,20,e,2,4,0,1
269319,5791.438314,20,e,0,5,1,1
269321,5809.333951,20,e,3,2,0,1
269322,5831.976512,20,e,4,0,0,1
269327,6177.93236,20,e,1,0,2,1
269328,6405.046871,20,e,5,0,0,6
269329,6427.19734,20,e,4,2,0,5
269330,6489.46795,20,e,3,4,0,4
269335,6726.917569,20,e,3,4,0,3
269336,6751.431207,20,e,5,0,0,4
269337,6834.700381,20,e,4,2,0,3
269338,6850.764536,20,e,2,6,0,2
269341,6888.620725,20,e,5,0,0,3
269342,6900.595401,20,e,2,3,1,3
269343,6963.221485,20,e,3,4,0,2
269344,6987.975994,20,e,1,5,1,2
269349,7105.814122,20,e,0,7,1,1
269350,7108.18454,20,e,2,3,1,2
269351,7120.429723,20,e,2,6,0,1
269353,7210.05456,20,e,3,4,0,1
269354,7228.661901,20,e,1,5,1,1
269358,7318.000873,20,e,2,3,1,1
269361,7407.885969,20,e,0,4,2,1
269370,7824.2085,20,e,6,0,0,6
269378,8060.711502,20,e,5,2,0,4
269380,8137.234981,20,e,6,0,0,4
269381,8174.840112,20,e,4,4,0,3
269382,8176.577495,20,e,2,5,1,3
269386,8264.869217,20,e,5,2,0,3
269387,8286.221242,20,e,1,7,1,2
269388,8302.025746,20,e,6,0,0,3
269389,8313.505892,20,e,3,3,1,3
269393,8420.359852,20,e,4,4,0,2
269395,8423.091055,20,e,2,5,1,2
269396,8486.271898,20,e,5,2,0,2
269399,8509.565639,20,e,6,0,0,2
269402,8560.420746,20,e,1,7,1,1
269404,8593.000341,20,e,1,4,2,2
269407,8671.04315,20,e,2,5,1,1
269408,8682.130663,20,e,4,4,0,1
269411,8732.172555,20,e,5,2,0,1
269412,8749.522641,20,e,6,0,0,1
269416,8811.774854,20,e,1,4,2,1
269435,9282.991329,20,e,4,3,1,5
269445,9510.097299,20,e,4,3,1,4
269451,9608.876707,20,e,3,5,1,3
269467,9859.845782,20,e,3,5,1,2
269468,9860.401824,20,e,4,0,2,4
269474,9950.990217,20,e,4,3,1,2
269478,9993.727763,20,e,4,0,2,3
269480,10000.809433,20,e,5,1,1,2
269489,10130.460036,20,e,4,0,2,2
269498,10228.508957,20,e,5,1,1,1
269502,10288.185777,20,e,0,5,3,1
269503,10288.481674,20,e,3,2,2,1
269505,10312.244242,20,e,4,0,2,1
269522,10641.817541,20,e,0,2,4,1
269534,10840.421177,20,e,6,1,1,5
269547,11017.369859,20,e,6,1,1,4
269566,11205.437739,20,e,6,1,1,3
269576,11318.146476,20,e,3,1,3,4
269581,11362.812753,20,e,2,3,3,3
269596,11494.378297,20,e,3,1,3,3
269602,11567.745383,20,e,2,3,3,2
269611,11650.648328,20,e,3,1,3,2
269613,11665.97686,20,e,6,1,1,1
269623,11771.540593,20,e,2,3,3,1
269628,11822.63854,20,e,3,1,3,1
269637,11907.955276,20,e,2,0,4,2
269642,12019.421928,20,e,2,0,4,1
269666,12259.232537,20,e,0,1,5,1
269734,12837.017782,20,e,4,1,3,3
269827,13556.785069,20,e,1,1,5,1
269985,14558.116688,20,e,2,1,5,3
270015,14717.342798,20,e,2,1,5,2
270037,14863.853475,20,e,2,1,5,1
270228,15864.490996,20,e,3,1,5,3
270266,16018.677154,20,e,3,1,5,2
280909,3505.883511,20,f,0,5,0,1
280913,4581.216935,20,f,3,1,0,4
280914,4632.180378,20,f,2,3,0,3
280915,4723.069349,20,f,1,5,0,2
280918,4845.083585,20,f,0,7,0,1
280920,4966.618665,20,f,1,5,0,1
280922,5054.783417,20,f,2,3,0,1
280923,5103.08322,20,f,3,1,0,1
280927,5803.904967,20,f,4,1,0,5
280929,5931.990133,20,f,2,5,0,3
280931,6045.870947,20,f,1,7,0,2
280932,6067.450808,20,f,3,3,0,3
280933,6164.661891,20,f,4,1,0,3
280934,6180.727867,20,f,2,5,0,2
280935,6185.543217,20,f,0,9,0,1
280937,6283.084829,20,f,3,3,0,2
280938,6323.512656,20,f,1,7,0,1
280939,6340.666418,20,f,1,4,1,2
280940,6343.468604,20,f,4,1,0,2
280941,6433.437131,20,f,2,5,0,1
280942,6448.498396,20,f,0,6,1,1
280944,6511.382119,20,f,3,3,0,1
280945,6552.964361,20,f,4,1,0,1
280949,6763.969013,20,f,0,3,2,1
280954,7223.273588,20,f,5,1,0,5
280959,7404.109436,20,f,5,1,0,4
280961,7504.941113,20,f,4,3,0,3
280964,7537.175301,20,f,2,4,1,3
280965,7580.430916,20,f,5,1,0,3
280966,7636.457824,20,f,1,6,1,2
280967,7642.542605,20,f,3,5,0,2
280970,7731.529103,20,f,4,3,0,2
280971,7763.558783,20,f,0,8,1,1
280972,7765.12921,20,f,2,4,1,2
280973,7781.245623,20,f,5,1,0,2
280976,7894.621037,20,f,1,6,1,1
280978,7906.421466,20,f,3,5,0,1
280980,7975.982095,20,f,4,3,0,1
280981,7995.73724,20,f,2,4,1,1
280982,8012.833611,20,f,5,1,0,1
280983,8052.191794,20,f,0,5,2,1
281002,8725.070325,20,f,3,4,1,4
281004,8817.22916,20,f,2,6,1,3
281011,8960.610801,20,f,3,4,1,3
281016,9079.869429,20,f,2,6,1,2
281018,9097.917722,20,f,3,1,2,4
281020,9144.134493,20,f,2,3,2,3
281022,9186.785756,20,f,5,3,0,2
281023,9194.082485,20,f,3,4,1,2
281031,9345.917868,20,f,2,6,1,1
281032,9350.261044,20,f,2,3,2,2
281035,9431.184518,20,f,3,1,2,2
281036,9435.718013,20,f,3,4,1,1
281043,9556.935058,20,f,2,3,2,1
281045,9607.266421,20,f,3,1,2,1
281075,10275.510766,20,f,5,2,1,4
281076,10278.095795,20,f,4,1,2,5
281088,10477.052894,20,f,5,2,1,3
281106,10694.371453,20,f,5,2,1,2
281115,10820.535576,20,f,1,4,3,2
281124,10933.903018,20,f,5,2,1,1
281131,11037.190557,20,f,1,4,3,1
281140,11203.131891,20,f,1,1,4,2
281148,11343.090145,20,f,1,1,4,1
281213,12111.205254,20,f,3,2,3,3
281232,12296.36175,20,f,3,2,3,2
281284,12865.310261,20,f,0,2,5,1
281425,14009.333827,20,f,1,2,5,2
281446,14177.824814,20,f,1,2,5,1
291509,4080.011404,21,f,1,4,0,2
291511,4191.883714,21,f,0,6,0,1
291512,4303.744447,21,f,1,4,0,1
291518,5297.368133,21,f,2,4,0,3
291519,5400.501493,21,f,1,6,0,2
291520,5426.306635,21,f,3,2,0,3
291521,5527.461586,21,f,2,4,0,2
291522,5531.779048,21,f,0,8,0,1
291523,5617.909197,21,f,3,2,0,2
291525,5661.861777,21,f,1,6,0,1
291527,5761.559394,21,f,2,4,0,1
291528,5807.849011,21,f,0,5,1,1
291530,5825.797584,21,f,3,2,0,1
291534,6443.6867,21,f,4,2,0,5
291535,6506.013079,21,f,3,4,0,4
291539,6743.418216,21,f,3,4,0,3
291540,6851.116653,21,f,4,2,0,3
291541,6867.317038,21,f,2,6,0,2
291545,6979.702849,21,f,3,4,0,2
291546,7004.401516,21,f,1,5,1,2
291550,7122.28188,21,f,0,7,1,1
291551,7124.529386,21,f,2,3,1,2
291552,7136.970623,21,f,2,6,0,1
291554,7226.532878,21,f,3,4,0,1
291555,7245.071798,21,f,1,5,1,1
291557,7334.346611,21,f,2,3,1,1
291560,7424.140825,21,f,0,4,2,1
291574,8191.278626,21,f,4,4,0,3
291575,8193.056854,21,f,2,5,1,3
291580,8302.70473,21,f,1,7,1,2
291585,8436.758334,21,f,4,4,0,2
291587,8439.572415,21,f,2,5,1,2
291588,8502.722127,21,f,5,2,0,2
291592,8576.881384,21,f,1,7,1,1
291594,8609.271791,21,f,1,4,2,2
291596,8687.41642,21,f,2,5,1,1
291597,8698.631753,21,f,4,4,0,1
291600,8748.65881,21,f,5,2,0,1
291603,8828.027187,21,f,1,4,2,1
291618,9299.423707,21,f,4,3,1,5
291626,9526.462899,21,f,4,3,1,4
291631,9625.28247,21,f,3,5,1,3
291638,9744.248245,21,f,4,3,1,3
291645,9876.206134,21,f,3,5,1,2
291651,9967.384751,21,f,4,3,1,2
291655,10017.473632,21,f,5,1,1,2
291670,10243.819062,21,f,5,1,1,1
291673,10304.349931,21,f,0,5,3,1
291674,10304.70386,21,f,3,2,2,1
291678,10410.588083,21,f,1,3,3,1
291689,10657.753024,21,f,0,2,4,1
291699,10857.707363,21,f,6,1,1,5
291710,11034.538737,21,f,6,1,1,4
291726,11223.303085,21,f,6,1,1,3
291735,11335.004377,21,f,3,1,3,4
291739,11378.951997,21,f,2,3,3,3
291752,11511.108763,21,f,3,1,3,3
291757,11583.844724,21,f,2,3,3,2
291766,11667.216656,21,f,3,1,3,2
291767,11684.943166,21,f,6,1,1,1
291775,11787.644407,21,f,2,3,3,1
291779,11839.216702,21,f,3,1,3,1
291810,12275.24229,21,f,0,1,5,1
291871,12853.707238,21,f,4,1,3,3
292087,14574.48723,21,f,2,1,5,3
292112,14733.453997,21,f,2,1,5,2
292132,14880.012925,21,f,2,1,5,1
292300,15880.457792,21,f,3,1,5,3
292334,16034.992196,21,f,3,1,5,2
302245,3522.416888,21,e,0,5,0,1
302251,4596.920748,21,e,3,1,0,4
302252,4648.681556,21,e,2,3,0,3
302253,4739.614035,21,e,1,5,0,2
302256,4861.674147,21,e,0,7,0,1
302258,4983.141416,21,e,1,5,0,1
302261,5071.250581,21,e,2,3,0,1
302262,5118.713266,21,e,3,1,0,1
302269,5865.383685,21,e,3,3,0,4
302270,5948.547986,21,e,2,5,0,3
302272,6062.472501,21,e,1,7,0,2
302273,6083.920985,21,e,3,3,0,3
302275,6197.252872,21,e,2,5,0,2
302276,6202.189513,21,e,0,9,0,1
302279,6299.540522,21,e,3,3,0,2
302280,6340.088013,21,e,1,7,0,1
302281,6357.060065,21,e,1,4,1,2
302284,6449.948325,21,e,2,5,0,1
302285,6464.942095,21,e,0,6,1,1
302294,6780.19158,21,e,0,3,2,1
302296,7031.348255,21,e,5,1,0,6
302302,7301.280374,21,e,4,3,0,4
302308,7521.388666,21,e,4,3,0,3
302311,7553.58616,21,e,2,4,1,3
302312,7595.864932,21,e,5,1,0,3
302314,7652.904082,21,e,1,6,1,2
302315,7659.059811,21,e,3,5,0,2
302318,7747.974776,21,e,4,3,0,2
302320,7780.05995,21,e,0,8,1,1
302321,7781.508694,21,e,2,4,1,2
302325,7911.041543,21,e,1,6,1,1
302328,7922.938439,21,e,3,5,0,1
302330,7992.430397,21,e,4,3,0,1
302331,8012.122707,21,e,2,4,1,1
302333,8068.479368,21,e,0,5,2,1
302356,8741.508944,21,e,3,4,1,4
302357,8828.53567,21,e,6,1,0,4
302358,8833.696583,21,e,2,6,1,3
302366,8977.004583,21,e,3,4,1,3
302372,9096.303007,21,e,2,6,1,2
302374,9113.396815,21,e,3,1,2,4
302377,9160.393601,21,e,2,3,2,3
302379,9203.182263,21,e,5,3,0,2
302380,9210.493556,21,e,3,4,1,2
302383,9244.58115,21,e,6,1,0,2
302389,9362.370552,21,e,2,6,1,1
302390,9366.483377,21,e,2,3,2,2
302393,9446.759184,21,e,3,1,2,2
302394,9452.053762,21,e,3,4,1,1
302403,9573.16089,21,e,2,3,2,1
302405,9622.854452,21,e,3,1,2,1
302415,9846.913083,21,e,6,0,1,7
302425,10055.079499,21,e,7,1,0,5
302427,10059.540005,21,e,6,0,1,6
302437,10244.754317,21,e,7,1,0,4
302440,10291.596663,21,e,5,2,1,4
302441,10293.657776,21,e,4,1,2,5
302445,10372.768041,21,e,6,0,1,4
302454,10493.336212,21,e,5,2,1,3
302457,10531.734747,21,e,6,0,1,3
302473,10710.598902,21,e,5,2,1,2
302475,10733.700505,21,e,6,0,1,2
302484,10836.684673,21,e,1,4,3,2
302494,10950.101938,21,e,5,2,1,1
302495,10952.973745,21,e,2,2,3,2
302496,10963.970102,21,e,6,0,1,1
302497,10974.628436,21,e,7,1,0,1
302501,11024.454447,21,e,4,1,2,1
302504,11053.319798,21,e,1,4,3,1
302509,11132.485728,21,e,2,2,3,1
302514,11218.6726,21,e,1,1,4,2
302523,11358.662329,21,e,1,1,4,1
302572,11909.713217,21,e,4,0,3,5
302595,12127.280306,21,e,3,2,3,3
302607,12213.023593,21,e,5,1,2,2
302617,12312.414233,21,e,3,2,3,2
302644,12532.136422,21,e,4,0,3,1
302676,12881.120242,21,e,0,2,5,1
302834,14025.168604,21,e,1,2,5,2
302857,14193.627514,21,e,1,2,5,1
303016,15133.798059,21,e,3,0,5,4
303048,15294.59387,21,e,3,0,5,3
303076,15412.253298,21,e,3,0,5,2
303096,15546.484069,21,e,3,0,5,1
313976,4097.312908,22,e,1,4,0,2
313979,4209.233978,22,e,0,6,0,1
313980,4261.383062,22,e,3,0,0,2
313981,4321.025032,22,e,1,4,0,1
313982,4395.464599,22,e,2,2,0,1
313983,4422.916255,22,e,3,0,0,1
313989,5245.995589,22,e,3,2,0,4
313990,5314.684266,22,e,2,4,0,3
313991,5394.597276,22,e,4,0,0,4
313992,5417.863439,22,e,1,6,0,2
313993,5443.530016,22,e,3,2,0,3
313994,5526.304838,22,e,4,0,0,3
313995,5544.743023,22,e,2,4,0,2
313996,5549.18845,22,e,0,8,0,1
313997,5635.108681,22,e,3,2,0,2
314000,5679.198665,22,e,1,6,0,1
314002,5778.833917,22,e,2,4,0,1
314003,5825.040632,22,e,0,5,1,1
314005,5843.005633,22,e,3,2,0,1
314006,5865.624699,22,e,4,0,0,1
314011,6210.941419,22,e,1,0,2,1
314012,6438.816798,22,e,5,0,0,6
314013,6461.01459,22,e,4,2,0,5
314014,6523.345441,22,e,3,4,0,4
314019,6760.704016,22,e,3,4,0,3
314020,6784.822761,22,e,5,0,0,4
314021,6868.306,22,e,4,2,0,3
314022,6884.657172,22,e,2,6,0,2
314027,6996.968475,22,e,3,4,0,2
314028,7021.608639,22,e,1,5,1,2
314033,7139.533305,22,e,0,7,1,1
314034,7141.652006,22,e,2,3,1,2
314035,7154.298585,22,e,2,6,0,1
314037,7243.795254,22,e,3,4,0,1
314038,7262.26267,22,e,1,5,1,1
314042,7351.470146,22,e,2,3,1,1
314045,7441.169195,22,e,0,4,2,1
314054,7857.839684,22,e,6,0,0,6
314062,8094.318165,22,e,5,2,0,4
314064,8170.582877,22,e,6,0,0,4
314065,8208.499417,22,e,4,4,0,3
314066,8210.320261,22,e,2,5,1,3
314070,8298.457446,22,e,5,2,0,3
314071,8319.972575,22,e,1,7,1,2
314072,8335.522926,22,e,6,0,0,3
314073,8346.987778,22,e,3,3,1,3
314077,8453.937664,22,e,4,4,0,2
314079,8456.837509,22,e,2,5,1,2
314080,8519.883622,22,e,5,2,0,2
314083,8543.164702,22,e,6,0,0,2
314086,8594.12539,22,e,1,7,1,1
314088,8626.317507,22,e,1,4,2,2
314091,8704.569416,22,e,2,5,1,1
314092,8715.917397,22,e,4,4,0,1
314095,8765.770057,22,e,5,2,0,1
314096,8783.163312,22,e,6,0,0,1
314100,8845.052959,22,e,1,4,2,1
314119,9316.638222,22,e,4,3,1,5
314129,9543.606999,22,e,4,3,1,4
314135,9642.468962,22,e,3,5,1,3
314143,9761.366326,22,e,4,3,1,3
314151,9893.34487,22,e,3,5,1,2
314152,9893.458974,22,e,4,0,2,4
314158,9984.545264,22,e,4,3,1,2
314162,10026.579127,22,e,4,0,2,3
314164,10034.17507,22,e,5,1,1,2
314173,10163.467896,22,e,4,0,2,2
314182,10262.282898,22,e,5,1,1,1
314186,10321.283279,22,e,0,5,3,1
314187,10321.674681,22,e,3,2,2,1
314189,10345.422411,22,e,4,0,2,1
314206,10674.448341,22,e,0,2,4,1
314218,10873.583621,22,e,6,1,1,5
314231,11050.492128,22,e,6,1,1,4
314260,11351.056351,22,e,3,1,3,4
314265,11395.859112,22,e,2,3,3,3
314280,11527.156354,22,e,3,1,3,3
314281,11542.752314,22,e,5,0,2,2
314286,11600.710178,22,e,2,3,3,2
314294,11683.385504,22,e,3,1,3,2
314297,11698.804293,22,e,6,1,1,1
314307,11804.514629,22,e,2,3,3,1
314312,11855.472049,22,e,3,1,3,1
314321,11940.408463,22,e,2,0,4,2
314326,12051.929796,22,e,2,0,4,1
314350,12291.508097,22,e,0,1,5,1
314418,12869.728439,22,e,4,1,3,3
314510,13589.037107,22,e,1,1,5,1
314668,14590.494696,22,e,2,1,5,3
314699,14749.616815,22,e,2,1,5,2
314721,14896.118977,22,e,2,1,5,1
314913,15896.871395,22,e,3,1,5,3
314951,16050.872665,22,e,3,1,5,2
325978,3539.737019,22,f,0,5,0,1
325982,4615.007943,22,f,3,1,0,4
325983,4665.967994,22,f,2,3,0,3
325984,4756.94598,22,f,1,5,0,2
325987,4879.05417,22,f,0,7,0,1
325988,4951.3629,22,f,3,1,0,2
325989,5000.450426,22,f,1,5,0,1
325991,5088.501349,22,f,2,3,0,1
325992,5136.8033,22,f,3,1,0,1
325998,5965.893694,22,f,2,5,0,3
326000,6079.864007,22,f,1,7,0,2
326001,6101.174916,22,f,3,3,0,3
326002,6198.264025,22,f,4,1,0,3
326003,6214.564211,22,f,2,5,0,2
326004,6219.627905,22,f,0,9,0,1
326006,6316.779331,22,f,3,3,0,2
326007,6357.452109,22,f,1,7,0,1
326008,6374.233797,22,f,1,4,1,2
326009,6377.133968,22,f,4,1,0,2
326010,6467.245191,22,f,2,5,0,1
326011,6482.168312,22,f,0,6,1,1
326013,6545.093811,22,f,3,3,0,1
326014,6586.723136,22,f,4,1,0,1
326015,6595.33478,22,f,1,4,1,1
326018,6797.186135,22,f,0,3,2,1
326023,7257.005823,22,f,5,1,0,5
326025,7318.542188,22,f,4,3,0,4
326030,7538.618913,22,f,4,3,0,3
326033,7570.77789,22,f,2,4,1,3
326034,7614.041116,22,f,5,1,0,3
326035,7670.133097,22,f,1,6,1,2
326036,7676.362796,22,f,3,5,0,2
326039,7765.203278,22,f,4,3,0,2
326040,7797.346346,22,f,0,8,1,1
326041,7798.667627,22,f,2,4,1,2
326042,7814.949192,22,f,5,1,0,2
326045,7928.243666,22,f,1,6,1,1
326047,7940.241155,22,f,3,5,0,1
326049,8009.66223,22,f,4,3,0,1
326050,8029.288081,22,f,2,4,1,1
326051,8046.620314,22,f,5,1,0,1
326052,8085.542011,22,f,0,5,2,1
326071,8758.729739,22,f,3,4,1,4
326073,8850.947571,22,f,2,6,1,3
326080,8994.178504,22,f,3,4,1,3
326085,9113.518636,22,f,2,6,1,2
326087,9131.218832,22,f,3,1,2,4
326089,9177.426445,22,f,2,3,2,3
326091,9220.359354,22,f,5,3,0,2
326092,9227.686022,22,f,3,4,1,2
326100,9379.605194,22,f,2,6,1,1
326101,9383.477691,22,f,2,3,2,2
326104,9464.288896,22,f,3,1,2,2
326105,9469.167863,22,f,3,4,1,1
326109,9514.438981,22,f,6,1,0,1
326112,9590.158967,22,f,2,3,2,1
326114,9640.464105,22,f,3,1,2,1
326144,10308.813149,22,f,5,2,1,4
326145,10311.524602,22,f,4,1,2,5
326157,10510.463811,22,f,5,2,1,3
326175,10728.004226,22,f,5,2,1,2
326184,10853.602215,22,f,1,4,3,2
326193,10967.401726,22,f,5,2,1,1
326194,10969.940349,22,f,2,2,3,2
326200,11070.216632,22,f,1,4,3,1
326205,11149.322102,22,f,2,2,3,1
326209,11235.780112,22,f,1,1,4,2
326217,11375.668629,22,f,1,1,4,1
326282,12144.121778,22,f,3,2,3,3
326301,12329.236951,22,f,3,2,3,2
326353,12897.680779,22,f,0,2,5,1
326494,14041.753945,22,f,1,2,5,2
326515,14210.18358,22,f,1,2,5,1
336969,4115.400214,23,f,1,4,0,2
336971,4227.372281,23,f,0,6,0,1
336978,5332.786833,23,f,2,4,0,3
336979,5436.013919,23,f,1,6,0,2
336980,5461.527728,23,f,3,2,0,3
336981,5562.809367,23,f,2,4,0,2
336982,5567.38856,23,f,0,8,0,1
336983,5653.105842,23,f,3,2,0,2
336985,5697.322993,23,f,1,6,0,1
336987,5796.893062,23,f,2,4,0,1
336988,5843.013102,23,f,0,5,1,1
336990,5861.041932,23,f,3,2,0,1
336994,6479.065082,23,f,4,2,0,5
336995,6541.464947,23,f,3,4,0,4
336999,6778.774884,23,f,3,4,0,3
337000,6886.285781,23,f,4,2,0,3
337001,6902.784857,23,f,2,6,0,2
337004,6952.074357,23,f,2,3,1,3
337005,7015.018284,23,f,3,4,0,2
337006,7039.597283,23,f,1,5,1,2
337010,7157.568327,23,f,0,7,1,1
337012,7172.413526,23,f,2,6,0,1
337014,7261.841605,23,f,3,4,0,1
337015,7280.234453,23,f,1,5,1,1
337017,7369.371507,23,f,2,3,1,1
337020,7458.971003,23,f,0,4,2,1
337026,7907.149294,23,f,5,2,0,5
337032,8112.299762,23,f,5,2,0,4
337034,8226.502408,23,f,4,4,0,3
337035,8228.367628,23,f,2,5,1,3
337039,8316.441254,23,f,5,2,0,3
337040,8338.024697,23,f,1,7,1,2
337045,8471.897794,23,f,4,4,0,2
337047,8474.886232,23,f,2,5,1,2
337048,8537.909988,23,f,5,2,0,2
337050,8573.641836,23,f,2,2,2,3
337052,8612.152699,23,f,1,7,1,1
337054,8644.137412,23,f,1,4,2,2
337056,8722.502124,23,f,2,5,1,1
337057,8733.987469,23,f,4,4,0,1
337060,8783.848075,23,f,5,2,0,1
337063,8862.852103,23,f,1,4,2,1
337078,9334.633773,23,f,4,3,1,5
337086,9561.529989,23,f,4,3,1,4
337091,9660.436112,23,f,3,5,1,3
337098,9779.264999,23,f,4,3,1,3
337103,9856.657952,23,f,5,1,1,3
337105,9911.261893,23,f,3,5,1,2
337111,10002.504259,23,f,4,3,1,2
337115,10052.49029,23,f,5,1,1,2
337130,10279.00449,23,f,5,1,1,1
337133,10338.985756,23,f,0,5,3,1
337134,10339.44454,23,f,3,2,2,1
337149,10691.900177,23,f,0,2,4,1
337159,10892.621743,23,f,6,1,1,5
337170,11069.393749,23,f,6,1,1,4
337195,11369.59565,23,f,3,1,3,4
337199,11413.53422,23,f,2,3,3,3
337212,11545.545505,23,f,3,1,3,3
337217,11618.341698,23,f,2,3,3,2
337225,11701.587282,23,f,3,1,3,2
337235,11822.151311,23,f,2,3,3,1
337239,11873.682048,23,f,3,1,3,1
337270,12309.066025,23,f,0,1,5,1
337331,12888.073309,23,f,4,1,3,3
337546,14608.475883,23,f,2,1,5,3
337572,14767.294384,23,f,2,1,5,2
337592,14913.856627,23,f,2,1,5,1
337761,15914.362528,23,f,3,1,5,3
337795,16068.801125,23,f,3,1,5,2
348056,3557.843829,23,e,0,5,0,1
348062,4632.127004,23,e,3,1,0,4
348063,4684.039417,23,e,2,3,0,3
348064,4775.065104,23,e,1,5,0,2
348067,4897.223575,23,e,0,7,0,1
348069,5018.54562,23,e,1,5,0,1
348072,5106.535488,23,e,2,3,0,1
348073,5153.837064,23,e,3,1,0,1
348080,5900.778297,23,e,3,3,0,4
348081,5984.027171,23,e,2,5,0,3
348083,6098.045381,23,e,1,7,0,2
348084,6119.212421,23,e,3,3,0,3
348086,6232.661805,23,e,2,5,0,2
348087,6237.858314,23,e,0,9,0,1
348090,6334.801022,23,e,3,3,0,2
348091,6375.604866,23,e,1,7,0,1
348092,6392.187523,23,e,1,4,1,2
348095,6485.327649,23,e,2,5,0,1
348096,6500.176976,23,e,0,6,1,1
348105,6814.952588,23,e,0,3,2,1
348107,7066.610672,23,e,5,1,0,6
348113,7336.587813,23,e,4,3,0,4
348119,7556.631651,23,e,4,3,0,3
348122,7588.750405,23,e,2,4,1,3
348123,7630.845892,23,e,5,1,0,3
348125,7688.144809,23,e,1,6,1,2
348126,7694.451462,23,e,3,5,0,2
348129,7783.213882,23,e,4,3,0,2
348131,7815.417896,23,e,0,8,1,1
348132,7816.605929,23,e,2,4,1,2
348136,7946.227356,23,e,1,6,1,1
348139,7958.32951,23,e,3,5,0,1
348141,8027.675176,23,e,4,3,0,1
348142,8047.23325,23,e,2,4,1,1
348144,8103.379649,23,e,0,5,2,1
348167,8776.73262,23,e,3,4,1,4
348168,8863.444119,23,e,6,1,0,4
348177,9012.132485,23,e,3,4,1,3
348180,9057.107876,23,e,6,1,0,3
348183,9131.516246,23,e,2,6,1,2
348185,9148.093425,23,e,3,1,2,4
348188,9195.232756,23,e,2,3,2,3
348190,9238.315077,23,e,5,3,0,2
348191,9245.659679,23,e,3,4,1,2
348194,9279.590279,23,e,6,1,0,2
348200,9397.621684,23,e,2,6,1,1
348201,9401.243883,23,e,2,3,2,2
348204,9481.286862,23,e,3,1,2,2
348205,9487.060102,23,e,3,4,1,1
348214,9607.929169,23,e,2,3,2,1
348216,9657.473855,23,e,3,1,2,1
348219,9706.91481,23,e,0,4,3,1
348236,10089.838372,23,e,7,1,0,5
348248,10279.704994,23,e,7,1,0,4
348251,10326.380261,23,e,5,2,1,4
348252,10328.52378,23,e,4,1,2,5
348256,10407.387619,23,e,6,0,1,4
348265,10528.287367,23,e,5,2,1,3
348268,10566.539381,23,e,6,0,1,3
348284,10745.719843,23,e,5,2,1,2
348286,10768.696759,23,e,6,0,1,2
348295,10871.288123,23,e,1,4,3,2
348305,10985.101086,23,e,5,2,1,1
348306,10987.49038,23,e,2,2,3,2
348307,10998.638738,23,e,6,0,1,1
348308,11010.094453,23,e,7,1,0,1
348312,11059.214102,23,e,4,1,2,1
348315,11087.880997,23,e,1,4,3,1
348320,11166.912991,23,e,2,2,3,1
348325,11252.759794,23,e,1,1,4,2
348334,11392.68912,23,e,1,1,4,1
348383,11944.248536,23,e,4,0,3,5
348406,12161.727636,23,e,3,2,3,3
348418,12247.600083,23,e,5,1,2,2
348428,12346.816254,23,e,3,2,3,2
348455,12566.535857,23,e,4,0,3,1
348486,12914.995655,23,e,0,2,5,1
348645,14059.096608,23,e,1,2,5,2
348668,14227.490091,23,e,1,2,5,1
348827,15167.750505,23,e,3,0,5,4
348858,15328.434065,23,e,3,0,5,3
348887,15445.930268,23,e,3,0,5,2
348906,15580.285152,23,e,3,0,5,1
360134,4134.273239,24,e,1,4,0,2
360137,4246.298542,24,e,0,6,0,1
360141,4459.661661,24,e,3,0,0,1
360148,5351.675746,24,e,2,4,0,3
360149,5431.246797,24,e,4,0,0,4
360150,5454.952846,24,e,1,6,0,2
360151,5480.31664,24,e,3,2,0,3
360152,5562.831327,24,e,4,0,0,3
360153,5581.660537,24,e,2,4,0,2
360154,5586.379293,24,e,0,8,0,1
360155,5671.865182,24,e,3,2,0,2
360158,5716.234677,24,e,1,6,0,1
360160,5815.736752,24,e,2,4,0,1
360161,5861.766341,24,e,0,5,1,1
360163,5879.806053,24,e,3,2,0,1
360164,5902.402517,24,e,4,0,0,1
360169,6247.019168,24,e,1,0,2,1
360170,6475.722904,24,e,5,0,0,6
360171,6497.976205,24,e,4,2,0,5
360172,6560.371507,24,e,3,4,0,4
360177,6797.630736,24,e,3,4,0,3
360178,6821.317646,24,e,5,0,0,4
360179,6905.03492,24,e,4,2,0,3
360181,6921.700008,24,e,2,6,0,2
360184,6970.792534,24,e,2,3,1,3
360185,7033.852194,24,e,3,4,0,2
360186,7058.367366,24,e,1,5,1,2
360191,7176.38687,24,e,0,7,1,1
360192,7178.230325,24,e,2,3,1,2
360193,7191.315358,24,e,2,6,0,1
360195,7280.671833,24,e,3,4,0,1
360196,7298.987083,24,e,1,5,1,1
360200,7388.050479,24,e,2,3,1,1
360203,7477.546173,24,e,0,4,2,1
360212,7894.594597,24,e,6,0,0,6
360220,8131.048122,24,e,5,2,0,4
360222,8207.031225,24,e,6,0,0,4
360223,8245.287516,24,e,4,4,0,3
360224,8247.198862,24,e,2,5,1,3
360229,8356.861014,24,e,1,7,1,2
360230,8372.135423,24,e,6,0,0,3
360235,8490.638658,24,e,4,4,0,2
360237,8493.718478,24,e,2,5,1,2
360238,8556.617324,24,e,5,2,0,2
360241,8579.890012,24,e,6,0,0,2
360243,8596.422354,24,e,3,3,1,2
360244,8630.963244,24,e,1,7,1,1
360246,8662.731421,24,e,1,4,2,2
360249,8741.214524,24,e,2,5,1,1
360250,8752.841785,24,e,4,4,0,1
360253,8802.48472,24,e,5,2,0,1
360254,8819.928068,24,e,6,0,0,1
360258,8881.424549,24,e,1,4,2,1
360274,9313.157736,24,e,5,1,1,6
360277,9353.411509,24,e,4,3,1,5
360287,9580.231161,24,e,4,3,1,4
360293,9679.183847,24,e,3,5,1,3
360301,9797.937253,24,e,4,3,1,3
360309,9929.587829,24,e,4,0,2,4
360310,9929.957097,24,e,3,5,1,2
360316,10021.219206,24,e,4,3,1,2
360320,10062.490666,24,e,4,0,2,3
360331,10199.544998,24,e,4,0,2,2
360340,10299.180216,24,e,5,1,1,1
360344,10357.457276,24,e,0,5,3,1
360345,10357.952824,24,e,3,2,2,1
360347,10381.683997,24,e,4,0,2,1
360364,10710.112313,24,e,0,2,4,1
360376,10909.828178,24,e,6,1,1,5
360389,11086.693525,24,e,6,1,1,4
360418,11387.024659,24,e,3,1,3,4
360423,11431.976982,24,e,2,3,3,3
360438,11562.983831,24,e,3,1,3,3
360439,11578.940793,24,e,5,0,2,2
360444,11636.739174,24,e,2,3,3,2
360452,11719.174525,24,e,3,1,3,2
360455,11734.70817,24,e,6,1,1,1
360465,11840.554256,24,e,2,3,3,1
360470,11891.358479,24,e,3,1,3,1
360478,11975.878139,24,e,2,0,4,2
360484,12087.460104,24,e,2,0,4,1
360508,12326.783783,24,e,0,1,5,1
360576,12905.479742,24,e,4,1,3,3
360668,13624.287313,24,e,1,1,5,1
360826,14625.881271,24,e,2,1,5,3
360856,14784.891518,24,e,2,1,5,2
360878,14931.38423,24,e,2,1,5,1
361071,15932.266149,24,e,3,1,5,3
361109,16086.077365,24,e,3,1,5,2
372447,3576.737237,24,f,0,5,0,1
372451,4651.939,24,f,3,1,0,4
372452,4702.895987,24,f,2,3,0,3
372453,4793.971321,24,f,1,5,0,2
372456,4916.182278,24,f,0,7,0,1
372458,5037.426919,24,f,1,5,0,1
372460,5125.353137,24,f,2,3,0,1
372461,5173.658492,24,f,3,1,0,1
372462,5204.946133,24,f,0,4,1,1
372465,5874.760332,24,f,4,1,0,5
372466,5919.654575,24,f,3,3,0,4
372467,6002.94833,24,f,2,5,0,3
372469,6117.016536,24,f,1,7,0,2
372470,6138.033543,24,f,3,3,0,3
372471,6234.989648,24,f,4,1,0,3
372472,6251.54557,24,f,2,5,0,2
372473,6256.880653,24,f,0,9,0,1
372475,6353.605721,24,f,3,3,0,2
372476,6394.546199,24,f,1,7,0,1
372477,6410.921177,24,f,1,4,1,2
372478,6413.929304,24,f,4,1,0,2
372479,6504.195613,24,f,2,5,0,1
372480,6518.968014,24,f,0,6,1,1
372482,6581.938991,24,f,3,3,0,1
372483,6623.620872,24,f,4,1,0,1
372484,6631.979816,24,f,1,4,1,1
372487,6833.490884,24,f,0,3,2,1
372492,7293.872379,24,f,5,1,0,5
372499,7575.426957,24,f,4,3,0,3
372502,7607.503619,24,f,2,4,1,3
372503,7650.77602,24,f,5,1,0,3
372504,7706.939151,24,f,1,6,1,2
372505,7713.325708,24,f,3,5,0,2
372508,7802.007348,24,f,4,3,0,2
372509,7834.274522,24,f,0,8,1,1
372510,7835.323531,24,f,2,4,1,2
372511,7851.786552,24,f,5,1,0,2
372514,7964.992561,24,f,1,6,1,1
372516,7977.203396,24,f,3,5,0,1
372517,8029.107081,24,f,1,3,2,2
372518,8046.47215,24,f,4,3,0,1
372519,8065.958242,24,f,2,4,1,1
372520,8083.548904,24,f,5,1,0,1
372521,8121.992205,24,f,0,5,2,1
372540,8795.517501,24,f,3,4,1,4
372549,9030.86646,24,f,3,4,1,3
372554,9150.295763,24,f,2,6,1,2
372556,9167.614458,24,f,3,1,2,4
372558,9213.81269,24,f,2,3,2,3
372560,9257.051652,24,f,5,3,0,2
372561,9264.414746,24,f,3,4,1,2
372569,9416.419917,24,f,2,6,1,1
372570,9419.781916,24,f,2,3,2,2
372573,9500.470793,24,f,3,1,2,2
372574,9505.730813,24,f,3,4,1,1
372578,9551.298525,24,f,6,1,0,1
372581,9626.47151,24,f,2,3,2,1
372583,9676.748402,24,f,3,1,2,1
372613,10345.213405,24,f,5,2,1,4
372614,10348.056892,24,f,4,1,2,5
372626,10546.978543,24,f,5,2,1,3
372653,10889.742316,24,f,1,4,3,2
372662,11003.93617,24,f,5,2,1,1
372663,11006.104594,24,f,2,2,3,2
372669,11106.312823,24,f,1,4,3,1
372674,11185.280444,24,f,2,2,3,1
372678,11271.462729,24,f,1,1,4,2
372686,11411.275664,24,f,1,1,4,1
372751,12180.099326,24,f,3,2,3,3
372770,12365.168355,24,f,3,2,3,2
372820,12933.06021,24,f,0,2,5,1
372963,14077.187839,24,f,1,2,5,2
372984,14245.550413,24,f,1,2,5,1
383752,4153.931895,25,f,1,4,0,2
383754,4266.012675,25,f,0,6,0,1
383761,5371.350912,25,f,2,4,0,3
383762,5474.68013,25,f,1,6,0,2
383763,5499.876682,25,f,3,2,0,3
383764,5601.296446,25,f,2,4,0,2
383765,5606.160563,25,f,0,8,0,1
383766,5691.428715,25,f,3,2,0,2
383768,5735.933636,25,f,1,6,0,1
383770,5835.364906,25,f,2,4,0,1
383771,5881.300269,25,f,0,5,1,1
383773,5899.416983,25,f,3,2,0,1
383777,6517.584481,25,f,4,2,0,5
383778,6580.065022,25,f,3,4,0,4
383782,6817.271479,25,f,3,4,0,3
383783,6924.578404,25,f,4,2,0,3
383784,6941.402535,25,f,2,6,0,2
383788,7053.470119,25,f,3,4,0,2
383789,7077.918801,25,f,1,5,1,2
383793,7195.988855,25,f,0,7,1,1
383794,7197.685877,25,f,2,3,1,2
383795,7211.003991,25,f,2,6,0,1
383797,7300.285852,25,f,3,4,0,1
383798,7318.520492,25,f,1,5,1,1
383800,7407.507149,25,f,2,3,1,1
383803,7496.894625,25,f,0,4,2,1
383809,7945.544484,25,f,5,2,0,5
383815,8150.593637,25,f,5,2,0,4
383817,8264.854654,25,f,4,4,0,3
383818,8266.81387,25,f,2,5,1,3
383822,8354.718421,25,f,5,2,0,3
383823,8376.481437,25,f,1,7,1,2
383824,8403.045462,25,f,3,3,1,3
383828,8510.160199,25,f,4,4,0,2
383830,8513.334145,25,f,2,5,1,2
383831,8576.223642,25,f,5,2,0,2
383833,8611.490907,25,f,2,2,2,3
383835,8650.556951,25,f,1,7,1,1
383837,8682.099452,25,f,1,4,2,2
383839,8760.706595,25,f,2,5,1,1
383840,8772.480232,25,f,4,4,0,1
383843,8822.162871,25,f,5,2,0,1
383846,8900.770225,25,f,1,4,2,1
383852,9112.81729,25,f,0,3,3,1
383861,9372.969737,25,f,4,3,1,5
383869,9599.711221,25,f,4,3,1,4
383874,9698.71209,25,f,3,5,1,3
383881,9817.391872,25,f,4,3,1,3
383888,9949.43037,25,f,3,5,1,2
383894,10040.744727,25,f,4,3,1,2
383910,10287.523592,25,f,1,3,3,2
383913,10317.316409,25,f,5,1,1,1
383916,10376.69777,25,f,0,5,3,1
383917,10377.271554,25,f,3,2,2,1
383921,10482.618062,25,f,1,3,3,1
383932,10729.080124,25,f,0,2,4,1
383942,10930.636034,25,f,6,1,1,5
383953,11107.344699,25,f,6,1,1,4
383978,11407.258144,25,f,3,1,3,4
383982,11451.187654,25,f,2,3,3,3
383995,11583.041162,25,f,3,1,3,3
384000,11655.902572,25,f,2,3,3,2
384008,11739.017362,25,f,3,1,3,2
384018,11859.723588,25,f,2,3,3,1
384022,11911.209326,25,f,3,1,3,1
384053,12345.893831,25,f,0,1,5,1
384114,12925.490356,25,f,4,1,3,3
384329,14645.481971,25,f,2,1,5,3
384354,14804.140281,25,f,2,1,5,2
384374,14950.713521,25,f,2,1,5,1
384544,15951.278175,25,f,3,1,5,3
384578,16105.629233,25,f,3,1,5,2
395120,3596.41716,25,e,0,5,0,1
395126,4670.459411,25,e,3,1,0,4
395127,4722.537292,25,e,2,3,0,3
395128,4813.664542,25,e,1,5,0,2
395131,4935.930195,25,e,0,7,0,1
395133,5057.094242,25,e,1,5,0,1
395136,5144.953924,25,e,2,3,0,1
395137,5192.080965,25,e,3,1,0,1
395144,5939.31609,25,e,3,3,0,4
395145,6022.657074,25,e,2,5,0,3
395147,6136.777381,25,e,1,7,0,2
395148,6157.638029,25,e,3,3,0,3
395150,6271.215418,25,e,2,5,0,2
395151,6276.694834,25,e,0,9,0,1
395154,6373.193074,25,e,3,3,0,2
395155,6414.276025,25,e,1,7,0,1
395156,6430.434647,25,e,1,4,1,2
395159,6523.848996,25,e,2,5,0,1
395160,6538.541347,25,e,0,6,1,1
395163,6601.536017,25,e,3,3,0,1
395169,6852.800919,25,e,0,3,2,1
395171,7105.00355,25,e,5,1,0,6
395177,7375.030707,25,e,4,3,0,4
395183,7595.004535,25,e,4,3,0,3
395186,7627.037441,25,e,2,4,1,3
395189,7726.516052,25,e,1,6,1,2
395190,7732.985427,25,e,3,5,0,2
395193,7821.582492,25,e,4,3,0,2
395195,7853.916142,25,e,0,8,1,1
395196,7854.820341,25,e,2,4,1,2
395200,7984.539224,25,e,1,6,1,1
395203,7996.862703,25,e,3,5,0,1
395205,8066.049127,25,e,4,3,0,1
395206,8085.462883,25,e,2,4,1,1
395208,8141.379598,25,e,0,5,2,1
395227,8755.004015,25,e,4,2,1,5
395231,8815.084284,25,e,3,4,1,4
395232,8901.453046,25,e,6,1,0,4
395241,9050.380337,25,e,3,4,1,3
395247,9169.857113,25,e,2,6,1,2
395249,9185.871005,25,e,3,1,2,4
395252,9233.165847,25,e,2,3,2,3
395254,9276.565907,25,e,5,3,0,2
395255,9283.950835,25,e,3,4,1,2
395258,9317.709683,25,e,6,1,0,2
395264,9435.999792,25,e,2,6,1,1
395265,9439.09166,25,e,2,3,2,2
395268,9518.881524,25,e,3,1,2,2
395269,9525.179565,25,e,3,4,1,1
395273,9568.059689,25,e,6,1,0,1
395278,9645.785821,25,e,2,3,2,1
395280,9695.168907,25,e,3,1,2,1
395300,10127.691872,25,e,7,1,0,5
395312,10317.757802,25,e,7,1,0,4
395315,10364.246225,25,e,5,2,1,4
395316,10366.49215,25,e,4,1,2,5
395320,10445.082706,25,e,6,0,1,4
395329,10566.339648,25,e,5,2,1,3
395332,10604.436881,25,e,6,0,1,3
395350,10806.802675,25,e,6,0,1,2
395359,10908.964707,25,e,1,4,3,2
395369,11023.136047,25,e,5,2,1,1
395370,11025.146522,25,e,2,2,3,2
395371,11036.443625,25,e,6,0,1,1
395376,11097.059304,25,e,4,1,2,1
395379,11125.512041,25,e,1,4,3,1
395384,11204.398145,25,e,2,2,3,1
395389,11289.874228,25,e,1,1,4,2
395398,11429.738296,25,e,1,1,4,1
395470,12199.235701,25,e,3,2,3,3
395481,12285.242792,25,e,5,1,2,2
395492,12384.273817,25,e,3,2,3,2
395498,12427.434754,25,e,4,0,3,2
395519,12603.98739,25,e,4,0,3,1
395550,12951.879782,25,e,0,2,5,1
395709,14096.038477,25,e,1,2,5,2
395732,14264.360376,25,e,1,2,5,1
395891,15204.717052,25,e,3,0,5,4
395922,15365.321229,25,e,3,0,5,3
395950,15482.588548,25,e,3,0,5,2
395970,15617.089492,25,e,3,0,5,1
407475,4174.376092,26,e,1,4,0,2
407478,4286.514591,26,e,0,6,0,1
407482,4499.532916,26,e,3,0,0,1
407489,5391.812236,26,e,2,4,0,3
407490,5471.011385,26,e,4,0,0,4
407491,5495.195678,26,e,1,6,0,2
407492,5520.23115,26,e,3,2,0,3
407493,5602.463986,26,e,4,0,0,3
407494,5621.717005,26,e,2,4,0,2
407495,5626.732277,26,e,0,8,0,1
407496,5711.746656,26,e,3,2,0,2
407499,5756.419781,26,e,1,6,0,1
407501,5855.777437,26,e,2,4,0,1
407502,5901.6148,26,e,0,5,1,1
407504,5919.734274,26,e,3,2,0,1
407505,5942.309864,26,e,4,0,0,1
407510,6286.165097,26,e,1,0,2,1
407511,6515.76383,26,e,5,0,0,6
407512,6538.081777,26,e,4,2,0,5
407513,6600.545396,26,e,3,4,0,4
407518,6837.697021,26,e,3,4,0,3
407519,6860.915109,26,e,5,0,0,4
407520,6944.886376,26,e,4,2,0,3
407522,6961.892346,26,e,2,6,0,2
407525,7010.566396,26,e,2,3,1,3
407526,7073.871966,26,e,3,4,0,2
407527,7098.251499,26,e,1,5,1,2
407532,7216.374201,26,e,0,7,1,1
407534,7231.479331,26,e,2,6,0,1
407536,7320.683546,26,e,3,4,0,1
407537,7338.834611,26,e,1,5,1,1
407541,7427.74121,26,e,2,3,1,1
407544,7517.016274,26,e,0,4,2,1
407553,7934.471994,26,e,6,0,0,6
407554,7965.957909,26,e,5,2,0,5
407561,8170.90061,26,e,5,2,0,4
407563,8246.579592,26,e,6,0,0,4
407564,8285.203729,26,e,4,4,0,3
407565,8287.212553,26,e,2,5,1,3
407570,8396.885878,26,e,1,7,1,2
407576,8530.462333,26,e,4,4,0,2
407578,8533.733119,26,e,2,5,1,2
407579,8596.471735,26,e,5,2,0,2
407582,8619.74178,26,e,6,0,0,2
407583,8631.591686,26,e,2,2,2,3
407584,8636.112245,26,e,3,3,1,2
407585,8670.933747,26,e,1,7,1,1
407587,8702.241409,26,e,1,4,2,2
407590,8780.97831,26,e,2,5,1,1
407591,8792.90259,26,e,4,4,0,1
407594,8842.314441,26,e,5,2,0,1
407599,8920.889053,26,e,1,4,2,1
407603,8997.975655,26,e,2,2,2,1
407618,9393.310288,26,e,4,3,1,5
407628,9619.969053,26,e,4,3,1,4
407642,9837.617541,26,e,4,3,1,3
407649,9968.787498,26,e,4,0,2,4
407657,10061.011007,26,e,4,3,1,2
407661,10101.462104,26,e,4,0,2,3
407663,10110.195063,26,e,5,1,1,2
407672,10238.691009,26,e,4,0,2,2
407681,10339.199481,26,e,5,1,1,1
407685,10396.707144,26,e,0,5,3,1
407686,10397.315353,26,e,3,2,2,1
407688,10421.028665,26,e,4,0,2,1
407705,10748.808855,26,e,0,2,4,1
407717,10949.154114,26,e,6,1,1,5
407730,11125.973517,26,e,6,1,1,4
407759,11426.05062,26,e,3,1,3,4
407764,11471.165729,26,e,2,3,3,3
407779,11601.860883,26,e,3,1,3,3
407780,11618.207078,26,e,5,0,2,2
407785,11675.831753,26,e,2,3,3,2
407793,11758.003864,26,e,3,1,3,2
407806,11879.65901,26,e,2,3,3,1
407811,11930.297479,26,e,3,1,3,1
407819,12014.363665,26,e,2,0,4,2
407825,12126.012442,26,e,2,0,4,1
407849,12365.058994,26,e,0,1,5,1
407916,12944.242865,26,e,4,1,3,3
408167,14664.275775,26,e,2,1,5,3
408197,14823.166553,26,e,2,1,5,2
408218,14969.648788,26,e,2,1,5,1
408412,15970.676318,26,e,3,1,5,3
408449,16124.337555,26,e,3,1,5,2
420034,3616.883511,26,f,0,5,0,1
420038,4692.009227,26,f,3,1,0,4
420039,4742.963647,26,f,2,3,0,3
420040,4834.144675,26,f,1,5,0,2
420041,4865.770287,26,f,3,1,0,3
420043,4956.467234,26,f,0,7,0,1
420044,5028.008816,26,f,3,1,0,2
420045,5077.547503,26,f,1,5,0,1
420047,5165.338151,26,f,2,3,0,1
420048,5213.648359,26,f,3,1,0,1
420049,5244.719148,26,f,0,4,1,1
420054,6043.153308,26,f,2,5,0,3
420056,6157.327821,26,f,1,7,0,2
420057,6178.025995,26,f,3,3,0,3
420058,6274.838154,26,f,4,1,0,3
420059,6291.671261,26,f,2,5,0,2
420060,6297.300764,26,f,0,9,0,1
420062,6393.563337,26,f,3,3,0,2
420063,6434.794253,26,f,1,7,0,1
420064,6450.727878,26,f,1,4,1,2
420065,6453.854165,26,f,4,1,0,2
420066,6544.287704,26,f,2,5,0,1
420067,6558.896895,26,f,0,6,1,1
420069,6621.916997,26,f,3,3,0,1
420070,6663.657197,26,f,4,1,0,1
420071,6671.74093,26,f,1,4,1,1
420074,6872.882639,26,f,0,3,2,1
420079,7333.872308,26,f,5,1,0,5
420086,7615.364559,26,f,4,3,0,3
420089,7647.351774,26,f,2,4,1,3
420090,7690.635143,26,f,5,1,0,3
420091,7746.875438,26,f,1,6,1,2
420092,7753.430512,26,f,3,5,0,2
420095,7841.940623,26,f,4,3,0,2
420096,7874.342669,26,f,0,8,1,1
420097,7875.09629,26,f,2,4,1,2
420098,7891.757322,26,f,5,1,0,2
420101,8004.867288,26,f,1,6,1,1
420103,8017.307315,26,f,3,5,0,1
420105,8086.410986,26,f,4,3,0,1
420106,8105.747278,26,f,2,4,1,1
420107,8123.61909,26,f,5,1,0,1
420108,8161.541743,26,f,0,5,2,1
420123,8775.248591,26,f,4,2,1,5
420127,8835.432878,26,f,3,4,1,4
420136,9070.674054,26,f,3,4,1,3
420141,9190.200215,26,f,2,6,1,2
420143,9207.10373,26,f,3,1,2,4
420145,9253.292527,26,f,2,3,2,3
420147,9296.861536,26,f,5,3,0,2
420148,9304.2684,26,f,3,4,1,2
420156,9456.361211,26,f,2,6,1,1
420157,9459.173097,26,f,2,3,2,2
420160,9539.729691,26,f,3,1,2,2
420161,9545.406954,26,f,3,4,1,1
420165,9591.291058,26,f,6,1,0,1
420168,9665.872163,26,f,2,3,2,1
420170,9716.118902,26,f,3,1,2,1
420185,10130.455946,26,f,0,1,4,1
420200,10384.711059,26,f,5,2,1,4
420201,10387.691497,26,f,4,1,2,5
420213,10586.596304,26,f,5,2,1,3
420240,10928.95521,26,f,1,4,3,2
420249,11043.424668,26,f,2,2,3,2
420250,11045.506516,26,f,5,2,1,1
420256,11145.478578,26,f,1,4,3,1
420261,11224.296973,26,f,2,2,3,1
420265,11310.179036,26,f,1,1,4,2
420273,11449.910718,26,f,1,1,4,1
420338,12219.136674,26,f,3,2,3,3
420357,12404.155445,26,f,3,2,3,2
420407,12971.447944,26,f,0,2,5,1
420550,14115.634891,26,f,1,2,5,2
420571,14283.924766,26,f,1,2,5,1
431589,4195.605733,27,f,1,4,0,2
431591,4307.8042,27,f,0,6,0,1
431597,5344.122165,27,f,3,2,0,4
431598,5413.059616,27,f,2,4,0,3
431599,5516.499392,27,f,1,6,0,2
431600,5541.352758,27,f,3,2,0,3
431601,5642.922122,27,f,2,4,0,2
431602,5648.094341,27,f,0,8,0,1
431603,5732.877218,27,f,3,2,0,2
431605,5777.693021,27,f,1,6,0,1
431607,5876.974261,27,f,2,4,0,1
431608,5922.709845,27,f,0,5,1,1
431610,5940.922205,27,f,3,2,0,1
431614,6559.243949,27,f,4,2,0,5
431615,6621.812518,27,f,3,4,0,4
431619,6858.907262,27,f,3,4,0,3
431620,6965.993849,27,f,4,2,0,3
431622,6983.169345,27,f,2,6,0,2
431624,7031.621989,27,f,2,3,1,3
431625,7095.057646,27,f,3,4,0,2
431626,7119.365365,27,f,1,5,1,2
431630,7237.542821,27,f,0,7,1,1
431632,7252.741279,27,f,2,6,0,1
431634,7341.86483,27,f,3,4,0,1
431635,7359.929367,27,f,1,5,1,1
431637,7448.752842,27,f,2,3,1,1
431640,7537.911033,27,f,0,4,2,1
431646,7987.069783,27,f,5,2,0,5
431652,8192.010246,27,f,5,2,0,4
431654,8306.334646,27,f,4,4,0,3
431655,8308.39481,27,f,2,5,1,3
431659,8396.117427,27,f,5,2,0,3
431660,8418.074241,27,f,1,7,1,2
431665,8551.544999,27,f,4,4,0,2
431667,8554.9153,27,f,2,5,1,2
431668,8617.662577,27,f,5,2,0,2
431670,8652.427638,27,f,2,2,2,3
431672,8692.093556,27,f,1,7,1,1
431674,8723.15721,27,f,1,4,2,2
431676,8802.029637,27,f,2,5,1,1
431677,8814.108778,27,f,4,4,0,1
431680,8863.602571,27,f,5,2,0,1
431683,8941.780957,27,f,1,4,2,1
431698,9414.430655,27,f,4,3,1,5
431706,9641.005845,27,f,4,3,1,4
431718,9858.628238,27,f,4,3,1,3
431731,10082.105945,27,f,4,3,1,2
431735,10131.856744,27,f,5,1,1,2
431750,10358.754523,27,f,5,1,1,1
431753,10417.485323,27,f,0,5,3,1
431754,10418.184438,27,f,3,2,2,1
431769,10769.292227,27,f,0,2,4,1
431779,10971.74933,27,f,6,1,1,5
431790,11148.391012,27,f,6,1,1,4
431815,11447.990953,27,f,3,1,3,4
431819,11491.911661,27,f,2,3,3,3
431832,11623.595262,27,f,3,1,3,3
431837,11696.526702,27,f,2,3,3,2
431845,11779.497243,27,f,3,1,3,2
431855,11900.360761,27,f,2,3,3,1
431859,11951.79812,27,f,3,1,3,1
431890,12385.725076,27,f,0,1,5,1
431951,12965.959309,27,f,4,1,3,3
432013,13543.953184,27,f,1,1,5,2
432027,13683.308329,27,f,1,1,5,1
432166,14685.504748,27,f,2,1,5,3
432191,14843.991049,27,f,2,1,5,2
432210,14990.563044,27,f,2,1,5,1
432381,15991.204024,27,f,3,1,5,3
432414,16145.515899,27,f,3,1,5,2
443177,3638.136199,27,e,0,5,0,1
443183,4711.917132,27,e,3,1,0,4
443184,4764.174437,27,e,2,3,0,3
443185,4855.411623,27,e,1,5,0,2
443188,4977.793303,27,e,0,7,0,1
443190,5098.786612,27,e,1,5,0,1
443193,5186.505229,27,e,2,3,0,1
443194,5233.44446,27,e,3,1,0,1
443201,5980.99629,27,e,3,3,0,4
443202,6064.43693,27,e,2,5,0,3
443204,6178.667758,27,e,1,7,0,2
443206,6294.667206,27,e,4,1,0,3
443207,6312.913002,27,e,2,5,0,2
443208,6318.698346,27,e,0,9,0,1
443211,6414.715981,27,e,3,3,0,2
443212,6456.10079,27,e,1,7,0,1
443213,6471.800726,27,e,1,4,1,2
443216,6565.511641,27,e,2,5,0,1
443217,6580.034574,27,e,0,6,1,1
443226,6893.735921,27,e,0,3,2,1
443228,7146.525888,27,e,5,1,0,6
443240,7636.506595,27,e,4,3,0,3
443243,7668.446521,27,e,2,4,1,3
443244,7710.128815,27,e,5,1,0,3
443246,7768.017231,27,e,1,6,1,2
443247,7774.66085,27,e,3,5,0,2
443250,7863.079864,27,e,4,3,0,2
443252,7895.554016,27,e,0,8,1,1
443253,7896.151271,27,e,2,4,1,2
443257,8025.97669,27,e,1,6,1,1
443260,8038.537113,27,e,3,5,0,1
443262,8107.551266,27,e,4,3,0,1
443263,8126.811141,27,e,2,4,1,1
443265,8182.478554,27,e,0,5,2,1
443288,8856.56317,27,e,3,4,1,4
443289,8942.561819,27,e,6,1,0,4
443298,9091.747497,27,e,3,4,1,3
443304,9211.324985,27,e,2,6,1,2
443306,9226.728756,27,e,3,1,2,4
443309,9274.192136,27,e,2,3,2,3
443311,9317.933556,27,e,5,3,0,2
443312,9325.366723,27,e,3,4,1,2
443315,9358.938972,27,e,6,1,0,2
443321,9477.504077,27,e,2,6,1,1
443322,9480.026061,27,e,2,3,2,2
443325,9559.542625,27,e,3,1,2,2
443326,9566.412188,27,e,3,4,1,1
443330,9609.17245,27,e,6,1,0,1
443332,9644.265759,27,e,5,0,1,1
443335,9686.730296,27,e,2,3,2,1
443337,9735.939198,27,e,3,1,2,1
443340,9785.248404,27,e,0,4,3,1
443357,10168.639602,27,e,7,1,0,5
443369,10358.91177,27,e,7,1,0,4
443372,10405.192955,27,e,5,2,1,4
443373,10407.56286,27,e,4,1,2,5
443376,10485.85286,27,e,6,0,1,4
443386,10607.492108,27,e,5,2,1,3
443389,10645.427029,27,e,6,0,1,3
443407,10848.017907,27,e,6,0,1,2
443410,10882.399024,27,e,2,2,3,3
443416,10949.71373,27,e,1,4,3,2
443426,11064.134309,27,e,2,2,3,2
443427,11066.014147,27,e,5,2,1,1
443428,11077.386898,27,e,6,0,1,1
443433,11137.990182,27,e,4,1,2,1
443436,11166.212356,27,e,1,4,3,1
443441,11244.940598,27,e,2,2,3,1
443446,11330.015206,27,e,1,1,4,2
443455,11469.809292,27,e,1,1,4,1
443527,12239.803378,27,e,3,2,3,3
443538,12325.948904,27,e,5,1,2,2
443549,12424.7863,27,e,3,2,3,2
443576,12644.488591,27,e,4,0,3,1
443606,12991.772,27,e,0,2,5,1
443766,14135.993651,27,e,1,2,5,2
443789,14304.237781,27,e,1,2,5,1
443948,15244.696732,27,e,3,0,5,4
443979,15405.298189,27,e,3,0,5,3
444007,15522.261072,27,e,3,0,5,2
444027,15656.896766,27,e,3,0,5,1
455749,4217.62072,28,e,1,4,0,2
455752,4329.881405,28,e,0,6,0,1
455762,5366.150175,28,e,3,2,0,4
455763,5435.09295,28,e,2,4,0,3
455764,5513.890059,28,e,4,0,0,4
455765,5538.59117,28,e,1,6,0,2
455766,5563.272828,28,e,3,2,0,3
455767,5645.202221,28,e,4,0,0,3
455768,5664.911701,28,e,2,4,0,2
455769,5670.246657,28,e,0,8,0,1
455770,5754.752298,28,e,3,2,0,2
455773,5799.753262,28,e,1,6,0,1
455775,5898.955281,28,e,2,4,0,1
455776,5944.585312,28,e,0,5,1,1
455778,5962.789276,28,e,3,2,0,1
455779,5985.346633,28,e,4,0,0,1
455784,6328.378651,28,e,1,0,2,1
455785,6558.938113,28,e,5,0,0,6
455786,6581.330853,28,e,4,2,0,5
455787,6643.86629,28,e,3,4,0,4
455792,6880.902103,28,e,3,4,0,3
455793,6903.61434,28,e,5,0,0,4
455794,6987.859528,28,e,4,2,0,3
455796,7005.233433,28,e,2,6,0,2
455800,7117.027057,28,e,3,4,0,2
455801,7141.260303,28,e,1,5,1,2
455806,7259.494627,28,e,0,7,1,1
455808,7274.789733,28,e,2,6,0,1
455810,7363.829569,28,e,3,4,0,1
455811,7381.804684,28,e,1,5,1,1
455815,7470.541603,28,e,2,3,1,1
455818,7559.578812,28,e,0,4,2,1
455827,7977.470535,28,e,6,0,0,6
455828,8009.061794,28,e,5,2,0,5
455835,8213.874802,28,e,5,2,0,4
455837,8289.227512,28,e,6,0,0,4
455838,8328.247305,28,e,4,4,0,3
455839,8330.360537,28,e,2,5,1,3
455844,8440.046429,28,e,1,7,1,2
455845,8454.705661,28,e,6,0,0,3
455850,8573.408094,28,e,4,4,0,2
455852,8576.880566,28,e,2,5,1,2
455853,8639.445472,28,e,5,2,0,2
455856,8662.720233,28,e,6,0,0,2
455857,8674.078025,28,e,2,2,2,3
455859,8714.036296,28,e,1,7,1,1
455861,8744.846742,28,e,1,4,2,2
455864,8823.860539,28,e,2,5,1,1
455865,8836.098518,28,e,4,4,0,1
455868,8885.256997,28,e,5,2,0,1
455869,8902.79166,28,e,6,0,0,1
455873,8963.445851,28,e,1,4,2,1
455892,9436.333595,28,e,4,3,1,5
455902,9662.819878,28,e,4,3,1,4
455916,9880.406398,28,e,4,3,1,3
455922,9955.952848,28,e,5,1,1,3
455923,10011.057015,28,e,4,0,2,4
455931,10103.919417,28,e,4,3,1,2
455935,10143.492998,28,e,4,0,2,3
455937,10152.848461,28,e,5,1,1,2
455946,10280.905567,28,e,4,0,2,2
455959,10439.032204,28,e,0,5,3,1
455960,10439.761417,28,e,3,2,2,1
455962,10463.456121,28,e,4,0,2,1
455979,10790.537314,28,e,0,2,4,1
455991,10991.560636,28,e,6,1,1,5
456004,11168.331533,28,e,6,1,1,4
456033,11468.133394,28,e,3,1,3,4
456038,11513.424703,28,e,2,3,3,3
456053,11643.787747,28,e,3,1,3,3
456054,11660.550775,28,e,5,0,2,2
456059,11717.987241,28,e,2,3,3,2
456067,11799.875469,28,e,3,1,3,2
456080,11921.828387,28,e,2,3,3,1
456085,11972.288669,28,e,3,1,3,1
456093,12055.864349,28,e,2,0,4,2
456099,12167.586366,28,e,2,0,4,1
456123,12406.33308,28,e,0,1,5,1
456189,12986.0965,28,e,4,1,3,3
456441,14705.677495,28,e,2,1,5,3
456470,14864.441573,28,e,2,1,5,2
456491,15010.912164,28,e,2,1,5,1
456686,16012.103372,28,e,3,1,5,3
468498,3660.175131,28,f,0,5,0,1
468500,3818.672437,28,f,2,1,0,1
468502,4735.217669,28,f,3,1,0,4
468503,4786.170204,28,f,2,3,0,3
468504,4877.465287,28,f,1,5,0,2
468505,4908.792714,28,f,3,1,0,3
468507,4999.908305,28,f,0,7,0,1
468508,5071.020453,28,f,3,1,0,2
468509,5120.811477,28,f,1,5,0,1
468511,5208.455718,28,f,2,3,0,1
468512,5256.772427,28,f,3,1,0,1
468518,6086.507835,28,f,2,5,0,3
468519,6148.836302,28,f,4,1,0,4
468520,6200.797087,28,f,1,7,0,2
468521,6221.151515,28,f,3,3,0,3
468522,6317.808885,28,f,4,1,0,3
468523,6334.940544,28,f,2,5,0,2
468524,6340.887482,28,f,0,9,0,1
468526,6436.651463,28,f,3,3,0,2
468527,6478.195539,28,f,1,7,0,1
468528,6493.653162,28,f,1,4,1,2
468529,6496.908065,28,f,4,1,0,2
468530,6587.520708,28,f,2,5,0,1
468531,6601.954297,28,f,0,6,1,1
468533,6665.027113,28,f,3,3,0,1
468534,6706.831705,28,f,4,1,0,1
468538,6915.360722,28,f,0,3,2,1
468543,7377.004584,28,f,5,1,0,5
468550,7658.43097,28,f,4,3,0,3
468553,7690.321576,28,f,2,4,1,3
468554,7733.617962,28,f,5,1,0,3
468555,7789.941347,28,f,1,6,1,2
468556,7796.676328,28,f,3,5,0,2
468559,7885.002353,28,f,4,3,0,2
468560,7917.55009,28,f,0,8,1,1
468561,7917.98522,28,f,2,4,1,2
468562,7934.86109,28,f,5,1,0,2
468565,8047.867364,28,f,1,6,1,1
468567,8060.551975,28,f,3,5,0,1
468569,8129.477792,28,f,4,3,0,1
468570,8148.654712,28,f,2,4,1,1
468571,8166.830554,28,f,5,1,0,1
468572,8204.18994,28,f,0,5,2,1
468587,8818.172407,28,f,4,2,1,5
468591,8878.47507,28,f,3,4,1,4
468600,9113.600616,28,f,3,4,1,3
468605,9233.23134,28,f,2,6,1,2
468607,9249.685708,28,f,3,1,2,4
468609,9295.865194,28,f,2,3,2,3
468611,9339.787826,28,f,5,3,0,2
468612,9347.246676,28,f,3,4,1,2
468620,9499.428297,28,f,2,6,1,1
468621,9501.650564,28,f,2,3,2,2
468624,9582.06503,28,f,3,1,2,2
468625,9588.196303,28,f,3,4,1,1
468629,9634.415381,28,f,6,1,0,1
468630,9646.94708,28,f,4,2,1,1
468632,9708.360357,28,f,2,3,2,1
468634,9758.575161,28,f,3,1,2,1
468637,9806.749728,28,f,0,4,3,1
468664,10427.305516,28,f,5,2,1,4
468665,10430.42723,28,f,4,1,2,5
468677,10629.316324,28,f,5,2,1,3
468704,10971.240173,28,f,1,4,3,2
468714,11088.206426,28,f,5,2,1,1
468720,11187.713298,28,f,1,4,3,1
468725,11266.371179,28,f,2,2,3,1
468729,11351.928266,28,f,1,1,4,2
468737,11491.573211,28,f,1,1,4,1
468802,12261.232511,28,f,3,2,3,3
468821,12446.197662,28,f,3,2,3,2
468871,13012.843314,28,f,0,2,5,1
469014,14157.094412,28,f,1,2,5,2
469034,14325.306049,28,f,1,2,5,1
480247,4240.420951,29,f,1,4,0,2
480249,4352.746107,29,f,0,6,0,1
480255,5388.868583,29,f,3,2,0,4
480256,5457.912127,29,f,2,4,0,3
480257,5561.470908,29,f,1,6,0,2
480258,5585.955158,29,f,3,2,0,3
480259,5687.685642,29,f,2,4,0,2
480260,5693.189122,29,f,0,8,0,1
480261,5777.4507,29,f,3,2,0,2
480263,5822.600405,29,f,1,6,0,1
480265,5921.720408,29,f,2,4,0,1
480266,5967.241106,29,f,0,5,1,1
480268,5985.557026,29,f,3,2,0,1
480272,6604.042461,29,f,4,2,0,5
480273,6666.706585,29,f,3,4,0,4
480277,6903.681434,29,f,3,4,0,3
480278,7010.531385,29,f,4,2,0,3
480280,7028.084504,29,f,2,6,0,2
480283,7139.780103,29,f,3,4,0,2
480284,7163.936212,29,f,1,5,1,2
480288,7282.229526,29,f,0,7,1,1
480289,7283.281817,29,f,2,3,1,2
480290,7297.624588,29,f,2,6,0,1
480292,7386.577684,29,f,3,4,0,1
480293,7404.460486,29,f,1,5,1,1
480295,7493.10781,29,f,2,3,1,1
480298,7582.019517,29,f,0,4,2,1
480304,8031.724211,29,f,5,2,0,5
480310,8236.54881,29,f,5,2,0,4
480312,8350.941601,29,f,4,4,0,3
480313,8353.109627,29,f,2,5,1,3
480318,8462.80234,29,f,1,7,1,2
480323,8596.051555,29,f,4,4,0,2
480325,8599.628821,29,f,2,5,1,2
480326,8662.22624,29,f,5,2,0,2
480328,8696.451218,29,f,2,2,2,3
480330,8736.761885,29,f,1,7,1,1
480332,8767.309926,29,f,1,4,2,2
480334,8846.470979,29,f,2,5,1,1
480335,8858.871789,29,f,4,4,0,1
480338,8908.16649,29,f,5,2,0,1
480341,8985.883654,29,f,1,4,2,1
480356,9459.015519,29,f,4,3,1,5
480364,9685.413052,29,f,4,3,1,4
480376,9902.973422,29,f,4,3,1,3
480381,9979.961976,29,f,5,1,1,3
480389,10126.587678,29,f,4,3,1,2
480393,10176.205787,29,f,5,1,1,2
480408,10403.318513,29,f,5,1,1,1
480411,10461.347711,29,f,0,5,3,1
480412,10462.182677,29,f,3,2,2,1
480416,10566.897122,29,f,1,3,3,1
480427,10812.535792,29,f,0,2,4,1
480437,11015.960656,29,f,6,1,1,5
480448,11192.532069,29,f,6,1,1,4
480473,11491.793096,29,f,3,1,3,4
480477,11535.705602,29,f,2,3,3,3
480490,11667.207332,29,f,3,1,3,3
480495,11740.213391,29,f,2,3,3,2
480503,11823.028352,29,f,3,1,3,2
480513,11944.062312,29,f,2,3,3,1
480517,11995.447982,29,f,3,1,3,1
480548,12428.559073,29,f,0,1,5,1
480608,13009.471761,29,f,4,1,3,3
480824,14728.54338,29,f,2,1,5,3
480848,14886.846003,29,f,2,1,5,2
480867,15033.424786,29,f,2,1,5,1
481039,16034.139313,29,f,3,1,5,3
492004,3683.000208,29,e,0,5,0,1
492010,4756.499264,29,e,3,1,0,4
492011,4808.950044,29,e,2,3,0,3
492012,4900.305563,29,e,1,5,0,2
492015,5022.812138,29,e,0,7,0,1
492017,5143.622003,29,e,1,5,0,1
492020,5231.188697,29,e,2,3,0,1
492021,5277.926997,29,e,3,1,0,1
492028,6025.818058,29,e,3,3,0,4
492029,6109.365912,29,e,2,5,0,3
492031,6223.715704,29,e,1,7,0,2
492032,6243.888785,29,e,3,3,0,3
492034,6357.753785,29,e,2,5,0,2
492035,6363.868066,29,e,0,9,0,1
492038,6459.368993,29,e,3,3,0,2
492039,6501.0784,29,e,1,7,0,1
492040,6516.284992,29,e,1,4,1,2
492043,6610.314799,29,e,2,5,0,1
492044,6624.655975,29,e,0,6,1,1
492049,6737.223808,29,e,1,4,1,1
492053,6937.756891,29,e,0,3,2,1
492055,7191.176608,29,e,5,1,0,6
492059,7397.84344,29,e,5,1,0,5
492067,7681.137049,29,e,4,3,0,3
492070,7712.976836,29,e,2,4,1,3
492071,7754.429602,29,e,5,1,0,3
492073,7812.6477,29,e,1,6,1,2
492074,7819.476828,29,e,3,5,0,2
492077,7907.70519,29,e,4,3,0,2
492079,7940.330795,29,e,0,8,1,1
492080,7940.598007,29,e,2,4,1,2
492084,8070.539241,29,e,1,6,1,1
492087,8083.351775,29,e,3,5,0,1
492089,8152.180515,29,e,4,3,0,1
492090,8171.277515,29,e,2,4,1,1
492092,8226.675806,29,e,0,5,2,1
492115,8901.168448,29,e,3,4,1,4
492116,8986.769753,29,e,6,1,0,4
492125,9136.233269,29,e,3,4,1,3
492131,9255.919189,29,e,2,6,1,2
492133,9270.665817,29,e,3,1,2,4
492136,9318.310825,29,e,2,3,2,3
492138,9362.416758,29,e,5,3,0,2
492139,9369.906978,29,e,3,4,1,2
492142,9403.277732,29,e,6,1,0,2
492148,9522.133778,29,e,2,6,1,1
492149,9524.046395,29,e,2,3,2,2
492152,9603.269581,29,e,3,1,2,2
492153,9610.757927,29,e,3,4,1,1
492157,9653.389277,29,e,6,1,0,1
492162,9730.762002,29,e,2,3,2,1
492164,9779.784287,29,e,3,1,2,1
492183,10212.681,29,e,7,1,0,5
492194,10391.001602,29,e,6,0,1,5
492196,10403.165904,29,e,7,1,0,4
492199,10449.218994,29,e,5,2,1,4
492200,10451.735611,29,e,4,1,2,5
492203,10529.697611,29,e,6,0,1,4
492213,10651.743803,29,e,5,2,1,3
492216,10689.509595,29,e,6,0,1,3
492234,10892.342031,29,e,6,0,1,2
492243,10993.534437,29,e,1,4,3,2
492253,11108.033784,29,e,2,2,3,2
492254,11110.154876,29,e,5,2,1,1
492255,11121.470129,29,e,6,0,1,1
492260,11182.006973,29,e,4,1,2,1
492263,11209.981322,29,e,1,4,3,1
492268,11288.539711,29,e,2,2,3,1
492272,11373.181973,29,e,1,1,4,2
492282,11512.901495,29,e,1,1,4,1
492354,12283.429489,29,e,3,2,3,3
492365,12369.714836,29,e,5,1,2,2
492376,12468.353034,29,e,3,2,3,2
492403,12688.036175,29,e,4,0,3,1
492433,13034.671635,29,e,0,2,5,1
492593,14178.961513,29,e,1,2,5,2
492615,14347.121669,29,e,1,2,5,1
492775,15287.688514,29,e,3,0,5,4
492833,15564.916393,29,e,3,0,5,2
492854,15699.706625,29,e,3,0,5,1
504743,4264.006321,30,e,1,4,0,2
504746,4376.398203,30,e,0,6,0,1
504750,4588.651594,30,e,3,0,0,1
504756,5412.478399,30,e,3,2,0,4
504757,5481.517041,30,e,2,4,0,3
504758,5559.881764,30,e,4,0,0,4
504759,5585.138497,30,e,1,6,0,2
504760,5609.440894,30,e,3,2,0,3
504761,5691.045397,30,e,4,0,0,3
504762,5711.243841,30,e,2,4,0,2
504763,5716.92163,30,e,0,8,0,1
504764,5800.881234,30,e,3,2,0,2
504767,5846.23435,30,e,1,6,0,1
504769,5945.269534,30,e,2,4,0,1
504770,5990.677127,30,e,0,5,1,1
504772,6008.969957,30,e,3,2,0,1
504773,6031.512715,30,e,4,0,0,1
504778,6373.659235,30,e,1,0,2,1
504779,6605.244193,30,e,5,0,0,6
504780,6627.722927,30,e,4,2,0,5
504781,6690.333306,30,e,3,4,0,4
504786,6927.24515,30,e,3,4,0,3
504787,6949.414469,30,e,5,0,0,4
504788,7033.953464,30,e,4,2,0,3
504790,7051.722452,30,e,2,6,0,2
504793,7099.460854,30,e,2,3,1,3
504794,7163.316672,30,e,3,4,0,2
504795,7187.392988,30,e,1,5,1,2
504800,7305.747423,30,e,0,7,1,1
504801,7306.623722,30,e,2,3,1,2
504802,7321.245735,30,e,2,6,0,1
504804,7410.10901,30,e,3,4,0,1
504805,7427.896691,30,e,1,5,1,1
504809,7516.450837,30,e,2,3,1,1
504812,7605.233051,30,e,0,4,2,1
504821,8023.588785,30,e,6,0,0,6
504822,8055.297393,30,e,5,2,0,5
504829,8259.96981,30,e,5,2,0,4
504831,8334.974492,30,e,6,0,0,4
504832,8374.417423,30,e,4,4,0,3
504833,8376.641966,30,e,2,5,1,3
504838,8486.341869,30,e,1,7,1,2
504839,8500.663027,30,e,6,0,0,3
504844,8619.475255,30,e,4,4,0,2
504846,8623.159929,30,e,2,5,1,2
504847,8685.537043,30,e,5,2,0,2
504850,8708.82562,30,e,6,0,0,2
504851,8719.652146,30,e,2,2,2,3
504853,8760.270237,30,e,1,7,1,1
504855,8790.546631,30,e,1,4,2,2
504858,8869.860905,30,e,2,5,1,1
504859,8882.428215,30,e,4,4,0,1
504862,8931.310065,30,e,5,2,0,1
504867,9009.094274,30,e,1,4,2,1
504886,9482.480402,30,e,4,3,1,5
504896,9708.782774,30,e,4,3,1,4
504910,9926.302958,30,e,4,3,1,3
504917,10056.395342,30,e,4,0,2,4
504925,10149.942958,30,e,4,3,1,2
504929,10188.582773,30,e,4,0,2,3
504931,10198.59697,30,e,5,1,1,2
504940,10326.188283,30,e,4,0,2,2
504953,10484.431727,30,e,0,5,3,1
504954,10485.290046,30,e,3,2,2,1
504956,10508.9661,30,e,4,0,2,1
504959,10589.880156,30,e,1,3,3,1
504973,10835.296983,30,e,0,2,4,1
504985,11037.046893,30,e,6,1,1,5
504998,11213.766957,30,e,6,1,1,4
505027,11513.27208,30,e,3,1,3,4
505032,11558.753275,30,e,2,3,3,3
505047,11688.764774,30,e,3,1,3,3
505048,11705.971492,30,e,5,0,2,2
505053,11763.204918,30,e,2,3,3,2
505061,11844.788807,30,e,3,1,3,2
505074,11967.061845,30,e,2,3,3,1
505079,12017.331648,30,e,3,1,3,1
505087,12100.379447,30,e,2,0,4,2
505093,12212.181398,30,e,2,0,4,1
505117,12450.605337,30,e,0,1,5,1
505183,13030.96382,30,e,4,1,3,3
505275,13748.021327,30,e,1,1,5,1
505435,14750.085643,30,e,2,1,5,3
505464,14908.716243,30,e,2,1,5,2
505485,15055.173836,30,e,2,1,5,1
505680,16056.549437,30,e,3,1,5,3
505716,16209.324646,30,e,3,1,5,2
517636,3706.611329,30,f,0,5,0,1
517640,4781.5633,30,f,3,1,0,4
517641,4832.514828,30,f,2,3,0,3
517642,4923.932343,30,f,1,5,0,2
517643,4954.939682,30,f,3,1,0,3
517645,5046.504698,30,f,0,7,0,1
517646,5117.157073,30,f,3,1,0,2
517647,5167.21809,30,f,1,5,0,1
517649,5254.705116,30,f,2,3,0,1
517650,5303.030185,30,f,3,1,0,1
517651,5333.612926,30,f,0,4,1,1
517654,6004.625462,30,f,4,1,0,5
517656,6133.01105,30,f,2,5,0,3
517658,6247.423498,30,f,1,7,0,2
517660,6363.901134,30,f,4,1,0,3
517661,6381.352621,30,f,2,5,0,2
517662,6387.639991,30,f,0,9,0,1
517664,6482.869326,30,f,3,3,0,2
517665,6524.749268,30,f,1,7,0,1
517666,6539.696234,30,f,1,4,1,2
517667,6543.090477,30,f,4,1,0,2
517668,6633.893806,30,f,2,5,0,1
517669,6648.139515,30,f,0,6,1,1
517671,6711.268564,30,f,3,3,0,1
517672,6753.143957,30,f,4,1,0,1
517673,6760.608755,30,f,1,4,1,1
517675,6896.549019,30,f,1,1,2,2
517676,6960.924404,30,f,0,3,2,1
517681,7423.268102,30,f,5,1,0,5
517683,7484.850812,30,f,4,3,0,4
517688,7704.625386,30,f,4,3,0,3
517691,7736.412187,30,f,2,4,1,3
517692,7779.723911,30,f,5,1,0,3
517693,7836.136197,30,f,1,6,1,2
517694,7843.062227,30,f,3,5,0,2
517697,7931.19173,30,f,4,3,0,2
517698,7963.896031,30,f,0,8,1,1
517699,7963.989583,30,f,2,4,1,2
517700,7981.097413,30,f,5,1,0,2
517703,8093.992249,30,f,1,6,1,1
517705,8106.936383,30,f,3,5,0,1
517707,8175.671546,30,f,4,3,0,1
517708,8194.680028,30,f,2,4,1,1
517709,8213.182947,30,f,5,1,0,1
517710,8249.936056,30,f,0,5,2,1
517729,8924.643218,30,f,3,4,1,4
517738,9159.645428,30,f,3,4,1,3
517743,9279.388439,30,f,2,6,1,2
517745,9295.359377,30,f,3,1,2,4
517747,9341.529869,30,f,2,3,2,3
517749,9385.829287,30,f,5,3,0,2
517750,9393.349209,30,f,3,4,1,2
517758,9545.620423,30,f,2,6,1,1
517759,9547.213614,30,f,2,3,2,2
517762,9627.476206,30,f,3,1,2,2
517763,9634.098799,30,f,3,4,1,1
517767,9680.670109,30,f,6,1,0,1
517768,9693.027178,30,f,4,2,1,1
517770,9753.935482,30,f,2,3,2,1
517772,9804.116702,30,f,3,1,2,1
517802,10472.996073,30,f,5,2,1,4
517803,10476.262876,30,f,4,1,2,5
517815,10675.137851,30,f,5,2,1,3
517836,10949.124834,30,f,2,2,3,3
517842,11016.596422,30,f,1,4,3,2
517851,11131.104735,30,f,2,2,3,2
517852,11134.17771,30,f,5,2,1,1
517858,11233.016342,30,f,1,4,3,1
517863,11311.502511,30,f,2,2,3,1
517866,11396.709596,30,f,1,1,4,2
517875,11536.262519,30,f,1,1,4,1
517940,12306.385482,30,f,3,2,3,3
517959,12491.294405,30,f,3,2,3,2
518008,13057.245605,30,f,0,2,5,1
518152,14201.565651,30,f,1,2,5,2
518172,14369.693623,30,f,1,2,5,1
529527,3061.506748,31,f,0,4,0,1
529531,4288.376717,31,f,1,4,0,2
529533,4400.837588,31,f,0,6,0,1
529534,4511.86103,31,f,1,4,0,1
529539,5436.749789,31,f,3,2,0,4
529540,5505.907568,31,f,2,4,0,3
529541,5609.593825,31,f,1,6,0,2
529542,5633.683024,31,f,3,2,0,3
529543,5735.586193,31,f,2,4,0,2
529544,5741.444072,31,f,0,8,0,1
529545,5825.148462,31,f,3,2,0,2
529547,5870.654991,31,f,1,6,0,1
529549,5969.602571,31,f,2,4,0,1
529550,6014.893273,31,f,0,5,1,1
529552,6033.320834,31,f,3,2,0,1
529556,6651.978917,31,f,4,2,0,5
529557,6714.746306,31,f,3,4,0,4
529561,6951.593135,31,f,3,4,0,3
529562,7058.190229,31,f,4,2,0,3
529564,7076.147166,31,f,2,6,0,2
529567,7187.636666,31,f,3,4,0,2
529568,7211.630523,31,f,1,5,1,2
529572,7330.048218,31,f,0,7,1,1
529573,7330.742742,31,f,2,3,1,2
529574,7345.653061,31,f,2,6,0,1
529576,7434.423484,31,f,3,4,0,1
529577,7452.113218,31,f,1,5,1,1
529579,7540.57119,31,f,2,3,1,1
529582,7629.219313,31,f,0,4,2,1
529588,8079.506716,31,f,5,2,0,5
529594,8284.208489,31,f,5,2,0,4
529596,8398.674661,31,f,4,4,0,3
529597,8400.957443,31,f,2,5,1,3
529602,8510.664909,31,f,1,7,1,2
529607,8643.679138,31,f,4,4,0,2
529609,8647.473801,31,f,2,5,1,2
529610,8709.914036,31,f,5,2,0,2
529612,8743.560746,31,f,2,2,2,3
529614,8784.561263,31,f,1,7,1,1
529616,8814.556786,31,f,1,4,2,2
529618,8894.030277,31,f,2,5,1,1
529619,8906.767884,31,f,4,4,0,1
529622,8955.853883,31,f,5,2,0,1
529625,9033.077625,31,f,1,4,2,1
529640,9506.723261,31,f,4,3,1,5
529648,9732.93197,31,f,4,3,1,4
529660,9950.426703,31,f,4,3,1,3
529665,10027.26171,31,f,5,1,1,3
529673,10174.189669,31,f,4,3,1,2
529677,10223.664824,31,f,5,1,1,2
529692,10451.008027,31,f,5,1,1,1
529695,10508.284177,31,f,0,5,3,1
529696,10509.265696,31,f,3,2,2,1
529711,10858.810075,31,f,0,2,4,1
529721,11063.268969,31,f,6,1,1,5
529732,11239.767206,31,f,6,1,1,4
529757,11538.663521,31,f,3,1,3,4
529761,11582.568894,31,f,2,3,3,3
529774,11713.876911,31,f,3,1,3,3
529779,11786.961894,31,f,2,3,3,2
529787,11869.6101,31,f,3,1,3,2
529797,11990.827693,31,f,2,3,3,1
529801,12042.158432,31,f,3,1,3,1
529832,12474.395087,31,f,0,1,5,1
529891,13056.036202,31,f,4,1,3,3
529955,13632.815254,31,f,1,1,5,2
530108,14774.596953,31,f,2,1,5,3
530132,14932.704407,31,f,2,1,5,2
530151,15079.291506,31,f,2,1,5,1
530323,16080.083236,31,f,3,1,5,3
530355,16233.736465,31,f,3,1,5,2
541369,3731.00839,31,e,0,5,0,1
541375,4804.204834,31,e,3,1,0,4
541376,4856.863244,31,e,2,3,0,3
541377,4948.345516,31,e,1,5,0,2
541380,5070.985879,31,e,0,7,0,1
541382,5191.599635,31,e,1,5,0,1
541385,5279.003566,31,e,2,3,0,1
541386,5325.527985,31,e,3,1,0,1
541393,6073.780488,31,e,3,3,0,4
541394,6157.44313,31,e,2,5,0,3
541396,6271.920355,31,e,1,7,0,2
541397,6291.712294,31,e,3,3,0,3
541399,6405.736941,31,e,2,5,0,2
541400,6412.203147,31,e,0,9,0,1
541403,6507.151298,31,e,3,3,0,2
541404,6549.208036,31,e,1,7,0,1
541405,6563.886616,31,e,1,4,1,2
541408,6658.257617,31,e,2,5,0,1
541409,6672.404821,31,e,0,6,1,1
541418,6984.863071,31,e,0,3,2,1
541420,7238.954555,31,e,5,1,0,6
541424,7445.40801,31,e,5,1,0,5
541426,7509.164143,31,e,4,3,0,4
541432,7728.895056,31,e,4,3,0,3
541435,7760.627518,31,e,2,4,1,3
541436,7801.835749,31,e,5,1,0,3
541438,7860.406744,31,e,1,6,1,2
541439,7867.432403,31,e,3,5,0,2
541442,7955.457597,31,e,4,3,0,2
541444,7988.159783,31,e,2,4,1,2
541445,7988.245699,31,e,0,8,1,1
541452,8131.305667,31,e,3,5,0,1
541454,8199.935696,31,e,4,3,0,1
541455,8218.861462,31,e,2,4,1,1
541457,8273.970588,31,e,0,5,2,1
541476,8888.5122,31,e,4,2,1,5
541480,8948.899225,31,e,3,4,1,4
541481,9034.076115,31,e,6,1,0,4
541490,9183.836906,31,e,3,4,1,3
541493,9228.176228,31,e,6,1,0,3
541496,9303.638996,31,e,2,6,1,2
541498,9317.681268,31,e,3,1,2,4
541501,9365.521053,31,e,2,3,2,3
541503,9410.014183,31,e,5,3,0,2
541504,9417.571157,31,e,3,4,1,2
541507,9450.725534,31,e,6,1,0,2
541508,9491.072314,31,e,3,1,2,3
541514,9571.151953,31,e,2,3,2,2
541517,9650.061762,31,e,3,1,2,2
541518,9658.216655,31,e,3,4,1,1
541527,9777.8803,31,e,2,3,2,1
541529,9826.703703,31,e,3,1,2,1
541532,9875.855246,31,e,0,4,3,1
541547,10239.75881,31,e,0,1,4,1
541548,10259.815365,31,e,7,1,0,5
541559,10437.974746,31,e,6,0,1,5
541561,10450.519192,31,e,7,1,0,4
541564,10496.323016,31,e,4,1,2,5
541565,10499.009835,31,e,5,2,1,4
541568,10576.61646,31,e,6,0,1,4
541578,10699.093781,31,e,5,2,1,3
541581,10736.684331,31,e,6,0,1,3
541602,10972.944941,31,e,2,2,3,3
541608,11040.426018,31,e,1,4,3,2
541619,11157.550702,31,e,5,2,1,1
541620,11168.69423,31,e,6,0,1,1
541625,11229.11001,31,e,4,1,2,1
541628,11256.818272,31,e,1,4,3,1
541633,11335.194794,31,e,2,2,3,1
541637,11419.37372,31,e,1,1,4,2
541647,11559.014249,31,e,1,1,4,1
541719,12330.112834,31,e,3,2,3,3
541730,12416.536067,31,e,5,1,2,2
541733,12426.352377,31,e,4,0,3,3
541741,12514.973296,31,e,3,2,3,2
541747,12557.618544,31,e,4,0,3,2
541768,12734.625649,31,e,4,0,3,1
541797,13080.577959,31,e,0,2,5,1
541958,14224.94138,31,e,1,2,5,2
541978,14393.011353,31,e,1,2,5,1
542140,15333.691321,31,e,3,0,5,4
542169,15492.068833,31,e,3,0,5,3
542197,15610.564435,31,e,3,0,5,2
542218,15745.518694,31,e,3,0,5,1
554161,4313.53203,32,e,1,4,0,2
554164,4426.064151,32,e,0,6,0,1
554166,4536.986784,32,e,1,4,0,1
554174,5461.94385,32,e,3,2,0,4
554175,5531.083598,32,e,2,4,0,3
554176,5608.985374,32,e,4,0,0,4
554177,5634.836774,32,e,1,6,0,2
554178,5658.734511,32,e,3,2,0,3
554179,5739.992835,32,e,4,0,0,3
554180,5760.712584,32,e,2,4,0,2
554181,5766.756335,32,e,0,8,0,1
554182,5850.132522,32,e,3,2,0,2
554185,5895.86222,32,e,1,6,0,1
554187,5994.719395,32,e,2,4,0,1
554188,6039.889437,32,e,0,5,1,1
554190,6058.275134,32,e,3,2,0,1
554191,6080.807995,32,e,4,0,0,1
554192,6141.505268,32,e,1,3,1,1
554196,6422.006209,32,e,1,0,2,1
554197,6654.680413,32,e,5,0,0,6
554198,6677.257441,32,e,4,2,0,5
554199,6739.945495,32,e,3,4,0,4
554204,6976.725273,32,e,3,4,0,3
554205,6998.314571,32,e,5,0,0,4
554206,7083.167193,32,e,4,2,0,3
554208,7101.35853,32,e,2,6,0,2
554210,7135.943485,32,e,5,0,0,3
554211,7148.579721,32,e,2,3,1,3
554212,7212.73996,32,e,3,4,0,2
554213,7236.648705,32,e,1,5,1,2
554216,7288.001454,32,e,4,2,0,2
554218,7355.131809,32,e,0,7,1,1
554219,7355.638502,32,e,2,3,1,2
554220,7370.84645,32,e,2,6,0,1
554222,7459.520902,32,e,3,4,0,1
554223,7477.109981,32,e,1,5,1,1
554227,7565.467993,32,e,2,3,1,1
554230,7653.978199,32,e,0,4,2,1
554239,8072.825222,32,e,6,0,0,6
554247,8309.18468,32,e,5,2,0,4
554249,8383.820009,32,e,6,0,0,4
554250,8423.713194,32,e,4,4,0,3
554251,8426.055937,32,e,2,5,1,3
554256,8535.771346,32,e,1,7,1,2
554258,8561.063446,32,e,3,3,1,3
554262,8668.663048,32,e,4,4,0,2
554264,8672.570281,32,e,2,5,1,2
554265,8734.744843,32,e,5,2,0,2
554266,8741.681421,32,e,3,0,2,4
554268,8758.058198,32,e,6,0,0,2
554269,8768.313291,32,e,2,2,2,3
554271,8809.634872,32,e,1,7,1,1
554273,8839.340231,32,e,1,4,2,2
554276,8918.979027,32,e,2,5,1,1
554277,8931.890267,32,e,4,4,0,1
554280,8980.47125,32,e,5,2,0,1
554285,9057.833607,32,e,1,4,2,1
554288,9134.41379,32,e,2,2,2,1
554314,9757.856814,32,e,4,3,1,4
554321,9876.600332,32,e,5,4,0,3
554328,9975.306286,32,e,4,3,1,3
554335,10104.801372,32,e,4,0,2,4
554343,10199.079927,32,e,4,3,1,2
554347,10236.73074,32,e,4,0,2,3
554349,10247.440307,32,e,5,1,1,2
554358,10374.538739,32,e,4,0,2,2
554371,10532.90493,32,e,0,5,3,1
554372,10533.900129,32,e,3,2,2,1
554374,10557.558358,32,e,4,0,2,1
554391,10883.087104,32,e,0,2,4,1
554403,11085.611981,32,e,6,1,1,5
554416,11262.279133,32,e,6,1,1,4
554445,11561.465716,32,e,3,1,3,4
554464,11736.79248,32,e,3,1,3,3
554471,11811.484011,32,e,2,3,3,2
554479,11892.743189,32,e,3,1,3,2
554492,12015.358805,32,e,2,3,3,1
554497,12065.425989,32,e,3,1,3,1
554505,12147.908162,32,e,2,0,4,2
554535,12497.875013,32,e,0,1,5,1
554853,14797.499365,32,e,2,1,5,3
554882,14955.990268,32,e,2,1,5,2
554903,15102.433245,32,e,2,1,5,1
555134,16256.527878,32,e,3,1,5,2
567054,3756.191283,32,f,0,5,0,1
567058,4831.045018,32,f,3,1,0,4
567059,4881.996627,32,f,2,3,0,3
567060,4973.544968,32,f,1,5,0,2
567061,5004.210277,32,f,3,1,0,3
567063,5096.255567,32,f,0,7,0,1
567065,5216.766532,32,f,1,5,0,1
567067,5304.085574,32,f,2,3,0,1
567068,5352.421084,32,f,3,1,0,1
567072,6054.197918,32,f,4,1,0,5
567073,6098.940388,32,f,3,3,0,4
567074,6182.662033,32,f,2,5,0,3
567076,6297.206157,32,f,1,7,0,2
567077,6316.798436,32,f,3,3,0,3
567078,6413.114148,32,f,4,1,0,3
567079,6430.906634,32,f,2,5,0,2
567080,6437.557418,32,f,0,9,0,1
567082,6532.216097,32,f,3,3,0,2
567083,6574.454593,32,f,1,7,0,1
567084,6588.856238,32,f,1,4,1,2
567085,6592.400842,32,f,4,1,0,2
567086,6683.406115,32,f,2,5,0,1
567087,6697.451795,32,f,0,6,1,1
567089,6760.640522,32,f,3,3,0,1
567090,6802.59348,32,f,4,1,0,1
567091,6809.714023,32,f,1,4,1,1
567094,7009.572901,32,f,0,3,2,1
567099,7472.661677,32,f,5,1,0,5
567106,7753.946941,32,f,4,3,0,3
567109,7785.622706,32,f,2,4,1,3
567110,7828.952389,32,f,5,1,0,3
567111,7885.459241,32,f,1,6,1,2
567112,7892.587227,32,f,3,5,0,2
567115,7980.507887,32,f,4,3,0,2
567116,8013.108585,32,f,2,4,1,2
567117,8013.379689,32,f,0,8,1,1
567118,8030.465812,32,f,5,1,0,2
567121,8143.241346,32,f,1,6,1,1
567122,8151.667928,32,f,2,1,2,3
567123,8156.459489,32,f,3,5,0,1
567125,8224.991153,32,f,4,3,0,1
567126,8243.822683,32,f,2,4,1,1
567127,8262.67589,32,f,5,1,0,1
567128,8298.779299,32,f,0,5,2,1
567143,8913.367877,32,f,4,2,1,5
567147,8973.936398,32,f,3,4,1,4
567156,9208.807721,32,f,3,4,1,3
567161,9328.670761,32,f,2,6,1,2
567163,9344.123651,32,f,3,1,2,4
567165,9390.285669,32,f,2,3,2,3
567167,9434.984634,32,f,5,3,0,2
567168,9442.575566,32,f,3,4,1,2
567173,9519.716089,32,f,3,1,2,3
567177,9595.861571,32,f,2,3,2,2
567180,9675.962572,32,f,3,1,2,2
567181,9683.114307,32,f,3,4,1,1
567185,9730.053651,32,f,6,1,0,1
567186,9742.236465,32,f,4,2,1,1
567188,9802.596878,32,f,2,3,2,1
567190,9852.74301,32,f,3,1,2,1
567193,9900.423934,32,f,0,4,3,1
567205,10264.541313,32,f,0,1,4,1
567220,10521.781921,32,f,5,2,1,4
567233,10724.06015,32,f,5,2,1,3
567254,10997.456879,32,f,2,2,3,3
567260,11065.02312,32,f,1,4,3,2
567270,11183.360795,32,f,5,2,1,1
567276,11281.387022,32,f,1,4,3,1
567281,11359.690383,32,f,2,2,3,1
567284,11444.522138,32,f,1,1,4,2
567293,11583.977973,32,f,1,1,4,1
567358,12354.594214,32,f,3,2,3,3
567377,12539.445031,32,f,3,2,3,2
567426,13104.654049,32,f,0,2,5,1
567570,14249.047787,32,f,1,2,5,2
567587,14417.086805,32,f,1,2,5,1
578949,4339.472138,33,f,1,4,0,2
578950,4446.927845,33,f,2,2,0,2
578951,4452.077779,33,f,0,6,0,1
578957,5487.764705,33,f,3,2,0,4
578958,5557.044996,33,f,2,4,0,3
578959,5660.867225,33,f,1,6,0,2
578960,5684.53544,33,f,3,2,0,3
578961,5786.622903,33,f,2,4,0,2
578962,5792.858301,33,f,0,8,0,1
578963,5875.96976,33,f,3,2,0,2
578965,5921.855923,33,f,1,6,0,1
578967,6020.619919,33,f,2,4,0,1
578968,6065.665512,33,f,0,5,1,1
578970,6084.21298,33,f,3,2,0,1
578974,6703.052144,33,f,4,2,0,5
578975,6765.9307,33,f,3,4,0,4
578979,7002.641441,33,f,3,4,0,3
578980,7108.969544,33,f,4,2,0,3
578982,7127.356425,33,f,2,6,0,2
578984,7174.307185,33,f,2,3,1,3
578985,7238.626453,33,f,3,4,0,2
578986,7262.44742,33,f,1,5,1,2
578990,7380.998088,33,f,0,7,1,1
578991,7381.311217,33,f,2,3,1,2
578992,7396.82578,33,f,2,6,0,1
578994,7485.401231,33,f,3,4,0,1
578995,7502.886894,33,f,1,5,1,1
578997,7591.142007,33,f,2,3,1,1
579000,7679.509602,33,f,0,4,2,1
579006,8130.416172,33,f,5,2,0,5
579014,8449.532904,33,f,4,4,0,3
579015,8451.937329,33,f,2,5,1,3
579020,8561.661065,33,f,1,7,1,2
579025,8694.426943,33,f,4,4,0,2
579027,8698.449295,33,f,2,5,1,2
579028,8760.725329,33,f,5,2,0,2
579030,8793.755243,33,f,2,2,2,3
579032,8835.49097,33,f,1,7,1,1
579034,8864.896916,33,f,1,4,2,2
579036,8944.707113,33,f,2,5,1,1
579037,8957.795626,33,f,4,4,0,1
579040,9006.663948,33,f,5,2,0,1
579043,9083.362132,33,f,1,4,2,1
579066,9783.561667,33,f,4,3,1,4
579078,10000.987313,33,f,4,3,1,3
579083,10077.659668,33,f,5,1,1,3
579091,10224.911629,33,f,4,3,1,2
579095,10274.233406,33,f,5,1,1,2
579113,10558.293913,33,f,0,5,3,1
579114,10559.432854,33,f,3,2,2,1
579129,10908.11428,33,f,0,2,4,1
579139,11113.673161,33,f,6,1,1,5
579150,11290.095719,33,f,6,1,1,4
579175,11588.601102,33,f,3,1,3,4
579191,11763.603569,33,f,3,1,3,3
579197,11836.771414,33,f,2,3,3,2
579205,11919.241783,33,f,3,1,3,2
579215,12040.65632,33,f,2,3,3,1
579219,12091.928958,33,f,3,1,3,1
579250,12523.232328,33,f,0,1,5,1
579526,14823.664477,33,f,2,1,5,3
579550,14981.565481,33,f,2,1,5,2
579569,15128.162623,33,f,2,1,5,1
579773,16282.6222,33,f,3,1,5,2
590787,3782.159896,33,e,0,5,0,1
590793,4855.032808,33,e,3,1,0,4
590794,4907.913105,33,e,2,3,0,3
590795,4999.530579,33,e,1,5,0,2
590798,5122.313648,33,e,0,7,0,1
590800,5242.718671,33,e,1,5,0,1
590803,5329.949023,33,e,2,3,0,1
590804,5376.246796,33,e,3,1,0,1
590811,6124.882609,33,e,3,3,0,4
590812,6208.667632,33,e,2,5,0,3
590814,6323.280782,33,e,1,7,0,2
590817,6456.861583,33,e,2,5,0,2
590818,6463.702686,33,e,0,9,0,1
590821,6558.06203,33,e,3,3,0,2
590822,6600.488822,33,e,1,7,0,1
590823,6614.604707,33,e,1,4,1,2
590826,6709.339179,33,e,2,5,0,1
590827,6723.280335,33,e,0,6,1,1
590830,6786.4978,33,e,3,3,0,1
590832,6835.434121,33,e,1,4,1,1
590836,7035.053652,33,e,0,3,2,1
590838,7289.858503,33,e,5,1,0,6
590842,7496.085398,33,e,5,1,0,5
590844,7560.140556,33,e,4,3,0,4
590850,7779.779712,33,e,4,3,0,3
590853,7811.397636,33,e,2,4,1,3
590854,7852.346557,33,e,5,1,0,3
590856,7911.293582,33,e,1,6,1,2
590857,7918.526569,33,e,3,5,0,2
590862,8038.835778,33,e,2,4,1,2
590863,8039.297895,33,e,0,8,1,1
590868,8169.037271,33,e,1,6,1,1
590870,8182.39771,33,e,3,5,0,1
590872,8250.81553,33,e,4,3,0,1
590873,8269.562398,33,e,2,4,1,1
590875,8324.36208,33,e,0,5,2,1
590898,8999.754548,33,e,3,4,1,4
590899,9084.480124,33,e,6,1,0,4
590908,9234.557612,33,e,3,4,1,3
590914,9354.483632,33,e,2,6,1,2
590916,9367.774128,33,e,3,1,2,4
590919,9415.8219,33,e,2,3,2,3
590921,9460.724447,33,e,5,3,0,2
590922,9468.358732,33,e,3,4,1,2
590924,9501.281937,33,e,6,1,0,2
590932,9621.342228,33,e,2,3,2,2
590935,9699.918498,33,e,3,1,2,2
590936,9708.788157,33,e,3,4,1,1
590945,9828.084504,33,e,2,3,2,1
590947,9876.696945,33,e,3,1,2,1
590950,9925.759206,33,e,0,4,3,1
590966,10310.041878,33,e,7,1,0,5
590977,10488.024579,33,e,6,0,1,5
590979,10500.970604,33,e,7,1,0,4
590982,10546.503794,33,e,4,1,2,5
590983,10549.384731,33,e,5,2,1,4
590986,10626.608881,33,e,6,0,1,4
590996,10749.541071,33,e,5,2,1,3
590999,10786.950979,33,e,6,0,1,3
591018,10997.296933,33,e,3,0,3,4
591020,11022.820143,33,e,2,2,3,3
591026,11090.387607,33,e,1,4,3,2
591036,11204.644313,33,e,2,2,3,2
591037,11208.14597,33,e,5,2,1,1
591038,11219.059365,33,e,6,0,1,1
591043,11279.299715,33,e,4,1,2,1
591046,11306.722497,33,e,1,4,3,1
591051,11384.905112,33,e,2,2,3,1
591055,11468.589582,33,e,1,1,4,2
591065,11608.146852,33,e,1,1,4,1
591137,12379.852198,33,e,3,2,3,3
591148,12466.40693,33,e,5,1,2,2
591159,12564.646311,33,e,3,2,3,2
591215,13129.490194,33,e,0,2,5,1
591376,14273.932511,33,e,1,2,5,2
591395,14441.906098,33,e,1,2,5,1
591558,15382.704061,33,e,3,0,5,4
591587,15541.086426,33,e,3,0,5,3
591614,15659.205535,33,e,3,0,5,2
591636,15794.332574,33,e,3,0,5,1
603579,4366.196925,34,e,1,4,0,2
603582,4478.878356,34,e,0,6,0,1
603583,4527.749824,34,e,3,0,0,2
603593,5583.791649,34,e,2,4,0,3
603594,5661.199691,34,e,4,0,0,4
603595,5687.685054,34,e,1,6,0,2
603596,5711.152778,34,e,3,2,0,3
603597,5792.043815,34,e,4,0,0,3
603598,5813.317029,34,e,2,4,0,2
603599,5819.74985,34,e,0,8,0,1
603600,5902.505152,34,e,3,2,0,2
603603,5948.635986,34,e,1,6,0,1
603605,6047.304003,34,e,2,4,0,1
603606,6092.221384,34,e,0,5,1,1
603608,6110.703542,34,e,3,2,0,1
603609,6133.232355,34,e,4,0,0,1
603614,6473.41889,34,e,1,0,2,1
603615,6707.245031,34,e,5,0,0,6
603616,6729.933774,34,e,4,2,0,5
603622,7029.341519,34,e,3,4,0,3
603623,7050.313665,34,e,5,0,0,4
603624,7135.49964,34,e,4,2,0,3
603626,7154.14073,34,e,2,6,0,2
603630,7265.296006,34,e,3,4,0,2
603631,7289.026549,34,e,1,5,1,2
603636,7407.646942,34,e,0,7,1,1
603637,7407.760389,34,e,2,3,1,2
603638,7423.590929,34,e,2,6,0,1
603640,7512.064207,34,e,3,4,0,1
603641,7529.443865,34,e,1,5,1,1
603645,7617.592033,34,e,2,3,1,1
603648,7705.813411,34,e,0,4,2,1
603657,8125.178233,34,e,6,0,0,6
603667,8435.763514,34,e,6,0,0,4
603668,8476.133659,34,e,4,4,0,3
603669,8478.601491,34,e,2,5,1,3
603674,8588.333946,34,e,1,7,1,2
603675,8601.921254,34,e,6,0,0,3
603680,8720.970631,34,e,4,4,0,2
603682,8725.110654,34,e,2,5,1,2
603683,8787.067157,34,e,5,2,0,2
603684,8793.348783,34,e,3,0,2,4
603686,8810.418237,34,e,6,0,0,2
603687,8820.060627,34,e,2,2,2,3
603689,8862.129459,34,e,1,7,1,1
603691,8891.22664,34,e,1,4,2,2
603694,8971.214448,34,e,2,5,1,1
603695,8984.483194,34,e,4,4,0,1
603698,9032.738115,34,e,5,2,0,1
603703,9109.663087,34,e,1,4,2,1
603732,9810.041001,34,e,4,3,1,4
603746,10027.415379,34,e,4,3,1,3
603752,10101.789995,34,e,5,1,1,3
603753,10156.273926,34,e,4,0,2,4
603761,10251.328408,34,e,4,3,1,2
603764,10287.93612,34,e,4,0,2,3
603767,10299.37823,34,e,5,1,1,2
603776,10425.95649,34,e,4,0,2,2
603781,10494.642453,34,e,1,3,3,2
603789,10584.450977,34,e,0,5,3,1
603790,10585.590374,34,e,3,2,2,1
603792,10609.232667,34,e,4,0,2,1
603809,10933.906865,34,e,0,2,4,1
603821,11137.254945,34,e,6,1,1,5
603834,11313.867365,34,e,6,1,1,4
603863,11612.713281,34,e,3,1,3,4
603882,11787.871615,34,e,3,1,3,3
603889,11862.823696,34,e,2,3,3,2
603897,11943.737868,34,e,3,1,3,2
603915,12116.571245,34,e,3,1,3,1
603923,12198.449647,34,e,2,0,4,2
603953,12548.141303,34,e,0,1,5,1
604271,14847.91774,34,e,2,1,5,3
604298,15006.263414,34,e,2,1,5,2
604321,15152.689795,34,e,2,1,5,1
604552,16306.688927,34,e,3,1,5,2
616472,3808.914114,34,f,0,5,0,1
616476,4883.661646,34,f,3,1,0,4
616477,4934.614648,34,f,2,3,0,3
616478,5026.302228,34,f,1,5,0,2
616479,5056.603526,34,f,3,1,0,3
616481,5149.160003,34,f,0,7,0,1
616482,5218.802593,34,f,3,1,0,2
616483,5269.455939,34,f,1,5,0,1
616485,5356.596268,34,f,2,3,0,1
616486,5404.944538,34,f,3,1,0,1
616492,6235.459799,34,f,2,5,0,3
616494,6350.144104,34,f,1,7,0,2
616496,6465.44712,34,f,4,1,0,3
616497,6483.601668,34,f,2,5,0,2
616498,6490.638827,34,f,0,9,0,1
616500,6584.690893,34,f,3,3,0,2
616501,6627.310607,34,f,1,7,0,1
616502,6641.132264,34,f,1,4,1,2
616503,6644.83856,34,f,4,1,0,2
616504,6736.056685,34,f,2,5,0,1
616505,6749.890336,34,f,0,6,1,1
616507,6813.142102,34,f,3,3,0,1
616508,6855.179768,34,f,4,1,0,1
616509,6861.932482,34,f,1,4,1,1
616511,6996.751027,34,f,1,1,2,2
616512,7061.305376,34,f,0,3,2,1
616517,7525.184047,34,f,5,1,0,5
616519,7586.803845,34,f,4,3,0,4
616524,7806.394709,34,f,4,3,0,3
616527,7837.952172,34,f,2,4,1,3
616528,7881.302755,34,f,5,1,0,3
616529,7937.909661,34,f,1,6,1,2
616530,7945.250295,34,f,3,5,0,2
616533,8032.949896,34,f,4,3,0,2
616534,8065.341384,34,f,2,4,1,2
616535,8066.000202,34,f,0,8,1,1
616536,8082.965779,34,f,5,1,0,2
616539,8195.614,34,f,1,6,1,1
616541,8209.120187,34,f,3,5,0,1
616543,8277.435439,34,f,4,3,0,1
616544,8296.082095,34,f,2,4,1,1
616545,8315.308973,34,f,5,1,0,1
616546,8350.718822,34,f,0,5,2,1
616565,9026.353626,34,f,3,4,1,4
616574,9261.086674,34,f,3,4,1,3
616579,9381.077504,34,f,2,6,1,2
616581,9395.97737,34,f,3,1,2,4
616585,9487.252545,34,f,5,3,0,2
616586,9494.92524,34,f,3,4,1,2
616591,9571.64652,34,f,4,2,1,2
616595,9647.595192,34,f,2,3,2,2
616598,9727.523443,34,f,3,1,2,2
616599,9735.242615,34,f,3,4,1,1
616603,9782.564188,34,f,6,1,0,1
616606,9854.343842,34,f,2,3,2,1
616608,9904.453541,34,f,3,1,2,1
616611,9951.860952,34,f,0,4,3,1
616638,10573.662154,34,f,5,2,1,4
616651,10776.082507,34,f,5,2,1,3
616672,11048.85565,34,f,2,2,3,3
616678,11116.519371,34,f,1,4,3,2
616687,11230.665442,34,f,2,2,3,2
616688,11235.715467,34,f,5,2,1,1
616694,11332.824603,34,f,1,4,3,1
616699,11410.934169,34,f,2,2,3,1
616702,11495.364948,34,f,1,1,4,2
616711,11634.718859,34,f,1,1,4,1
616776,12405.85734,34,f,3,2,3,3
616795,12590.648858,34,f,3,2,3,2
616844,13155.067825,34,f,0,2,5,1
616988,14299.539938,34,f,1,2,5,2
617005,14467.484866,34,f,1,2,5,1
628367,4393.706262,35,f,1,4,0,2
628369,4506.465759,35,f,0,6,0,1
628376,5611.323407,35,f,2,4,0,3
628377,5715.290133,35,f,1,6,0,2
628378,5738.511431,35,f,3,2,0,3
628379,5840.794844,35,f,2,4,0,2
628380,5847.430857,35,f,0,8,0,1
628381,5929.913799,35,f,3,2,0,2
628383,5976.202289,35,f,1,6,0,1
628385,6074.771566,35,f,2,4,0,1
628386,6119.556937,35,f,0,5,1,1
628388,6138.232772,35,f,3,2,0,1
628392,6757.260891,35,f,4,2,0,5
628397,7056.825371,35,f,3,4,0,3
628398,7162.868437,35,f,4,2,0,3
628400,7181.711318,35,f,2,6,0,2
628402,7228.095642,35,f,2,3,1,3
628403,7292.748521,35,f,3,4,0,2
628404,7316.38597,35,f,1,5,1,2
628408,7434.986337,35,f,2,3,1,2
628409,7435.07829,35,f,0,7,1,1
628410,7451.141768,35,f,2,6,0,1
628412,7539.509849,35,f,3,4,0,1
628413,7556.780806,35,f,1,5,1,1
628415,7644.819156,35,f,2,3,1,1
628418,7732.889512,35,f,0,4,2,1
628424,8184.451384,35,f,5,2,0,5
628430,8388.887533,35,f,5,2,0,4
628432,8503.515337,35,f,4,4,0,3
628433,8506.0483,35,f,2,5,1,3
628437,8592.917934,35,f,5,2,0,3
628438,8615.789866,35,f,1,7,1,2
628443,8748.29409,35,f,2,5,1,2
628445,8752.554312,35,f,4,4,0,2
628446,8814.659446,35,f,5,2,0,2
628448,8847.033651,35,f,2,2,2,3
628450,8889.55024,35,f,1,7,1,1
628452,8918.329386,35,f,1,4,2,2
628454,8998.500992,35,f,2,5,1,1
628458,9060.595818,35,f,5,2,0,1
628461,9136.736386,35,f,1,4,2,1
628484,9837.301149,35,f,4,3,1,4
628496,10054.654436,35,f,4,3,1,3
628501,10131.155215,35,f,5,1,1,3
628509,10278.753244,35,f,4,3,1,2
628513,10327.911057,35,f,5,1,1,2
628525,10521.488138,35,f,1,3,3,2
628531,10611.376056,35,f,0,5,3,1
628532,10612.683424,35,f,3,2,2,1
628547,10960.447559,35,f,0,2,4,1
628557,11167.172061,35,f,6,1,1,5
628568,11343.516862,35,f,6,1,1,4
628593,11641.604641,35,f,3,1,3,4
628609,11816.386928,35,f,3,1,3,3
628615,11889.641104,35,f,2,3,3,2
628623,11971.922653,35,f,3,1,3,2
628637,12144.759017,35,f,3,1,3,1
628668,12575.069956,35,f,0,1,5,1
628944,14875.744887,35,f,2,1,5,3
628967,15033.428398,35,f,2,1,5,2
628987,15180.037519,35,f,2,1,5,1
629191,16334.458369,35,f,3,1,5,2
640205,3836.453818,35,e,0,5,0,1
640212,4962.098632,35,e,2,3,0,3
640213,5053.859788,35,e,1,5,0,2
640215,5170.72003,35,e,2,3,0,2
640216,5176.79451,35,e,0,7,0,1
640218,5296.978219,35,e,1,5,0,1
640221,5384.024198,35,e,2,3,0,1
640222,5430.082761,35,e,3,1,0,1
640229,6179.123382,35,e,3,3,0,4
640230,6263.038401,35,e,2,5,0,3
640232,6377.795995,35,e,1,7,0,2
640235,6511.126765,35,e,2,5,0,2
640236,6518.365717,35,e,0,9,0,1
640239,6612.100262,35,e,3,3,0,2
640240,6654.919824,35,e,1,7,0,1
640241,6668.438317,35,e,1,4,1,2
640244,6763.558503,35,e,2,5,0,1
640245,6777.281689,35,e,0,6,1,1
640254,7088.327768,35,e,0,3,2,1
640256,7343.887151,35,e,5,1,0,6
640262,7614.247951,35,e,4,3,0,4
640268,7833.790051,35,e,4,3,0,3
640271,7865.286197,35,e,2,4,1,3
640272,7905.961284,35,e,5,1,0,3
640274,7965.307363,35,e,1,6,1,2
640275,7972.75827,35,e,3,5,0,2
640280,8092.625119,35,e,2,4,1,2
640281,8093.486496,35,e,0,8,1,1
640286,8222.97144,35,e,1,6,1,1
640288,8236.62677,35,e,3,5,0,1
640289,8284.195965,35,e,1,3,2,2
640290,8304.818629,35,e,4,3,0,1
640291,8323.379697,35,e,2,4,1,1
640293,8377.849408,35,e,0,5,2,1
640312,8993.11686,35,e,4,2,1,5
640316,9053.733396,35,e,3,4,1,4
640317,9137.980946,35,e,6,1,0,4
640326,9288.394538,35,e,3,4,1,3
640329,9332.340472,35,e,6,1,0,3
640332,9408.452268,35,e,2,6,1,2
640334,9420.943363,35,e,3,1,2,4
640339,9514.54612,35,e,5,3,0,2
640340,9522.26907,35,e,3,4,1,2
640342,9554.946492,35,e,6,1,0,2
640344,9594.035945,35,e,3,1,2,3
640349,9674.610806,35,e,2,3,2,2
640353,9752.839078,35,e,3,1,2,2
640354,9762.472137,35,e,3,4,1,1
640359,9821.436649,35,e,4,2,1,1
640363,9881.373884,35,e,2,3,2,1
640365,9929.763484,35,e,3,1,2,1
640395,10541.15019,35,e,6,0,1,5
640397,10554.519099,35,e,7,1,0,4
640400,10599.760167,35,e,4,1,2,5
640401,10602.859297,35,e,5,2,1,4
640404,10679.674324,35,e,6,0,1,4
640414,10803.084682,35,e,5,2,1,3
640417,10840.309266,35,e,6,0,1,3
640436,11050.115538,35,e,3,0,3,4
640438,11075.763769,35,e,2,2,3,3
640444,11143.41828,35,e,1,4,3,2
640454,11257.448005,35,e,2,2,3,2
640461,11332.576591,35,e,4,1,2,1
640464,11359.69324,35,e,1,4,3,1
640469,11437.669878,35,e,2,2,3,1
640473,11520.828637,35,e,1,1,4,2
640483,11660.298554,35,e,1,1,4,1
640566,12519.320421,35,e,5,1,2,2
640577,12617.371257,35,e,3,2,3,2
640583,12659.622462,35,e,4,0,3,2
640633,13181.407509,35,e,0,2,5,1
640813,14493.805119,35,e,1,2,5,1
641005,15592.985489,35,e,3,0,5,3
641032,15710.840107,35,e,3,0,5,2
641054,15846.147844,35,e,3,0,5,1
652997,4422.000026,36,e,1,4,0,2
653000,4534.839867,36,e,0,6,0,1
653001,4583.036586,36,e,3,0,0,2
653003,4718.676554,36,e,2,2,0,1
653011,5639.64016,36,e,2,4,0,3
653012,5716.523445,36,e,4,0,0,4
653013,5743.68233,36,e,1,6,0,2
653014,5766.694729,36,e,3,2,0,3
653015,5847.197579,36,e,4,0,0,3
653016,5869.05622,36,e,2,4,0,2
653017,5875.901196,36,e,0,8,0,1
653018,5957.998039,36,e,3,2,0,2
653021,6004.554709,36,e,1,6,0,1
653023,6103.022443,36,e,2,4,0,1
653024,6147.672048,36,e,0,5,1,1
653026,6166.253837,36,e,3,2,0,1
653027,6188.785674,36,e,4,0,0,1
653032,6527.896556,36,e,1,0,2,1
653033,6762.936217,36,e,5,0,0,6
653034,6785.751243,36,e,4,2,0,5
653040,7085.092873,36,e,3,4,0,3
653041,7105.410716,36,e,5,0,0,4
653042,7190.949649,36,e,4,2,0,3
653044,7210.068059,36,e,2,6,0,2
653048,7320.983839,36,e,3,4,0,2
653049,7344.525556,36,e,1,5,1,2
653054,7462.988441,36,e,2,3,1,2
653055,7463.291958,36,e,0,7,1,1
653056,7479.478166,36,e,2,6,0,1
653058,7567.737808,36,e,3,4,0,1
653059,7584.897617,36,e,1,5,1,1
653063,7672.821773,36,e,2,3,1,1
653066,7760.737787,36,e,0,4,2,1
653075,8180.646122,36,e,6,0,0,6
653083,8416.969871,36,e,5,2,0,4
653085,8490.804432,36,e,6,0,0,4
653086,8531.677794,36,e,4,4,0,3
653087,8534.277614,36,e,2,5,1,3
653091,8620.911797,36,e,5,2,0,3
653092,8644.028699,36,e,1,7,1,2
653093,8657.221696,36,e,6,0,0,3
653098,8776.397087,36,e,2,5,1,2
653100,8780.780033,36,e,4,4,0,2
653101,8842.502161,36,e,5,2,0,2
653102,8848.092653,36,e,3,0,2,4
653104,8865.90601,36,e,6,0,0,2
653105,8874.893256,36,e,2,2,2,3
653107,8917.753209,36,e,1,7,1,1
653109,8946.204896,36,e,1,4,2,2
653112,9026.566635,36,e,2,5,1,1
653116,9088.108211,36,e,5,2,0,1
653117,9105.596256,36,e,3,3,1,1
653118,9106.876087,36,e,6,0,0,1
653121,9164.581904,36,e,1,4,2,1
653124,9240.765648,36,e,2,2,2,1
653150,9865.334274,36,e,4,3,1,4
653164,10082.629169,36,e,4,3,1,3
653170,10156.567627,36,e,5,1,1,3
653171,10210.811758,36,e,4,0,2,4
653179,10306.686294,36,e,4,3,1,2
653182,10342.198057,36,e,4,0,2,3
653185,10354.41053,36,e,5,1,1,2
653194,10480.44106,36,e,4,0,2,2
653207,10639.068979,36,e,0,5,3,1
653208,10640.359256,36,e,3,2,2,1
653210,10663.988809,36,e,4,0,2,1
653212,10743.843238,36,e,1,3,3,1
653227,10987.755403,36,e,0,2,4,1
653239,11191.974796,36,e,6,1,1,5
653252,11368.530916,36,e,6,1,1,4
653281,11667.013698,36,e,3,1,3,4
653300,11842.003253,36,e,3,1,3,3
653307,11917.2231,36,e,2,3,3,2
653315,11997.772054,36,e,3,1,3,2
653333,12170.766948,36,e,3,1,3,1
653341,12252.003005,36,e,2,0,4,2
653371,12601.403352,36,e,0,1,5,1
653689,14901.339789,36,e,2,1,5,3
653716,15059.535549,36,e,2,1,5,2
653739,15205.942857,36,e,2,1,5,1
653970,16359.831379,36,e,3,1,5,2
665890,3864.778887,36,f,0,5,0,1
665894,4939.411936,36,f,3,1,0,4
665895,4990.367878,36,f,2,3,0,3
665896,5082.20313,36,f,1,5,0,2
665897,5112.118395,36,f,3,1,0,3
665899,5205.217042,36,f,0,7,0,1
665900,5274.310048,36,f,3,1,0,2
665901,5325.285391,36,f,1,5,0,1
665903,5412.236322,36,f,2,3,0,1
665904,5460.599925,36,f,3,1,0,1
665908,6162.761249,36,f,4,1,0,5
665910,6291.4033,36,f,2,5,0,3
665912,6406.236321,36,f,1,7,0,2
665913,6424.967063,36,f,3,3,0,3
665914,6520.899199,36,f,4,1,0,3
665915,6539.436747,36,f,2,5,0,2
665916,6546.883225,36,f,0,9,0,1
665918,6640.292773,36,f,3,3,0,2
665919,6683.316348,36,f,1,7,0,1
665920,6696.523338,36,f,1,4,1,2
665921,6700.402995,36,f,4,1,0,2
665922,6791.844499,36,f,2,5,0,1
665923,6805.454282,36,f,0,6,1,1
665925,6868.772366,36,f,3,3,0,1
665926,6910.902278,36,f,4,1,0,1
665927,6917.26329,36,f,1,4,1,1
665930,7116.120939,36,f,0,3,2,1
665935,7580.833871,36,f,5,1,0,5
665937,7642.476674,36,f,4,3,0,4
665942,7861.967706,36,f,4,3,0,3
665945,7893.399561,36,f,2,4,1,3
665946,7936.774326,36,f,5,1,0,3
665947,7993.486571,36,f,1,6,1,2
665948,8001.050352,36,f,3,5,0,2
665952,8120.68708,36,f,2,4,1,2
665953,8121.756657,36,f,0,8,1,1
665954,8138.596772,36,f,5,1,0,2
665957,8251.109499,36,f,1,6,1,1
665959,8264.917311,36,f,3,5,0,1
665961,8333.003161,36,f,4,3,0,1
665962,8351.457657,36,f,2,4,1,1
665963,8371.081751,36,f,5,1,0,1
665964,8405.753724,36,f,0,5,2,1
665983,9081.893854,36,f,3,4,1,4
665992,9316.481419,36,f,3,4,1,3
665997,9436.607813,36,f,2,6,1,2
665999,9450.919303,36,f,3,1,2,4
666003,9542.631666,36,f,5,3,0,2
666004,9550.397642,36,f,3,4,1,2
666009,9626.693349,36,f,4,2,1,2
666012,9702.406112,36,f,2,3,2,2
666016,9782.158088,36,f,3,1,2,2
666017,9790.483437,36,f,3,4,1,1
666021,9838.199657,36,f,6,1,0,1
666024,9909.175625,36,f,2,3,2,1
666026,9959.247714,36,f,3,1,2,1
666029,10006.363409,36,f,0,4,3,1
666046,10426.665432,36,f,5,2,1,5
666056,10628.635772,36,f,5,2,1,4
666069,10831.204231,36,f,5,2,1,3
666090,11103.321439,36,f,2,2,3,3
666096,11171.084224,36,f,1,4,3,2
666105,11284.983927,36,f,2,2,3,2
666112,11387.32831,36,f,1,4,3,1
666117,11465.233205,36,f,2,2,3,1
666129,11688.484419,36,f,1,1,4,1
666262,13208.486061,36,f,0,2,5,1
666423,14520.88703,36,f,1,2,5,1
677784,4373.317987,37,f,2,2,0,3
677785,4451.078078,37,f,1,4,0,2
677787,4564.00055,37,f,0,6,0,1
677794,5668.741735,37,f,2,4,0,3
677795,5772.861511,37,f,1,6,0,2
677796,5795.609962,37,f,3,2,0,3
677797,5898.101031,37,f,2,4,0,2
677798,5905.160733,37,f,0,8,0,1
677799,5986.979736,37,f,3,2,0,2
677801,6033.69312,37,f,1,6,0,1
677803,6132.056569,37,f,2,4,0,1
677804,6176.566604,37,f,0,5,1,1
677806,6195.379484,37,f,3,2,0,1
677810,6814.603834,37,f,4,2,0,5
677815,7114.143879,37,f,3,4,0,3
677816,7219.885963,37,f,4,2,0,3
677818,7239.210819,37,f,2,6,0,2
677820,7284.995782,37,f,2,3,1,3
677821,7350.00187,37,f,3,4,0,2
677822,7373.44518,37,f,1,5,1,2
677826,7491.767203,37,f,2,3,1,2
677827,7492.287862,37,f,0,7,1,1
677828,7508.599988,37,f,2,6,0,1
677830,7596.748188,37,f,3,4,0,1
677831,7613.79421,37,f,1,5,1,1
677832,7652.669924,37,f,4,2,0,1
677833,7701.60136,37,f,2,3,1,1
677836,7789.358117,37,f,0,4,2,1
677848,8445.904915,37,f,5,2,0,4
677849,8481.133748,37,f,3,3,1,4
677850,8560.620903,37,f,4,4,0,3
677851,8563.28931,37,f,2,5,1,3
677856,8673.050314,37,f,1,7,1,2
677861,8805.279633,37,f,2,5,1,2
677863,8809.787815,37,f,4,4,0,2
677864,8871.715668,37,f,5,2,0,2
677866,8903.394841,37,f,2,2,2,3
677867,8909.948101,37,f,3,3,1,2
677868,8946.738262,37,f,1,7,1,1
677870,8974.853211,37,f,1,4,2,2
677872,9055.411344,37,f,2,5,1,1
677875,9086.125006,37,f,2,2,2,2
677876,9117.648565,37,f,5,2,0,1
677879,9193.199557,37,f,1,4,2,1
677902,9894.14936,37,f,4,3,1,4
677914,10111.427216,37,f,4,3,1,3
677919,10187.747676,37,f,5,1,1,3
677927,10335.714163,37,f,4,3,1,2
677931,10384.69727,37,f,5,1,1,2
677943,10577.47247,37,f,1,3,3,2
677949,10667.529693,37,f,0,5,3,1
677950,10669.016581,37,f,3,2,2,1
677953,10772.180398,37,f,1,3,3,1
677965,11015.809011,37,f,0,2,4,1
677975,11223.764437,37,f,6,1,1,5
677986,11400.029849,37,f,6,1,1,4
678011,11697.672867,37,f,3,1,3,4
678027,11872.22669,37,f,3,1,3,3
678033,11945.570067,37,f,2,3,3,2
678041,12027.651932,37,f,3,1,3,2
678055,12200.648037,37,f,3,1,3,1
678086,12629.90708,37,f,0,1,5,1
678362,14930.837046,37,f,2,1,5,3
678385,15088.292288,37,f,2,1,5,2
678405,15234.915538,37,f,2,1,5,1
678609,16389.279827,37,f,3,1,5,2
689623,3893.889194,37,e,0,5,0,1
689630,5019.418767,37,e,2,3,0,3
689631,5111.33212,37,e,1,5,0,2
689633,5227.923264,37,e,2,3,0,2
689634,5234.427471,37,e,0,7,0,1
689636,5354.377331,37,e,1,5,0,1
689639,5441.228164,37,e,2,3,0,1
689640,5487.03517,37,e,3,1,0,1
689648,6320.554357,37,e,2,5,0,3
689650,6435.464945,37,e,1,7,0,2
689651,6453.964228,37,e,3,3,0,3
689653,6568.531482,37,e,2,5,0,2
689654,6576.191217,37,e,0,9,0,1
689657,6669.265008,37,e,3,3,0,2
689658,6712.500048,37,e,1,7,0,1
689659,6725.386429,37,e,1,4,1,2
689662,6820.914537,37,e,2,5,0,1
689664,6834.40893,37,e,0,6,1,1
689668,6946.09545,37,e,1,4,1,1
689672,7144.684501,37,e,0,3,2,1
689674,7401.039127,37,e,5,1,0,6
689680,7671.485235,37,e,4,3,0,4
689686,7890.925045,37,e,4,3,0,3
689689,7922.292147,37,e,2,4,1,3
689690,7962.679145,37,e,5,1,0,3
689692,8022.447165,37,e,1,6,1,2
689693,8030.126399,37,e,3,5,0,2
689696,8117.467526,37,e,4,3,0,2
689698,8149.526877,37,e,2,4,1,2
689699,8150.810563,37,e,0,8,1,1
689704,8280.028076,37,e,1,6,1,1
689706,8293.991653,37,e,3,5,0,1
689707,8340.607189,37,e,1,3,2,2
689708,8361.943496,37,e,4,3,0,1
689709,8380.312692,37,e,2,4,1,1
689711,8434.431647,37,e,0,5,2,1
689734,9110.834692,37,e,3,4,1,4
689735,9194.577703,37,e,6,1,0,4
689744,9345.346782,37,e,3,4,1,3
689747,9389.077275,37,e,6,1,0,3
689752,9477.18788,37,e,3,1,2,4
689757,9571.477734,37,e,5,3,0,2
689758,9579.301426,37,e,3,4,1,2
689760,9611.718745,37,e,6,1,0,2
689762,9650.093702,37,e,3,1,2,3
689767,9730.969543,37,e,2,3,2,2
689771,9808.822749,37,e,3,1,2,2
689772,9819.268209,37,e,3,4,1,1
689777,9878.350001,37,e,4,2,1,1
689781,9937.747658,37,e,2,3,2,1
689783,9985.902762,37,e,3,1,2,1
689786,10034.763884,37,e,0,4,3,1
689801,10396.308776,37,e,0,1,4,1
689815,10611.163623,37,e,7,1,0,4
689819,10659.432375,37,e,5,2,1,4
689822,10735.812216,37,e,6,0,1,4
689832,10859.723589,37,e,5,2,1,3
689835,10896.758908,37,e,6,0,1,3
689854,11105.99055,37,e,3,0,3,4
689856,11131.776302,37,e,2,2,3,3
689862,11199.517057,37,e,1,4,3,2
689872,11313.281601,37,e,2,2,3,2
689879,11388.941228,37,e,4,1,2,1
689882,11415.729704,37,e,1,4,3,1
689887,11493.488258,37,e,2,2,3,1
689901,11715.468562,37,e,1,1,4,1
689984,12575.2681,37,e,5,1,2,2
690001,12715.18757,37,e,4,0,3,2
690051,13236.329019,37,e,0,2,5,1
690231,14548.707583,37,e,1,2,5,1
690422,15647.591507,37,e,7,4,1,1
690423,15647.842035,37,e,3,0,5,3
690450,15765.468787,37,e,3,0,5,2
690472,15900.964057,37,e,3,0,5,1
702415,4480.940292,38,e,1,4,0,2
702418,4593.947678,38,e,0,6,0,1
702419,4641.433793,38,e,3,0,0,2
702429,5698.628031,38,e,2,4,0,3
702430,5774.955297,38,e,4,0,0,4
702431,5802.827536,38,e,1,6,0,2
702432,5825.359338,38,e,3,2,0,3
702433,5905.453329,38,e,4,0,0,3
702434,5927.929141,38,e,2,4,0,2
702435,5935.209334,38,e,0,8,0,1
702436,6016.610029,38,e,3,2,0,2
702439,6063.617392,38,e,1,6,0,1
702441,6161.873743,38,e,2,4,0,1
702443,6206.240481,38,e,0,5,1,1
702444,6224.924593,38,e,3,2,0,1
702445,6247.467827,38,e,4,0,0,1
702450,6585.438438,38,e,1,0,2,1
702451,6821.752063,38,e,5,0,0,6
702452,6844.709096,38,e,4,2,0,5
702458,7143.978261,38,e,3,4,0,3
702459,7163.604637,38,e,5,0,0,4
702460,7249.515973,38,e,4,2,0,3
702462,7269.13946,38,e,2,6,0,2
702465,7314.611197,38,e,2,3,1,3
702466,7379.802426,38,e,3,4,0,2
702467,7403.144707,38,e,1,5,1,2
702472,7521.321724,38,e,2,3,1,2
702473,7522.065873,38,e,0,7,1,1
702474,7538.507096,38,e,2,6,0,1
702476,7626.540512,38,e,3,4,0,1
702477,7643.470475,38,e,1,5,1,1
702481,7731.155833,38,e,2,3,1,1
702484,7818.750376,38,e,0,4,2,1
702493,8239.227114,38,e,6,0,0,6
702501,8475.537955,38,e,5,2,0,4
702502,8510.782929,38,e,3,3,1,4
702503,8548.942167,38,e,6,0,0,4
702504,8590.344506,38,e,2,5,1,3
702505,8593.083234,38,e,4,4,0,3
702511,8715.636071,38,e,6,0,0,3
702516,8834.941436,38,e,2,5,1,2
702518,8839.577352,38,e,4,4,0,2
702519,8901.047921,38,e,5,2,0,2
702520,8905.91168,38,e,3,0,2,4
702522,8924.521783,38,e,6,0,0,2
702523,8932.810209,38,e,2,2,2,3
702525,8976.505291,38,e,1,7,1,1
702527,9004.273983,38,e,1,4,2,2
702530,9085.03498,38,e,2,5,1,1
702534,9146.579114,38,e,5,2,0,1
702536,9165.637636,38,e,6,0,0,1
702539,9222.589201,38,e,1,4,2,1
702542,9298.556862,38,e,2,2,2,1
702568,9923.7355,38,e,4,3,1,4
702582,10140.946529,38,e,4,3,1,3
702588,10214.426753,38,e,5,1,1,3
702589,10268.413553,38,e,4,0,2,4
702597,10365.151321,38,e,4,3,1,2
702599,10399.515631,38,e,4,0,2,3
702603,10412.537025,38,e,5,1,1,2
702617,10606.608893,38,e,1,3,3,2
702625,10696.757997,38,e,0,5,3,1
702626,10698.204944,38,e,3,2,2,1
702628,10721.826571,38,e,4,0,2,1
702644,11044.6318,38,e,0,2,4,1
702657,11249.770526,38,e,6,1,1,5
702670,11426.269012,38,e,6,1,1,4
702699,11724.365831,38,e,3,1,3,4
702718,11899.188921,38,e,3,1,3,3
702725,11974.681298,38,e,2,3,3,2
702733,12054.844931,38,e,3,1,3,2
702751,12228.012612,38,e,3,1,3,1
702759,12308.567285,38,e,2,0,4,2
702788,12657.660253,38,e,0,1,5,1
702933,13815.993477,38,e,1,1,5,2
703107,14957.764482,38,e,2,1,5,3
703134,15115.806697,38,e,2,1,5,2
703157,15262.191763,38,e,2,1,5,1
715308,3923.784611,38,f,0,5,0,1
715312,4998.294563,38,f,3,1,0,4
715313,5049.255242,38,f,2,3,0,3
715314,5141.24662,38,f,1,5,0,2
715315,5170.753792,38,f,3,1,0,3
715317,5264.425662,38,f,0,7,0,1
715318,5332.939599,38,f,3,1,0,2
715319,5384.253913,38,f,1,5,0,1
715321,5471.004809,38,f,2,3,0,1
715322,5519.386584,38,f,3,1,0,1
715323,5548.76869,38,f,0,4,1,1
715326,6221.749272,38,f,4,1,0,5
715327,6266.370416,38,f,3,3,0,4
715328,6350.491426,38,f,2,5,0,3
715330,6465.481726,38,f,1,7,0,2
715331,6483.744489,38,f,3,3,0,3
715332,6579.469485,38,f,4,1,0,3
715333,6598.410837,38,f,2,5,0,2
715334,6606.289557,38,f,0,9,0,1
715336,6699.020741,38,f,3,3,0,2
715337,6742.470792,38,f,1,7,0,1
715338,6755.028433,38,f,1,4,1,2
715339,6759.093472,38,f,4,1,0,2
715340,6850.768473,38,f,2,5,0,1
715342,6864.14281,38,f,0,6,1,1
715343,6927.530318,38,f,3,3,0,1
715344,6969.760428,38,f,4,1,0,1
715345,6975.705555,38,f,1,4,1,1
715348,7174.018647,38,f,0,3,2,1
715353,7639.609732,38,f,5,1,0,5
715360,7920.664888,38,f,4,3,0,3
715363,7951.963788,38,f,2,4,1,3
715364,7995.366386,38,f,5,1,0,3
715365,8052.189018,38,f,1,6,1,2
715366,8059.986265,38,f,3,5,0,2
715369,8147.207469,38,f,4,3,0,2
715370,8179.144722,38,f,2,4,1,2
715371,8180.648086,38,f,0,8,1,1
715372,8197.358216,38,f,5,1,0,2
715375,8309.72707,38,f,1,6,1,1
715377,8323.849643,38,f,3,5,0,1
715378,8369.969838,38,f,1,3,2,2
715379,8391.692995,38,f,4,3,0,1
715380,8409.948727,38,f,2,4,1,1
715381,8429.993741,38,f,5,1,0,1
715382,8463.883054,38,f,0,5,2,1
715397,9079.512579,38,f,4,2,1,5
715401,9140.555973,38,f,3,4,1,4
715410,9374.991035,38,f,3,4,1,3
715417,9508.948148,38,f,3,1,2,4
715421,9601.12062,38,f,5,3,0,2
715422,9608.99209,38,f,3,4,1,2
715426,9680.977694,38,f,3,1,2,3
715427,9684.854896,38,f,4,2,1,2
715430,9760.30345,38,f,2,3,2,2
715434,9839.865738,38,f,3,1,2,2
715435,9848.836417,38,f,3,4,1,1
715439,9896.957733,38,f,6,1,0,1
715440,9908.654525,38,f,4,2,1,1
715442,9967.091431,38,f,2,3,2,1
715444,10017.124916,38,f,3,1,2,1
715446,10063.930361,38,f,0,4,3,1
715459,10425.853454,38,f,0,1,4,1
715474,10686.701682,38,f,5,2,1,4
715487,10889.424652,38,f,5,2,1,3
715508,11160.854893,38,f,2,2,3,3
715514,11228.716672,38,f,1,4,3,2
715523,11342.344045,38,f,2,2,3,2
715530,11444.897321,38,f,1,4,3,1
715535,11522.586792,38,f,2,2,3,1
715547,11745.273848,38,f,1,1,4,1
715680,13264.907833,38,f,0,2,5,1
715841,14577.292477,38,f,1,2,5,1
727199,3284.571657,39,f,0,4,0,1
727203,4511.586517,39,f,1,4,0,2
727205,4624.681115,39,f,0,6,0,1
727212,5729.29885,39,f,2,4,0,3
727213,5833.580262,39,f,1,6,0,2
727214,5855.829942,39,f,3,2,0,3
727215,5958.540419,39,f,2,4,0,2
727216,5966.04686,39,f,0,8,0,1
727217,6047.166683,39,f,3,2,0,2
727219,6094.327391,39,f,1,6,0,1
727221,6192.473928,39,f,2,4,0,1
727222,6236.693515,39,f,0,5,1,1
727224,6255.652347,39,f,3,2,0,1
727227,6559.727951,39,f,0,2,2,1
727228,6875.079575,39,f,4,2,0,5
727233,7174.59586,39,f,3,4,0,3
727234,7280.021122,39,f,4,2,0,3
727236,7299.853842,39,f,2,6,0,2
727238,7345.006506,39,f,2,3,1,3
727239,7410.385434,39,f,3,4,0,2
727240,7433.624001,39,f,1,5,1,2
727245,7552.625863,39,f,0,7,1,1
727246,7569.199346,39,f,2,6,0,1
727248,7657.115017,39,f,3,4,0,1
727249,7673.926326,39,f,1,5,1,1
727251,7761.487107,39,f,2,3,1,1
727254,7848.914437,39,f,0,4,2,1
727266,8506.039443,39,f,5,2,0,4
727268,8620.848476,39,f,2,5,1,3
727269,8623.659261,39,f,4,4,0,3
727279,8865.382557,39,f,2,5,1,2
727280,8870.148709,39,f,4,4,0,2
727282,8931.893241,39,f,5,2,0,2
727284,8962.837614,39,f,2,2,2,3
727286,9007.054183,39,f,1,7,1,1
727288,9034.467347,39,f,1,4,2,2
727290,9115.437527,39,f,2,5,1,1
727294,9177.821197,39,f,5,2,0,1
727297,9252.750764,39,f,1,4,2,1
727320,9954.105184,39,f,4,3,1,4
727326,10073.981942,39,f,5,1,1,4
727327,10074.14647,39,f,5,4,0,3
727332,10171.30475,39,f,4,3,1,3
727337,10247.436341,39,f,5,1,1,3
727345,10395.794004,39,f,4,3,1,2
727349,10444.591511,39,f,5,1,1,2
727367,10726.753857,39,f,0,5,3,1
727368,10728.431369,39,f,3,2,2,1
727371,10831.147634,39,f,1,3,3,1
727382,11074.197684,39,f,0,2,4,1
727429,11756.804438,39,f,3,1,3,4
727445,11931.122681,39,f,3,1,3,3
727451,12004.557356,39,f,2,3,3,2
727459,12086.428818,39,f,3,1,3,2
727473,12259.595415,39,f,3,1,3,1
727503,12687.742756,39,f,0,1,5,1
727780,14988.939748,39,f,2,1,5,3
727803,15146.156243,39,f,2,1,5,2
727823,15292.795988,39,f,2,1,5,1
739041,3954.465004,39,e,0,5,0,1
739048,5079.872388,39,e,2,3,0,3
739049,5171.946489,39,e,1,5,0,2
739052,5295.211479,39,e,0,7,0,1
739054,5414.915004,39,e,1,5,0,1
739057,5501.559936,39,e,2,3,0,1
739058,5547.103279,39,e,3,1,0,1
739065,6297.01639,39,e,3,3,0,4
739066,6381.214359,39,e,2,5,0,3
739068,6496.28652,39,e,1,7,0,2
739069,6514.305231,39,e,3,3,0,3
739071,6629.074671,39,e,2,5,0,2
739072,6637.178102,39,e,0,9,0,1
739075,6729.555222,39,e,3,3,0,2
739076,6773.228442,39,e,1,7,0,1
739077,6785.447964,39,e,1,4,1,2
739078,6786.536214,39,e,4,1,0,2
739080,6881.40616,39,e,2,5,0,1
739082,6894.658451,39,e,0,6,1,1
739086,7006.09303,39,e,1,4,1,1
739090,7204.12288,39,e,0,3,2,1
739092,7461.312987,39,e,5,1,0,6
739098,7731.851253,39,e,4,3,0,4
739101,7846.213491,39,e,5,1,0,4
739104,7951.183605,39,e,4,3,0,3
739107,7982.414371,39,e,2,4,1,3
739108,8022.499314,39,e,5,1,0,3
739110,8082.712,39,e,1,6,1,2
739111,8090.629799,39,e,3,5,0,2
739114,8177.718121,39,e,4,3,0,2
739116,8209.540068,39,e,2,4,1,2
739117,8211.2691,39,e,0,8,1,1
739122,8340.206376,39,e,1,6,1,1
739124,8354.491113,39,e,3,5,0,1
739125,8400.102553,39,e,1,3,2,2
739126,8422.188521,39,e,4,3,0,1
739127,8440.360673,39,e,2,4,1,1
739128,8455.817344,39,e,5,1,0,1
739129,8494.107814,39,e,0,5,2,1
739148,9110.194404,39,e,4,2,1,5
739152,9171.05729,39,e,3,4,1,4
739162,9405.413394,39,e,3,4,1,3
739165,9448.916088,39,e,6,1,0,3
739170,9536.506534,39,e,3,1,2,4
739175,9631.517793,39,e,5,3,0,2
739176,9639.454924,39,e,3,4,1,2
739178,9671.598245,39,e,6,1,0,2
739180,9709.204781,39,e,3,1,2,3
739183,9742.590457,39,e,5,0,1,2
739185,9790.407137,39,e,2,3,2,2
739189,9867.868716,39,e,3,1,2,2
739190,9879.17591,39,e,3,4,1,1
739195,9938.374084,39,e,4,2,1,1
739199,9997.204998,39,e,2,3,2,1
739201,10045.114196,39,e,3,1,2,1
739233,10670.903112,39,e,7,1,0,4
739237,10719.102682,39,e,5,2,1,4
739240,10795.021963,39,e,6,0,1,4
739250,10919.456732,39,e,5,2,1,3
739253,10956.299609,39,e,6,0,1,3
739272,11164.923208,39,e,3,0,3,4
739274,11190.858566,39,e,2,2,3,3
739280,11258.682904,39,e,1,4,3,2
739290,11372.153891,39,e,2,2,3,2
739297,11448.394303,39,e,4,1,2,1
739300,11474.831046,39,e,1,4,3,1
739305,11552.359369,39,e,2,2,3,1
739385,12507.552528,39,e,4,0,3,4
739402,12634.240171,39,e,5,1,2,2
739405,12643.007471,39,e,4,0,3,3
739419,12773.794173,39,e,4,0,3,2
739469,13294.253789,39,e,0,2,5,1
739649,14606.612606,39,e,1,2,5,1
739839,15705.542568,39,e,3,0,5,3
739868,15823.092542,39,e,3,0,5,2
739890,15958.780744,39,e,3,0,5,1
751833,4543.016622,40,e,1,4,0,2
751836,4656.200724,40,e,0,6,0,1
751837,4702.940756,40,e,3,0,0,2
751840,4866.12397,40,e,3,0,0,1
751847,5760.754103,40,e,2,4,0,3
751848,5836.493839,40,e,4,0,0,4
751849,5865.119543,40,e,1,6,0,2
751850,5887.14551,40,e,3,2,0,3
751851,5966.810231,40,e,4,0,0,3
751852,5989.934719,40,e,2,4,0,2
751853,5997.673169,40,e,0,8,0,1
751854,6078.339894,40,e,3,2,0,2
751857,6125.822979,40,e,1,6,0,1
751859,6223.856875,40,e,2,4,0,1
751861,6267.925618,40,e,0,5,1,1
751862,6286.714305,40,e,3,2,0,1
751863,6309.278678,40,e,4,0,0,1
751868,6646.043729,40,e,1,0,2,1
751869,6883.690588,40,e,5,0,0,6
751870,6906.806505,40,e,4,2,0,5
751876,7205.996546,40,e,3,4,0,3
751877,7224.894288,40,e,5,0,0,4
751878,7311.19727,40,e,4,2,0,3
751880,7331.353819,40,e,2,6,0,2
751883,7376.176372,40,e,2,3,1,3
751884,7441.750673,40,e,3,4,0,2
751885,7464.882923,40,e,1,5,1,2
751891,7583.967701,40,e,0,7,1,1
751892,7600.676593,40,e,2,6,0,1
751894,7688.471045,40,e,3,4,0,1
751895,7705.161642,40,e,1,5,1,1
751899,7792.592568,40,e,2,3,1,1
751902,7879.850169,40,e,0,4,2,1
751911,8300.919355,40,e,6,0,0,6
751919,8537.221425,40,e,5,2,0,4
751920,8572.421868,40,e,3,3,1,4
751921,8610.1761,40,e,6,0,0,4
751922,8652.132638,40,e,2,5,1,3
751923,8655.01722,40,e,4,4,0,3
751927,8741.079292,40,e,5,2,0,3
751929,8777.164157,40,e,6,0,0,3
751934,8896.602631,40,e,2,5,1,2
751935,8901.501482,40,e,4,4,0,2
751937,8962.702382,40,e,5,2,0,2
751938,8966.804475,40,e,3,0,2,4
751940,8986.26581,40,e,6,0,0,2
751941,8993.810457,40,e,2,2,2,3
751943,9038.384826,40,e,1,7,1,1
751945,9065.432824,40,e,1,4,2,2
751948,9146.618801,40,e,2,5,1,1
751952,9208.148457,40,e,5,2,0,1
751954,9227.547304,40,e,6,0,0,1
751957,9283.684076,40,e,1,4,2,1
751962,9387.883611,40,e,3,0,2,1
751983,9922.967969,40,e,5,1,1,5
751986,9985.243478,40,e,4,3,1,4
751993,10101.96426,40,e,5,1,1,4
752000,10202.366271,40,e,4,3,1,3
752006,10275.366641,40,e,5,1,1,3
752015,10426.721122,40,e,4,3,1,2
752017,10459.887872,40,e,4,0,2,3
752021,10473.757554,40,e,5,1,1,2
752035,10667.185693,40,e,1,3,3,2
752043,10757.517036,40,e,0,5,3,1
752044,10759.12518,40,e,3,2,2,1
752046,10782.745742,40,e,4,0,2,1
752062,11104.535087,40,e,0,2,4,1
752117,11784.768492,40,e,3,1,3,4
752136,11959.43076,40,e,3,1,3,3
752142,12035.197314,40,e,2,3,3,2
752151,12114.955665,40,e,3,1,3,2
752169,12288.307734,40,e,3,1,3,1
752206,12716.91105,40,e,0,1,5,1
752351,13875.318974,40,e,1,1,5,2
752363,14014.148893,40,e,1,1,5,1
752552,15175.077138,40,e,2,1,5,2
752575,15321.435812,40,e,2,1,5,1
764723,3824.446387,40,f,2,1,0,3
764726,3985.930237,40,f,0,5,0,1
764728,4142.793145,40,f,2,1,0,1
764730,5060.308131,40,f,3,1,0,4
764731,5111.275604,40,f,2,3,0,3
764732,5203.431584,40,f,1,5,0,2
764733,5232.508565,40,f,3,1,0,3
764735,5326.784782,40,f,0,7,0,1
764736,5394.690418,40,f,3,1,0,2
764737,5446.360473,40,f,1,5,0,1
764739,5532.900746,40,f,2,3,0,1
764740,5581.303817,40,f,3,1,0,1
764741,5610.337295,40,f,0,4,1,1
764745,6328.453976,40,f,3,3,0,4
764746,6412.723002,40,f,2,5,0,3
764748,6527.879177,40,f,1,7,0,2
764749,6545.649187,40,f,3,3,0,3
764750,6641.15703,40,f,4,1,0,3
764751,6660.522845,40,f,2,5,0,2
764752,6668.856709,40,f,0,9,0,1
764754,6760.873747,40,f,3,3,0,2
764755,6804.772858,40,f,1,7,0,1
764756,6816.646461,40,f,1,4,1,2
764757,6820.90928,40,f,4,1,0,2
764758,6912.827448,40,f,2,5,0,1
764760,6925.954879,40,f,0,6,1,1
764761,6989.41491,40,f,3,3,0,1
764762,7031.753599,40,f,4,1,0,1
764763,7037.258342,40,f,1,4,1,1
764766,7234.997502,40,f,0,3,2,1
764778,7982.48515,40,f,4,3,0,3
764781,8013.643706,40,f,2,4,1,3
764782,8057.078177,40,f,5,1,0,3
764783,8114.015977,40,f,1,6,1,2
764784,8122.05685,40,f,3,5,0,2
764787,8209.020885,40,f,4,3,0,2
764788,8240.713304,40,f,2,4,1,2
764789,8242.673469,40,f,0,8,1,1
764790,8259.249503,40,f,5,1,0,2
764793,8371.465884,40,f,1,6,1,1
764795,8385.915905,40,f,3,5,0,1
764797,8453.503547,40,f,4,3,0,1
764798,8471.554636,40,f,2,4,1,1
764799,8492.044425,40,f,5,1,0,1
764800,8525.105802,40,f,0,5,2,1
764815,9141.11587,40,f,4,2,1,5
764819,9202.338811,40,f,3,4,1,4
764828,9436.614557,40,f,3,4,1,3
764835,9570.062531,40,f,3,1,2,4
764839,9662.718016,40,f,5,3,0,2
764840,9670.707811,40,f,3,4,1,2
764844,9741.867198,40,f,3,1,2,3
764845,9746.129098,40,f,4,2,1,2
764848,9821.281396,40,f,2,3,2,2
764852,9900.645582,40,f,3,1,2,2
764853,9910.30113,40,f,3,4,1,1
764857,9958.835827,40,f,6,1,0,1
764858,9970.3967,40,f,4,2,1,1
764860,10028.090414,40,f,2,3,2,1
764862,10078.084501,40,f,3,1,2,1
764864,10124.560811,40,f,0,4,3,1
764877,10485.670394,40,f,0,1,4,1
764892,10747.858709,40,f,5,2,1,4
764905,10950.743127,40,f,5,2,1,3
764926,11221.457154,40,f,2,2,3,3
764941,11402.751953,40,f,2,2,3,2
764948,11505.530772,40,f,1,4,3,1
764953,11582.994191,40,f,2,2,3,1
765098,13324.332166,40,f,0,2,5,1
776617,3348.175378,41,f,0,4,0,1
776621,4575.230447,41,f,1,4,0,2
776623,4688.506362,41,f,0,6,0,1
776624,4798.383719,41,f,1,4,0,1
776630,5792.99356,41,f,2,4,0,3
776631,5897.445228,41,f,1,6,0,2
776632,5919.17022,41,f,3,2,0,3
776633,6022.111905,41,f,2,4,0,2
776634,6030.088113,41,f,0,8,0,1
776635,6110.473702,41,f,3,2,0,2
776637,6158.104017,41,f,1,6,0,1
776639,6256.022587,41,f,2,4,0,1
776640,6299.936617,41,f,0,5,1,1
776642,6319.050557,41,f,3,2,0,1
776643,6400.499505,41,f,1,3,1,1
776646,6938.686642,41,f,4,2,0,5
776651,7238.180145,41,f,3,4,0,3
776652,7343.27286,41,f,4,2,0,3
776654,7363.639241,41,f,2,6,0,2
776656,7408.126654,41,f,2,3,1,3
776657,7473.898092,41,f,3,4,0,2
776658,7496.921328,41,f,1,5,1,2
776663,7616.091252,41,f,0,7,1,1
776664,7632.938687,41,f,2,6,0,1
776666,7720.609026,41,f,3,4,0,1
776667,7737.176343,41,f,1,5,1,1
776669,7824.474552,41,f,2,3,1,1
776672,7911.557438,41,f,0,4,2,1
776684,8569.289971,41,f,5,2,0,4
776686,8684.196866,41,f,2,5,1,3
776687,8687.156991,41,f,4,4,0,3
776691,8773.260625,41,f,5,2,0,3
776697,8928.601788,41,f,2,5,1,2
776698,8933.635847,41,f,4,4,0,2
776700,8995.191368,41,f,5,2,0,2
776702,9025.360706,41,f,2,2,2,3
776704,9070.497104,41,f,1,7,1,1
776706,9097.170696,41,f,1,4,2,2
776708,9178.578821,41,f,2,5,1,1
776711,9207.804968,41,f,2,2,2,2
776712,9241.112654,41,f,5,2,0,1
776715,9315.389082,41,f,1,4,2,1
776738,10017.167445,41,f,4,3,1,4
776750,10234.286096,41,f,4,3,1,3
776755,10310.220462,41,f,5,1,1,3
776763,10458.992346,41,f,4,3,1,2
776767,10507.593217,41,f,5,1,1,2
776779,10698.631345,41,f,1,3,3,2
776785,10789.047527,41,f,0,5,3,1
776786,10790.926663,41,f,3,2,2,1
776793,10955.261689,41,f,2,1,3,1
776847,11818.99794,41,f,3,1,3,4
776863,11993.074892,41,f,3,1,3,3
776877,12148.252486,41,f,3,1,3,2
776891,12321.600518,41,f,3,1,3,1
776921,12748.575989,41,f,0,1,5,1
777221,15207.019314,41,f,2,1,5,2
777241,15353.678138,41,f,2,1,5,1
788459,4018.180171,41,e,0,5,0,1
788466,5143.458311,41,e,2,3,0,3
788467,5235.701754,41,e,1,5,0,2
788469,5351.711631,41,e,2,3,0,2
788470,5359.145425,41,e,0,7,0,1
788472,5478.590179,41,e,1,5,0,1
788475,5565.018469,41,e,2,3,0,1
788476,5610.286302,41,e,3,1,0,1
788477,5642.287842,41,e,0,4,1,1
788483,6360.666208,41,e,3,3,0,4
788484,6445.017199,41,e,2,5,0,3
788486,6560.259545,41,e,1,7,0,2
788487,6577.772869,41,e,3,3,0,3
788489,6692.75521,41,e,2,5,0,2
788493,6792.969799,41,e,3,3,0,2
788494,6837.103895,41,e,1,7,0,1
788495,6848.621768,41,e,1,4,1,2
788498,6945.032179,41,e,2,5,0,1
788500,6958.031965,41,e,0,6,1,1
788502,7021.520292,41,e,3,3,0,1
788504,7069.200607,41,e,1,4,1,1
788508,7266.641879,41,e,0,3,2,1
788510,7524.707217,41,e,5,1,0,6
788516,7795.344782,41,e,4,3,0,4
788522,8014.564578,41,e,4,3,0,3
788525,8045.65169,41,e,2,4,1,3
788526,8085.420922,41,e,5,1,0,3
788528,8146.100811,41,e,1,6,1,2
788529,8154.26726,41,e,3,5,0,2
788534,8272.663655,41,e,2,4,1,2
788535,8274.86106,41,e,0,8,1,1
788540,8403.505481,41,e,1,6,1,1
788542,8418.123842,41,e,3,5,0,1
788543,8462.680957,41,e,1,3,2,2
788544,8485.551975,41,e,4,3,0,1
788545,8503.522878,41,e,2,4,1,1
788547,8556.876876,41,e,0,5,2,1
788566,9173.408428,41,e,4,2,1,5
788570,9234.399988,41,e,3,4,1,4
788580,9468.593369,41,e,3,4,1,3
788582,9511.856068,41,e,6,1,0,3
788588,9598.898127,41,e,3,1,2,4
788593,9694.664778,41,e,5,3,0,2
788594,9702.728545,41,e,3,4,1,2
788596,9734.58455,41,e,6,1,0,2
788598,9771.370265,41,e,3,1,2,3
788603,9852.925093,41,e,2,3,2,2
788607,9929.976146,41,e,3,1,2,2
788608,9942.194693,41,e,3,4,1,1
788613,10001.507722,41,e,4,2,1,1
788617,10059.745025,41,e,2,3,2,1
788619,10107.397176,41,e,3,1,2,1
788622,10156.024522,41,e,0,4,3,1
788637,10515.770253,41,e,0,1,4,1
788648,10718.971238,41,e,6,0,1,5
788650,10733.736493,41,e,7,1,0,4
788655,10781.868839,41,e,5,2,1,4
788658,10857.302951,41,e,6,0,1,4
788668,10982.283007,41,e,5,2,1,3
788671,11018.931062,41,e,6,0,1,3
788690,11226.91808,41,e,3,0,3,4
788692,11253.011852,41,e,2,2,3,3
788701,11379.533676,41,e,3,0,3,3
788708,11434.069187,41,e,2,2,3,2
788715,11510.936592,41,e,4,1,2,1
788723,11614.282282,41,e,2,2,3,1
788725,11643.636012,41,e,3,0,3,1
788802,12569.296085,41,e,4,0,3,4
788820,12696.22589,41,e,5,1,2,2
788822,12704.903273,41,e,4,0,3,3
788837,12835.442311,41,e,4,0,3,2
788887,13355.18083,41,e,0,2,5,1
789043,14472.320105,41,e,2,0,5,3
789257,15766.302762,41,e,3,0,5,3
789284,15883.712803,41,e,3,0,5,2
789308,16019.597414,41,e,3,0,5,1
801245,3381.152129,42,e,0,4,0,1
801251,4608.227859,42,e,1,4,0,2
801252,4645.594063,42,e,3,0,0,3
801254,4721.597884,42,e,0,6,0,1
801255,4767.556752,42,e,3,0,0,2
801258,4930.987809,42,e,3,0,0,1
801265,5826.017151,42,e,2,4,0,3
801266,5901.137594,42,e,4,0,0,4
801267,5930.557162,42,e,1,6,0,2
801268,5952.052086,42,e,3,2,0,3
801269,6031.267412,42,e,4,0,0,3
801270,6055.071821,42,e,2,4,0,2
801271,6063.291542,42,e,0,8,0,1
801272,6143.186331,42,e,3,2,0,2
801275,6191.17036,42,e,1,6,0,1
801276,6234.642999,42,e,1,3,1,2
801277,6288.970751,42,e,2,4,0,1
801279,6332.726407,42,e,0,5,1,1
801280,6351.621395,42,e,3,2,0,1
801281,6374.218089,42,e,4,0,0,1
801286,6709.711578,42,e,1,0,2,1
801287,6948.749746,42,e,5,0,0,6
801288,6972.042561,42,e,4,2,0,5
801294,7271.146528,42,e,3,4,0,3
801295,7289.278484,42,e,5,0,0,4
801296,7375.992099,42,e,4,2,0,3
801298,7396.709957,42,e,2,6,0,2
801301,7440.850261,42,e,2,3,1,3
801302,7506.827424,42,e,3,4,0,2
801303,7529.73907,42,e,1,5,1,2
801309,7648.996379,42,e,0,7,1,1
801310,7665.985473,42,e,2,6,0,1
801312,7753.528046,42,e,3,4,0,1
801313,7769.970292,42,e,1,5,1,1
801317,7857.129942,42,e,2,3,1,1
801320,7944.036106,42,e,0,4,2,1
801337,8602.018987,42,e,5,2,0,4
801338,8637.172828,42,e,3,3,1,4
801339,8674.505597,42,e,6,0,0,4
801340,8717.040968,42,e,2,5,1,3
801341,8720.07838,42,e,4,4,0,3
801345,8805.829015,42,e,5,2,0,3
801347,8841.805728,42,e,6,0,0,3
801352,8961.379567,42,e,2,5,1,2
801353,8966.551245,42,e,4,4,0,2
801355,9027.463335,42,e,5,2,0,2
801356,9030.769653,42,e,3,0,2,4
801358,9051.138317,42,e,6,0,0,2
801359,9057.892907,42,e,2,2,2,3
801360,9065.473633,42,e,3,3,1,2
801361,9103.390898,42,e,1,7,1,1
801363,9129.680288,42,e,1,4,2,2
801365,9181.052465,42,e,3,0,2,3
801366,9211.317342,42,e,2,5,1,1
801369,9240.14516,42,e,2,2,2,2
801370,9272.813955,42,e,5,2,0,1
801371,9290.23386,42,e,3,3,1,1
801372,9292.602774,42,e,6,0,0,1
801375,9347.86558,42,e,1,4,2,1
801404,10049.856937,42,e,4,3,1,4
801411,10165.947983,42,e,5,1,1,4
801418,10266.88716,42,e,4,3,1,3
801423,10339.386523,42,e,5,1,1,3
801433,10491.39327,42,e,4,3,1,2
801435,10523.313762,42,e,4,0,2,3
801439,10538.071977,42,e,5,1,1,2
801453,10730.826,42,e,1,3,3,2
801462,10823.117097,42,e,3,2,2,1
801464,10846.746107,42,e,4,0,2,1
801535,11848.22044,42,e,3,1,3,4
801554,12022.731747,42,e,3,1,3,3
801569,12178.103426,42,e,3,1,3,2
801587,12351.651797,42,e,3,1,3,1
801624,12779.154735,42,e,0,1,5,1
801768,13937.640291,42,e,1,1,5,2
801970,15237.347565,42,e,2,1,5,2
801993,15383.674266,42,e,2,1,5,1
814144,4051.214663,42,f,0,5,0,1
814148,5125.451171,42,f,3,1,0,4
814149,5176.427766,42,f,2,3,0,3
814150,5268.756847,42,f,1,5,0,2
814151,5297.381505,42,f,3,1,0,3
814152,5384.613171,42,f,2,3,0,2
814153,5392.293262,42,f,0,7,0,1
814154,5459.561631,42,f,3,1,0,2
814155,5511.603984,42,f,1,5,0,1
814156,5589.945898,42,f,1,2,1,2
814157,5597.923099,42,f,2,3,0,1
814158,5646.35089,42,f,3,1,0,1
814159,5675.015702,42,f,0,4,1,1
814163,6393.672318,42,f,3,3,0,4
814164,6478.09679,42,f,2,5,0,3
814165,6537.819759,42,f,4,1,0,4
814166,6593.427469,42,f,1,7,0,2
814167,6610.67998,42,f,3,3,0,3
814168,6705.960841,42,f,4,1,0,3
814169,6725.771618,42,f,2,5,0,2
814172,6825.850684,42,f,3,3,0,2
814173,6870.221406,42,f,1,7,0,1
814174,6881.376275,42,f,1,4,1,2
814175,6885.849673,42,f,4,1,0,2
814176,6978.020193,42,f,2,5,0,1
814178,6990.889583,42,f,0,6,1,1
814179,7054.425039,42,f,3,3,0,1
814180,7096.881126,42,f,4,1,0,1
814181,7101.920674,42,f,1,4,1,1
814184,7299.056454,42,f,0,3,2,1
814191,7828.266973,42,f,4,3,0,4
814196,8047.427328,42,f,4,3,0,3
814199,8078.438107,42,f,2,4,1,3
814200,8121.908906,42,f,5,1,0,3
814201,8178.966358,42,f,1,6,1,2
814202,8187.260872,42,f,3,5,0,2
814203,8206.549479,42,f,3,2,1,3
814205,8273.955856,42,f,4,3,0,2
814206,8305.391768,42,f,2,4,1,2
814207,8307.831732,42,f,0,8,1,1
814208,8324.269991,42,f,5,1,0,2
814211,8436.32505,42,f,1,6,1,1
814213,8451.114762,42,f,3,5,0,1
814214,8495.126675,42,f,1,3,2,2
814215,8518.433348,42,f,4,3,0,1
814216,8536.274687,42,f,2,4,1,1
814217,8557.233241,42,f,5,1,0,1
814218,8589.420909,42,f,0,5,2,1
814233,9205.827584,42,f,4,2,1,5
814237,9267.241137,42,f,3,4,1,4
814246,9501.350967,42,f,3,4,1,3
814253,9634.261006,42,f,3,1,2,4
814257,9727.422452,42,f,5,3,0,2
814258,9735.543925,42,f,3,4,1,2
814262,9805.818383,42,f,3,1,2,3
814263,9810.5138,42,f,4,2,1,2
814266,9885.339279,42,f,2,3,2,2
814270,9964.496769,42,f,3,1,2,2
814271,9974.877092,42,f,3,4,1,1
814276,10035.277201,42,f,4,2,1,1
814278,10092.171678,42,f,2,3,2,1
814282,10188.253708,42,f,0,4,3,1
814310,10812.105589,42,f,5,2,1,4
814344,11285.130048,42,f,2,2,3,3
814359,11466.213297,42,f,2,2,3,2
814371,11646.45463,42,f,2,2,3,1
814516,13386.758031,42,f,0,2,5,1
826035,3414.911949,43,f,0,4,0,1
826039,4642.008681,43,f,1,4,0,2
826041,4755.475141,43,f,0,6,0,1
826048,5859.824607,43,f,2,4,0,3
826049,5964.455189,43,f,1,6,0,2
826050,5985.62959,43,f,3,2,0,3
826051,6088.814329,43,f,2,4,0,2
826052,6097.283304,43,f,0,8,0,1
826053,6176.899809,43,f,3,2,0,2
826055,6225.021859,43,f,1,6,0,1
826057,6322.701433,43,f,2,4,0,1
826058,6366.294794,43,f,0,5,1,1
826060,6385.57327,43,f,3,2,0,1
826064,7005.423491,43,f,4,2,0,5
826069,7304.895505,43,f,3,4,0,3
826070,7409.640069,43,f,4,2,0,3
826072,7430.56581,43,f,2,6,0,2
826074,7474.355004,43,f,2,3,1,3
826075,7540.538658,43,f,3,4,0,2
826076,7563.335999,43,f,1,5,1,2
826080,7680.733881,43,f,2,3,1,2
826081,7682.682941,43,f,0,7,1,1
826082,7699.816796,43,f,2,6,0,1
826084,7787.228821,43,f,3,4,0,1
826085,7803.543418,43,f,1,5,1,1
826087,7890.561343,43,f,2,3,1,1
826090,7977.286033,43,f,0,4,2,1
826102,8635.655289,43,f,5,2,0,4
826104,8750.664819,43,f,2,5,1,3
826105,8753.781279,43,f,4,4,0,3
826109,8839.606671,43,f,5,2,0,3
826111,8886.283393,43,f,3,3,1,3
826115,8994.936191,43,f,2,5,1,2
826116,9000.248018,43,f,4,4,0,2
826118,9061.609213,43,f,5,2,0,2
826120,9090.962787,43,f,2,2,2,3
826122,9137.066085,43,f,1,7,1,1
826124,9162.962106,43,f,1,4,2,2
826126,9244.834438,43,f,2,5,1,1
826129,9273.254313,43,f,2,2,2,2
826130,9307.521808,43,f,5,2,0,1
826133,9381.113542,43,f,1,4,2,1
826145,9819.963602,43,f,5,1,1,6
826153,10024.364486,43,f,5,1,1,5
826156,10083.334902,43,f,4,3,1,4
826162,10202.608362,43,f,5,1,1,4
826168,10300.37027,43,f,4,3,1,3
826173,10376.09926,43,f,5,1,1,3
826185,10573.701796,43,f,5,1,1,2
826197,10763.81276,43,f,1,3,3,2
826204,10856.501106,43,f,3,2,2,1
826211,11020.205906,43,f,2,1,3,1
826265,11884.251888,43,f,3,1,3,4
826281,12058.083556,43,f,3,1,3,3
826295,12213.122092,43,f,3,1,3,2
826309,12386.662686,43,f,3,1,3,1
826339,12812.405734,43,f,0,1,5,1
826463,13971.536167,43,f,1,1,5,2
826639,15270.880523,43,f,2,1,5,2
826659,15417.561222,43,f,2,1,5,1
837877,4085.033564,43,e,0,5,0,1
837884,5210.175287,43,e,2,3,0,3
837885,5302.596708,43,e,1,5,0,2
837887,5418.294529,43,e,2,3,0,2
837888,5426.228141,43,e,0,7,0,1
837890,5545.401741,43,e,1,5,0,1
837893,5631.602657,43,e,2,3,0,1
837894,5676.58342,43,e,3,1,0,1
837895,5708.52073,43,e,0,4,1,1
837901,6427.449843,43,e,3,3,0,4
837902,6511.961609,43,e,2,5,0,3
837904,6627.382787,43,e,1,7,0,2
837905,6644.365924,43,e,3,3,0,3
837907,6759.571915,43,e,2,5,0,2
837911,6859.507573,43,e,3,3,0,2
837912,6904.125237,43,e,1,7,0,1
837913,6914.906604,43,e,1,4,1,2
837916,7011.791322,43,e,2,5,0,1
837918,7024.527606,43,e,0,6,1,1
837922,7135.41716,43,e,1,4,1,1
837926,7332.240419,43,e,0,3,2,1
837934,7861.964533,43,e,4,3,0,4
837940,8081.066745,43,e,4,3,0,3
837942,8112.002865,43,e,2,4,1,3
837944,8151.443057,43,e,5,1,0,3
837946,8212.612471,43,e,1,6,1,2
837947,8221.037521,43,e,3,5,0,2
837950,8307.582929,43,e,4,3,0,2
837952,8338.896547,43,e,2,4,1,2
837953,8341.585343,43,e,0,8,1,1
837958,8469.924471,43,e,1,6,1,1
837960,8484.888475,43,e,3,5,0,1
837961,8528.341238,43,e,1,3,2,2
837962,8552.032007,43,e,4,3,0,1
837963,8569.798497,43,e,2,4,1,1
837965,8622.737746,43,e,0,5,2,1
837984,9239.73802,43,e,4,2,1,5
837988,9300.861516,43,e,3,4,1,4
837998,9534.885654,43,e,3,4,1,3
838000,9577.896362,43,e,6,1,0,3
838006,9664.361413,43,e,3,1,2,4
838011,9760.917153,43,e,5,3,0,2
838012,9769.121115,43,e,3,4,1,2
838014,9800.67723,43,e,6,1,0,2
838016,9836.590649,43,e,3,1,2,3
838021,9918.522461,43,e,2,3,2,2
838025,9995.144166,43,e,3,1,2,2
838026,10008.323931,43,e,3,4,1,1
838031,10067.749686,43,e,4,2,1,1
838032,10086.624174,43,e,5,0,1,1
838035,10125.366805,43,e,2,3,2,1
838037,10172.751068,43,e,3,1,2,1
838040,10221.248232,43,e,0,4,3,1
838066,10784.389069,43,e,6,0,1,5
838068,10799.662686,43,e,7,1,0,4
838076,10922.65455,43,e,6,0,1,4
838089,11084.65295,43,e,6,0,1,3
838108,11291.990408,43,e,3,0,3,4
838110,11318.238079,43,e,2,2,3,3
838126,11499.029715,43,e,2,2,3,2
838133,11576.568974,43,e,4,1,2,1
838141,11679.256018,43,e,2,2,3,1
838143,11708.507601,43,e,3,0,3,1
838220,12634.07773,43,e,4,0,3,4
838237,12761.214378,43,e,5,1,2,2
838240,12769.913864,43,e,4,0,3,3
838254,12900.129658,43,e,4,0,3,2
838305,13419.109098,43,e,0,2,5,1
838461,14536.224557,43,e,2,0,5,3
838675,15830.026135,43,e,3,0,5,3
838702,15947.331659,43,e,3,0,5,2
838726,16083.413555,43,e,3,0,5,1
850663,3449.45469,44,e,0,4,0,1
850669,4676.572782,44,e,1,4,0,2
850672,4790.137979,44,e,0,6,0,1
850673,4835.281025,44,e,3,0,0,2
850683,5894.415889,44,e,2,4,0,3
850684,5968.88502,44,e,4,0,0,4
850685,5999.139145,44,e,1,6,0,2
850686,6020.077841,44,e,3,2,0,3
850687,6098.823966,44,e,4,0,0,3
850688,6123.339258,44,e,2,4,0,2
850689,6132.063239,44,e,0,8,0,1
850690,6211.14796,44,e,3,2,0,2
850693,6259.658363,44,e,1,6,0,1
850695,6357.214229,44,e,2,4,0,1
850697,6400.641708,44,e,0,5,1,1
850698,6419.644207,44,e,3,2,0,1
850699,6442.285907,44,e,4,0,0,1
850700,6500.798123,44,e,1,3,1,1
850703,6721.484589,44,e,0,2,2,1
850704,6776.441092,44,e,1,0,2,1
850705,7016.927424,44,e,5,0,0,6
850706,7040.41627,44,e,4,2,0,5
850712,7339.426946,44,e,3,4,0,3
850713,7356.755988,44,e,5,0,0,4
850714,7443.898912,44,e,4,2,0,3
850719,7508.631591,44,e,2,3,1,3
850720,7575.031461,44,e,3,4,0,2
850721,7597.711958,44,e,1,5,1,2
850726,7714.942317,44,e,2,3,1,2
850727,7717.150792,44,e,0,7,1,1
850728,7734.432492,44,e,2,6,0,1
850730,7821.710073,44,e,3,4,0,1
850731,7837.895565,44,e,1,5,1,1
850735,7924.765325,44,e,2,3,1,1
850738,8011.307073,44,e,0,4,2,1
850755,8669.929275,44,e,5,2,0,4
850756,8705.034461,44,e,3,3,1,4
850757,8741.930002,44,e,6,0,0,4
850758,8785.068207,44,e,2,5,1,3
850759,8788.265463,44,e,4,4,0,3
850763,8873.687209,44,e,5,2,0,3
850765,8909.560557,44,e,6,0,0,3
850770,9029.271079,44,e,2,5,1,2
850771,9034.725392,44,e,4,4,0,2
850773,9095.328295,44,e,5,2,0,2
850774,9097.805974,44,e,3,0,2,4
850776,9119.139485,44,e,6,0,0,2
850777,9125.056402,44,e,2,2,2,3
850783,9247.726849,44,e,3,0,2,3
850784,9279.129777,44,e,2,5,1,1
850787,9307.129601,44,e,2,2,2,2
850788,9340.573438,44,e,5,2,0,1
850789,9357.989579,44,e,3,3,1,1
850790,9360.800803,44,e,6,0,0,1
850793,9415.132718,44,e,1,4,2,1
850798,9518.670344,44,e,3,0,2,1
850809,9849.835725,44,e,5,1,1,6
850822,10117.574531,44,e,4,3,1,4
850829,10233.006455,44,e,5,1,1,4
850836,10334.507909,44,e,4,3,1,3
850841,10406.485608,44,e,5,1,1,3
850853,10589.792245,44,e,4,0,2,3
850857,10605.480175,44,e,5,1,1,2
850880,10890.176943,44,e,3,2,2,1
850882,10913.827451,44,e,4,0,2,1
850953,11914.720396,44,e,3,1,3,4
850972,12089.095978,44,e,3,1,3,3
850987,12244.287438,44,e,3,1,3,2
851005,12418.044272,44,e,3,1,3,1
851041,12844.390248,44,e,0,1,5,1
851186,14002.956343,44,e,1,1,5,2
851386,15302.619432,44,e,2,1,5,2
851410,15448.906357,44,e,2,1,5,1
863559,3957.630049,44,f,2,1,0,3
863562,4119.636726,44,f,0,5,0,1
863564,4275.84317,44,f,2,1,0,1
863566,5193.72214,44,f,3,1,0,4
863567,5244.710468,44,f,2,3,0,3
863568,5337.221177,44,f,1,5,0,2
863569,5365.371343,44,f,3,1,0,3
863570,5452.758561,44,f,2,3,0,2
863571,5460.949906,44,f,0,7,0,1
863572,5527.552324,44,f,3,1,0,2
863573,5579.983302,44,f,1,5,0,1
863575,5666.070778,44,f,2,3,0,1
863576,5714.52703,44,f,3,1,0,1
863577,5742.802784,44,f,0,4,1,1
863581,6462.024154,44,f,3,3,0,4
863582,6546.611488,44,f,2,5,0,3
863584,6662.125336,44,f,1,7,0,2
863585,6678.83563,44,f,3,3,0,3
863586,6773.879878,44,f,4,1,0,3
863587,6794.155944,44,f,2,5,0,2
863590,6893.950388,44,f,3,3,0,2
863591,6938.815234,44,f,1,7,0,1
863592,6949.21667,44,f,1,4,1,2
863593,6953.913864,44,f,4,1,0,2
863594,7046.345399,44,f,2,5,0,1
863596,7058.945904,44,f,0,6,1,1
863597,7122.559546,44,f,3,3,0,1
863598,7165.142295,44,f,4,1,0,1
863599,7169.691541,44,f,1,4,1,1
863602,7366.194399,44,f,0,3,2,1
863609,7896.450239,44,f,4,3,0,4
863614,8115.490197,44,f,4,3,0,3
863616,8146.34572,44,f,2,4,1,3
863618,8189.857741,44,f,5,1,0,3
863619,8247.039,44,f,1,6,1,2
863620,8255.597041,44,f,3,5,0,2
863621,8274.063822,44,f,3,2,1,3
863623,8342.011161,44,f,4,3,0,2
863624,8373.179005,44,f,2,4,1,2
863625,8376.121747,44,f,0,8,1,1
863626,8392.419006,44,f,5,1,0,2
863629,8504.30362,44,f,1,6,1,1
863631,8519.44482,44,f,3,5,0,1
863632,8562.327665,44,f,1,3,2,2
863633,8586.480855,44,f,4,3,0,1
863634,8604.108156,44,f,2,4,1,1
863635,8625.559587,44,f,5,1,0,1
863636,8656.827261,44,f,0,5,2,1
863651,9273.646149,44,f,4,2,1,5
863655,9335.261659,44,f,3,4,1,4
863664,9569.199203,44,f,3,4,1,3
863675,9795.232526,44,f,5,3,0,2
863676,9803.49945,44,f,3,4,1,2
863680,9872.831437,44,f,3,1,2,3
863681,9878.006924,44,f,4,2,1,2
863684,9952.476058,44,f,2,3,2,2
863688,10031.418417,44,f,3,1,2,2
863689,10042.563756,44,f,3,4,1,1
863694,10103.298466,44,f,4,2,1,1
863696,10159.334274,44,f,2,3,2,1
863700,10255.007948,44,f,0,4,3,1
863713,10614.367558,44,f,0,1,4,1
863762,11351.876331,44,f,2,2,3,3
863777,11532.736498,44,f,2,2,3,2
863789,11712.967299,44,f,2,2,3,1
863933,13452.184349,44,f,0,2,5,1
875453,3484.780201,45,f,0,4,0,1
875457,4711.919968,45,f,1,4,0,2
875459,4825.586243,45,f,0,6,0,1
875460,4934.920119,45,f,1,4,0,1
875466,5929.790674,45,f,2,4,0,3
875467,6034.608865,45,f,1,6,0,2
875468,6055.206785,45,f,3,2,0,3
875469,6158.64647,45,f,2,4,0,2
875470,6167.631188,45,f,0,8,0,1
875471,6246.443973,45,f,3,2,0,2
875473,6295.079718,45,f,1,6,0,1
875475,6392.509295,45,f,2,4,0,1
875477,6435.766976,45,f,0,5,1,1
875478,6455.219604,45,f,3,2,0,1
875481,6756.133308,45,f,0,2,2,1
875482,7075.288506,45,f,4,2,0,5
875487,7374.740646,45,f,3,4,0,3
875488,7479.121588,45,f,4,2,0,3
875492,7543.690273,45,f,2,3,1,3
875493,7610.305885,45,f,3,4,0,2
875494,7632.866792,45,f,1,5,1,2
875499,7752.399785,45,f,0,7,1,1
875500,7769.832399,45,f,2,6,0,1
875502,7856.972922,45,f,3,4,0,1
875503,7873.026681,45,f,1,5,1,1
875505,7959.744315,45,f,2,3,1,1
875508,8046.099079,45,f,0,4,2,1
875520,8705.134125,45,f,5,2,0,4
875521,8740.140204,45,f,3,3,1,4
875522,8820.251016,45,f,2,5,1,3
875523,8823.530844,45,f,4,4,0,3
875527,8909.066954,45,f,5,2,0,3
875529,8955.501557,45,f,3,3,1,3
875533,9064.384574,45,f,2,5,1,2
875534,9069.98395,45,f,4,4,0,2
875536,9131.145897,45,f,5,2,0,2
875538,9159.642466,45,f,2,2,2,3
875544,9314.203518,45,f,2,5,1,1
875547,9341.775108,45,f,2,2,2,2
875548,9377.047459,45,f,5,2,0,1
875549,9393.577897,45,f,3,3,1,1
875551,9449.923128,45,f,1,4,2,1
875563,9889.53005,45,f,5,1,1,6
875571,10093.555933,45,f,5,1,1,5
875574,10152.606258,45,f,4,3,1,4
875580,10271.531628,45,f,5,1,1,4
875586,10369.556252,45,f,4,3,1,3
875591,10445.071919,45,f,5,1,1,3
875603,10642.91663,45,f,5,1,1,2
875615,10832.093621,45,f,1,3,3,2
875622,10925.153014,45,f,3,2,2,1
875629,11088.199979,45,f,2,1,3,1
875683,11952.56473,45,f,3,1,3,4
875699,12126.149225,45,f,3,1,3,3
875713,12281.036779,45,f,3,1,3,2
875727,12454.781228,45,f,3,1,3,1
875756,12879.230891,45,f,0,1,5,1
875881,14038.497652,45,f,1,1,5,2
876055,15337.738867,45,f,2,1,5,2
876076,15484.444436,45,f,2,1,5,1
887295,4155.023993,45,e,0,5,0,1
887302,5280.022002,45,e,2,3,0,3
887303,5372.630089,45,e,1,5,0,2
887306,5496.4584,45,e,0,7,0,1
887307,5559.633209,45,e,3,1,0,2
887308,5615.348516,45,e,1,5,0,1
887311,5701.311334,45,e,2,3,0,1
887312,5745.993774,45,e,3,1,0,1
887314,5777.86171,45,e,0,4,1,1
887319,6497.365913,45,e,3,3,0,4
887320,6582.046253,45,e,2,5,0,3
887323,6714.083113,45,e,3,3,0,3
887325,6829.523544,45,e,2,5,0,2
887329,6929.167315,45,e,3,3,0,2
887330,6974.291238,45,e,1,7,0,1
887331,6984.301127,45,e,1,4,1,2
887334,7081.682243,45,e,2,5,0,1
887336,7094.144346,45,e,0,6,1,1
887340,7204.741619,45,e,1,4,1,1
887344,7400.917367,45,e,0,3,2,1
887352,7931.709148,45,e,4,3,0,4
887358,8150.688826,45,e,4,3,0,3
887360,8181.466597,45,e,2,4,1,3
887362,8220.564768,45,e,5,1,0,3
887364,8282.24579,45,e,1,6,1,2
887365,8290.939264,45,e,3,5,0,2
887368,8377.194422,45,e,4,3,0,2
887370,8408.237595,45,e,2,4,1,2
887371,8411.440796,45,e,0,8,1,1
887376,8539.46237,45,e,1,6,1,1
887378,8554.783588,45,e,3,5,0,1
887379,8597.082178,45,e,1,3,2,2
887380,8621.626643,45,e,4,3,0,1
887381,8639.186658,45,e,2,4,1,1
887402,9309.182122,45,e,4,2,1,5
887416,9604.289139,45,e,3,4,1,3
887418,9647.036108,45,e,6,1,0,3
887424,9732.895098,45,e,3,1,2,4
887429,9830.273372,45,e,5,3,0,2
887430,9838.63129,45,e,3,4,1,2
887432,9869.875879,45,e,6,1,0,2
887434,9904.865969,45,e,3,1,2,3
887435,9912.408202,45,e,4,2,1,2
887439,9987.198137,45,e,2,3,2,2
887443,10063.371861,45,e,3,1,2,2
887449,10137.098702,45,e,4,2,1,1
887450,10155.929596,45,e,5,0,1,1
887453,10194.06935,45,e,2,3,2,1
887455,10241.175214,45,e,3,1,2,1
887457,10289.532713,45,e,0,4,3,1
887475,10684.757549,45,e,6,0,1,6
887484,10852.876801,45,e,6,0,1,5
887486,10868.680603,45,e,7,1,0,4
887494,10991.076116,45,e,6,0,1,4
887507,11153.464945,45,e,6,0,1,3
887525,11358.588243,45,e,6,0,1,2
887526,11360.199497,45,e,3,0,3,4
887528,11386.539982,45,e,2,2,3,3
887544,11567.036772,45,e,2,2,3,2
887551,11645.292451,45,e,4,1,2,1
887559,11747.279551,45,e,2,2,3,1
887561,11776.427571,45,e,3,0,3,1
887638,12701.895924,45,e,4,0,3,4
887655,12829.1958,45,e,5,1,2,2
887658,12838.049838,45,e,4,0,3,3
887670,12967.857662,45,e,4,0,3,2
887722,13486.037498,45,e,0,2,5,1
887879,14603.125312,45,e,2,0,5,3
887911,14841.405962,45,e,2,0,5,1
888093,15896.725654,45,e,3,0,5,3
888120,16013.952149,45,e,3,0,5,2
888144,16150.228659,45,e,3,0,5,1
900081,3520.888325,46,e,0,4,0,1
900087,4748.050113,46,e,1,4,0,2
900090,4861.819773,46,e,0,6,0,1
900091,4906.112789,46,e,3,0,0,2
900094,5070.080765,46,e,3,0,0,1
900101,5965.948966,46,e,2,4,0,3
900102,6039.734506,46,e,4,0,0,4
900103,6070.864179,46,e,1,6,0,2
900104,6091.221477,46,e,3,2,0,3
900105,6169.478953,46,e,4,0,0,3
900106,6194.73578,46,e,2,4,0,2
900107,6203.986986,46,e,0,8,0,1
900108,6282.223328,46,e,3,2,0,2
900111,6331.285764,46,e,1,6,0,1
900113,6428.586105,46,e,2,4,0,1
900115,6471.670332,46,e,0,5,1,1
900116,6490.781018,46,e,3,2,0,1
900117,6513.481965,46,e,4,0,0,1
900122,6846.231338,46,e,1,0,2,1
900123,7088.221461,46,e,5,0,0,6
900130,7410.836478,46,e,3,4,0,3
900131,7427.325522,46,e,5,0,0,4
900132,7514.91604,46,e,4,2,0,3
900136,7565.892209,46,e,5,0,0,3
900137,7579.519027,46,e,2,3,1,3
900138,7646.361505,46,e,3,4,0,2
900139,7668.800337,46,e,1,5,1,2
900145,7788.429767,46,e,0,7,1,1
900146,7806.016345,46,e,2,6,0,1
900148,7893.015589,46,e,3,4,0,1
900149,7908.936576,46,e,1,5,1,1
900153,7995.495119,46,e,2,3,1,1
900156,8081.6619,46,e,0,4,2,1
900173,8740.950844,46,e,5,2,0,4
900174,8776.00535,46,e,3,3,1,4
900175,8812.448649,46,e,6,0,0,4
900176,8856.213004,46,e,2,5,1,3
900177,8859.577155,46,e,4,4,0,3
900181,8944.652132,46,e,5,2,0,3
900183,8980.428409,46,e,6,0,0,3
900184,8991.274654,46,e,3,3,1,3
900188,9100.275944,46,e,2,5,1,2
900189,9106.022612,46,e,4,4,0,2
900191,9166.29393,46,e,5,2,0,2
900192,9167.912915,46,e,3,0,2,4
900194,9190.269431,46,e,6,0,0,2
900195,9195.299733,46,e,2,2,2,3
900201,9317.455858,46,e,3,0,2,3
900202,9350.05521,46,e,2,5,1,1
900206,9411.424865,46,e,5,2,0,1
900207,9428.849805,46,e,3,3,1,1
900208,9432.132848,46,e,6,0,0,1
900210,9467.710433,46,e,4,1,1,1
900211,9485.484454,46,e,1,4,2,1
900214,9560.466549,46,e,2,2,2,1
900240,10188.394846,46,e,4,3,1,4
900247,10303.138492,46,e,5,1,1,4
900254,10405.227189,46,e,4,3,1,3
900259,10476.663062,46,e,5,1,1,3
900275,10675.982057,46,e,5,1,1,2
900289,10867.345885,46,e,1,3,3,2
900298,10960.299619,46,e,3,2,2,1
900300,10983.989554,46,e,4,0,2,1
900302,11061.597989,46,e,1,3,3,1
900306,11121.118275,46,e,2,1,3,1
900390,12158.528997,46,e,3,1,3,3
900404,12313.507108,46,e,3,1,3,2
900423,12487.484621,46,e,3,1,3,1
900459,12912.616481,46,e,0,1,5,1
900602,14071.265873,46,e,1,1,5,2
900616,14209.73236,46,e,1,1,5,1
900803,15370.895837,46,e,2,1,5,2
900828,15517.131279,46,e,2,1,5,1
912977,4028.905841,46,f,2,1,0,3
912980,4191.195209,46,f,0,5,0,1
912982,4347.053778,46,f,2,1,0,1
912984,5265.119422,46,f,3,1,0,4
912985,5316.122389,46,f,2,3,0,3
912986,5408.823278,46,f,1,5,0,2
912987,5436.476754,46,f,3,1,0,3
912989,5532.753459,46,f,0,7,0,1
912990,5598.661542,46,f,3,1,0,2
912991,5651.497228,46,f,1,5,0,1
912993,5737.342642,46,f,2,3,0,1
912994,5785.831427,46,f,3,1,0,1
912995,5813.697359,46,f,0,4,1,1
912998,6489.040003,46,f,4,1,0,5
912999,6533.508131,46,f,3,3,0,4
913000,6618.265729,46,f,2,5,0,3
913003,6750.114837,46,f,3,3,0,3
913004,6844.913055,46,f,4,1,0,3
913005,6865.674552,46,f,2,5,0,2
913008,6965.171642,46,f,3,3,0,2
913009,7010.553085,46,f,1,7,0,1
913010,7020.166384,46,f,1,4,1,2
913011,7025.101032,46,f,4,1,0,2
913012,7117.801677,46,f,2,5,0,1
913014,7130.122798,46,f,0,6,1,1
913015,7193.817222,46,f,3,3,0,1
913016,7236.536326,46,f,4,1,0,1
913017,7240.569909,46,f,1,4,1,1
913018,7314.240468,46,f,2,2,1,1
913020,7436.410177,46,f,0,3,2,1
913027,7967.757875,46,f,4,3,0,4
913032,8186.672472,46,f,4,3,0,3
913034,8217.365214,46,f,2,4,1,3
913036,8260.923813,46,f,5,1,0,3
913037,8318.232679,46,f,1,6,1,2
913038,8327.064015,46,f,3,5,0,2
913039,8344.672282,46,f,3,2,1,3
913041,8413.185519,46,f,4,3,0,2
913042,8444.07385,46,f,2,4,1,2
913043,8447.542336,46,f,0,8,1,1
913044,8463.695837,46,f,5,1,0,2
913047,8575.400589,46,f,1,6,1,1
913048,8578.538811,46,f,2,1,2,3
913049,8590.904624,46,f,3,5,0,1
913050,8632.608735,46,f,1,3,2,2
913051,8657.644454,46,f,4,3,0,1
913052,8675.054294,46,f,2,4,1,1
913053,8697.022808,46,f,5,1,0,1
913069,9344.569922,46,f,4,2,1,5
913078,9551.758009,46,f,4,2,1,4
913082,9640.158154,46,f,3,4,1,3
913086,9745.809759,46,f,4,2,1,3
913093,9866.146833,46,f,5,3,0,2
913094,9874.573292,46,f,3,4,1,2
913098,9942.90632,46,f,3,1,2,3
913099,9948.606556,46,f,4,2,1,2
913102,10022.690594,46,f,2,3,2,2
913105,10101.409513,46,f,3,1,2,2
913112,10174.463064,46,f,4,2,1,1
913114,10229.577196,46,f,2,3,2,1
913118,10324.822373,46,f,0,4,3,1
913131,10683.245583,46,f,0,1,4,1
913180,11421.699954,46,f,2,2,3,3
913194,11599.37844,46,f,5,2,1,1
913195,11602.339657,46,f,2,2,3,2
913207,11782.531355,46,f,2,2,3,1
913351,13520.609989,46,f,0,2,5,1
924871,3557.778906,47,f,0,4,0,1
924875,4784.963002,47,f,1,4,0,2
924877,4898.838404,47,f,0,6,0,1
924883,5932.508187,47,f,3,2,0,4
924884,6002.890375,47,f,2,4,0,3
924885,6107.904914,47,f,1,6,0,2
924886,6127.900484,47,f,3,2,0,3
924887,6231.607051,47,f,2,4,0,2
924888,6241.130463,47,f,0,8,0,1
924889,6319.105114,47,f,3,2,0,2
924891,6368.276338,47,f,1,6,0,1
924893,6465.444945,47,f,2,4,0,1
924895,6508.351769,47,f,0,5,1,1
924896,6527.988642,47,f,3,2,0,1
924900,7148.279996,47,f,4,2,0,5
924905,7447.714214,47,f,3,4,0,3
924906,7551.716199,47,f,4,2,0,3
924910,7616.131118,47,f,2,3,1,3
924911,7683.198463,47,f,3,4,0,2
924912,7705.512433,47,f,1,5,1,2
924916,7822.220574,47,f,2,3,1,2
924917,7825.240583,47,f,0,7,1,1
924918,7842.98416,47,f,2,6,0,1
924920,7929.83976,47,f,3,4,0,1
924921,7945.625234,47,f,1,5,1,1
924923,8032.018938,47,f,2,3,1,1
924926,8117.995382,47,f,0,4,2,1
924938,8777.725142,47,f,5,2,0,4
924939,8812.667661,47,f,3,3,1,4
924940,8892.954072,47,f,2,5,1,3
924945,8981.640405,47,f,5,2,0,3
924947,9027.820423,47,f,3,3,1,3
924951,9136.945689,47,f,2,5,1,2
924952,9142.842306,47,f,4,4,0,2
924954,9203.800506,47,f,5,2,0,2
924956,9231.398288,47,f,2,2,2,3
924957,9240.375587,47,f,3,3,1,2
924962,9386.685134,47,f,2,5,1,1
924965,9413.366203,47,f,2,2,2,2
924966,9449.688337,47,f,5,2,0,1
924967,9466.059703,47,f,3,3,1,1
924969,9521.816784,47,f,1,4,2,1
924971,9596.797996,47,f,2,2,2,1
924989,10165.843035,47,f,5,1,1,5
924998,10343.541117,47,f,5,1,1,4
925004,10441.842984,47,f,4,3,1,3
925009,10517.137588,47,f,5,1,1,3
925021,10715.237069,47,f,5,1,1,2
925032,10902.932636,47,f,1,3,3,2
925033,10903.703447,47,f,4,3,1,1
925040,10996.880242,47,f,3,2,2,1
925047,11159.243038,47,f,2,1,3,1
925117,12197.27289,47,f,3,1,3,3
925131,12351.995696,47,f,3,1,3,2
925174,12949.050312,47,f,0,1,5,1
925297,14108.45807,47,f,1,1,5,2
925310,14246.517671,47,f,1,1,5,1
925472,15407.593334,47,f,2,1,5,2
936713,4228.150212,47,e,0,5,0,1
936720,5352.997079,47,e,2,3,0,3
936721,5445.800572,47,e,1,5,0,2
936723,5560.831729,47,e,2,3,0,2
936724,5569.834917,47,e,0,7,0,1
936726,5688.429277,47,e,1,5,0,1
936729,5774.143268,47,e,2,3,0,1
936730,5818.516468,47,e,3,1,0,1
936732,5850.30957,47,e,0,4,1,1
936736,6521.212143,47,e,4,1,0,5
936737,6570.412968,47,e,3,3,0,4
936741,6786.923093,47,e,3,3,0,3
936743,6902.608797,47,e,2,5,0,2
936747,7001.947733,47,e,3,3,0,2
936748,7047.600608,47,e,1,7,0,1
936749,7056.803833,47,e,1,4,1,2
936752,7154.703507,47,e,2,5,0,1
936754,7166.881125,47,e,0,6,1,1
936758,7277.172866,47,e,1,4,1,1
936762,7472.671534,47,e,0,3,2,1
936768,7937.879949,47,e,5,1,0,5
936770,8004.577202,47,e,4,3,0,4
936773,8116.435372,47,e,5,1,0,4
936776,8223.429471,47,e,4,3,0,3
936778,8254.041524,47,e,2,4,1,3
936780,8292.785064,47,e,5,1,0,3
936782,8354.999506,47,e,1,6,1,2
936786,8449.923342,47,e,4,3,0,2
936788,8480.685598,47,e,2,4,1,2
936789,8484.426212,47,e,0,8,1,1
936794,8612.118141,47,e,1,6,1,1
936796,8627.807694,47,e,3,5,0,1
936797,8668.9025,47,e,1,3,2,2
936798,8694.333784,47,e,4,3,0,1
936799,8711.686429,47,e,2,4,1,1
936820,9381.739585,47,e,4,2,1,5
936829,9588.431457,47,e,4,2,1,4
936834,9676.802663,47,e,3,4,1,3
936836,9719.274443,47,e,6,1,0,3
936842,9804.497845,47,e,3,1,2,4
936848,9911.257546,47,e,3,4,1,2
936850,9942.180122,47,e,6,1,0,2
936852,9976.195909,47,e,3,1,2,3
936853,9984.537571,47,e,4,2,1,2
936861,10134.658282,47,e,3,1,2,2
936867,10209.553445,47,e,4,2,1,1
936868,10228.34757,47,e,5,0,1,1
936871,10265.851609,47,e,2,3,2,1
936873,10312.668934,47,e,3,1,2,1
936875,10360.87678,47,e,0,4,3,1
936902,10924.433014,47,e,6,0,1,5
936912,11062.566991,47,e,6,0,1,4
936925,11225.36671,47,e,6,0,1,3
936943,11430.423212,47,e,3,0,3,4
936944,11431.770093,47,e,6,0,1,2
936946,11457.921313,47,e,2,2,3,3
936962,11638.091432,47,e,2,2,3,2
936969,11717.108154,47,e,4,1,2,1
936977,11818.351809,47,e,2,2,3,1
936978,11847.395336,47,e,3,0,3,1
937056,12772.749065,47,e,4,0,3,4
937073,12900.162621,47,e,4,0,3,3
937076,12909.319765,47,e,5,1,2,2
937088,13038.625022,47,e,4,0,3,2
937140,13555.96488,47,e,0,2,5,1
937297,14673.020892,47,e,2,0,5,3
937328,14911.068664,47,e,2,0,5,1
937511,15966.404352,47,e,3,0,5,3
937537,16083.578692,47,e,3,0,5,2
937561,16220.041935,47,e,3,0,5,1
949499,3595.451779,48,e,0,4,0,1
949504,4744.062343,48,e,2,2,0,3
949505,4822.658513,48,e,1,4,0,2
949508,4936.641971,48,e,0,6,0,1
949509,4980.051228,48,e,3,0,0,2
949510,5045.536752,48,e,1,4,0,1
949519,6040.614969,48,e,2,4,0,3
949520,6113.684379,48,e,4,0,0,4
949521,6145.730894,48,e,1,6,0,2
949522,6165.48163,48,e,3,2,0,3
949523,6243.231401,48,e,4,0,0,3
949524,6269.260079,48,e,2,4,0,2
949525,6279.061447,48,e,0,8,0,1
949526,6356.410898,48,e,3,2,0,2
949529,6406.051276,48,e,1,6,0,1
949531,6503.085118,48,e,2,4,0,1
949533,6545.811035,48,e,0,5,1,1
949534,6565.030036,48,e,3,2,0,1
949535,6587.80608,48,e,4,0,0,1
949539,6864.710918,48,e,0,2,2,1
949540,6919.08134,48,e,1,0,2,1
949541,7162.62964,48,e,5,0,0,6
949548,7485.373737,48,e,3,4,0,3
949549,7500.985761,48,e,5,0,0,4
949550,7589.04169,48,e,4,2,0,3
949554,7639.735489,48,e,5,0,0,3
949555,7653.511169,48,e,2,3,1,3
949556,7720.816212,48,e,3,4,0,2
949557,7743.002905,48,e,1,5,1,2
949560,7794.125391,48,e,4,2,0,2
949563,7862.832074,48,e,0,7,1,1
949564,7880.735667,48,e,2,6,0,1
949566,7967.442966,48,e,3,4,0,1
949567,7983.092414,48,e,1,5,1,1
949568,8021.856362,48,e,4,2,0,1
949571,8069.314081,48,e,2,3,1,1
949574,8155.099366,48,e,0,4,2,1
949591,8815.082174,48,e,5,2,0,4
949592,8850.084008,48,e,3,3,1,4
949594,8930.473945,48,e,2,5,1,3
949599,9018.721948,48,e,5,2,0,3
949601,9054.409046,48,e,6,0,0,3
949602,9065.143778,48,e,3,3,1,3
949606,9174.392886,48,e,2,5,1,2
949607,9180.441524,48,e,4,4,0,2
949609,9240.351204,48,e,5,2,0,2
949610,9241.095552,48,e,3,0,2,4
949612,9264.528173,48,e,6,0,0,2
949613,9268.621641,48,e,2,2,2,3
949619,9390.238069,48,e,3,0,2,3
949620,9424.092676,48,e,2,5,1,1
949623,9450.308948,48,e,2,2,2,2
949624,9485.366346,48,e,5,2,0,1
949625,9502.813577,48,e,3,3,1,1
949626,9506.555403,48,e,6,0,0,1
949629,9558.919704,48,e,1,4,2,1
949632,9633.624548,48,e,2,2,2,1
949634,9661.747534,48,e,3,0,2,1
949665,10376.342848,48,e,5,1,1,4
949672,10479.043625,48,e,4,3,1,3
949677,10549.918027,48,e,5,1,1,3
949693,10749.577565,48,e,5,1,1,2
949706,10939.763529,48,e,1,3,3,2
949707,10940.501045,48,e,4,3,1,1
949716,11033.477966,48,e,3,2,2,1
949718,11057.232189,48,e,4,0,2,1
949720,11134.312548,48,e,1,3,3,1
949724,11193.489244,48,e,2,1,3,1
949808,12231.038155,48,e,3,1,3,3
949822,12385.762652,48,e,3,1,3,2
949877,12983.832273,48,e,0,1,5,1
950019,14142.567598,48,e,1,1,5,2
950034,14280.90568,48,e,1,1,5,1
950221,15442.184964,48,e,2,1,5,2
962395,4103.302265,48,f,2,1,0,3
962396,4163.323741,48,f,1,3,0,2
962398,4265.888839,48,f,0,5,0,1
962402,5339.641331,48,f,3,1,0,4
962403,5390.662144,48,f,2,3,0,3
962404,5483.561796,48,f,1,5,0,2
962405,5510.696354,48,f,3,1,0,3
962406,5598.41903,48,f,2,3,0,2
962407,5607.702605,48,f,0,7,0,1
962408,5672.888285,48,f,3,1,0,2
962409,5726.144504,48,f,1,5,0,1
962411,5811.737494,48,f,2,3,0,1
962412,5860.263232,48,f,3,1,0,1
962413,5887.698189,48,f,0,4,1,1
962416,6563.688596,48,f,4,1,0,5
962417,6608.122832,48,f,3,3,0,4
962421,6824.51624,48,f,3,3,0,3
962422,6919.059244,48,f,4,1,0,3
962423,6940.326109,48,f,2,5,0,2
962425,7018.681598,48,f,2,2,1,3
962426,7039.51317,48,f,3,3,0,2
962427,7085.433637,48,f,1,7,0,1
962428,7094.224096,48,f,1,4,1,2
962429,7099.410317,48,f,4,1,0,2
962430,7192.38755,48,f,2,5,0,1
962432,7204.41919,48,f,0,6,1,1
962433,7268.196802,48,f,3,3,0,1
962434,7311.062351,48,f,4,1,0,1
962435,7314.554748,48,f,1,4,1,1
962438,7509.702577,48,f,0,3,2,1
962445,8042.188457,48,f,4,3,0,4
962450,8260.972807,48,f,4,3,0,3
962452,8291.495196,48,f,2,4,1,3
962454,8335.106219,48,f,5,1,0,3
962455,8392.546102,48,f,1,6,1,2
962459,8487.477593,48,f,4,3,0,2
962460,8518.07509,48,f,2,4,1,2
962461,8522.092265,48,f,0,8,1,1
962462,8538.099741,48,f,5,1,0,2
962465,8649.614892,48,f,1,6,1,1
962467,8665.492657,48,f,3,5,0,1
962468,8705.968584,48,f,1,3,2,2
962469,8731.922459,48,f,4,3,0,1
962470,8749.112327,48,f,2,4,1,1
962471,8771.622204,48,f,5,1,0,1
962487,9418.597189,48,f,4,2,1,5
962495,9625.499874,48,f,4,2,1,4
962500,9714.226664,48,f,3,4,1,3
962504,9819.423928,48,f,4,2,1,3
962512,9948.764252,48,f,3,4,1,2
962516,10016.042741,48,f,3,1,2,3
962517,10022.310978,48,f,4,2,1,2
962523,10174.469235,48,f,3,1,2,2
962530,10248.77363,48,f,4,2,1,1
962532,10302.899375,48,f,2,3,2,1
962536,10397.695773,48,f,0,4,3,1
962549,10755.141684,48,f,0,1,4,1
962598,11494.606309,48,f,2,2,3,3
962612,11672.854194,48,f,5,2,1,1
962613,11675.07081,48,f,2,2,3,2
962625,11855.14592,48,f,2,2,3,1
962769,13592.033769,48,f,0,2,5,1
974289,3633.906782,49,f,0,4,0,1
974292,4782.251102,49,f,2,2,0,3
974293,4861.136411,49,f,1,4,0,2
974295,4975.230302,49,f,0,6,0,1
974296,5083.972807,49,f,1,4,0,1
974302,6079.122265,49,f,2,4,0,3
974303,6184.341935,49,f,1,6,0,2
974304,6203.709309,49,f,3,2,0,3
974305,6307.694734,49,f,2,4,0,2
974306,6317.779763,49,f,0,8,0,1
974307,6394.882108,49,f,3,2,0,2
974309,6444.610406,49,f,1,6,0,1
974310,6485.212248,49,f,1,3,1,2
974311,6541.507096,49,f,2,4,0,1
974313,6584.048024,49,f,0,5,1,1
974314,6603.879426,49,f,3,2,0,1
974323,7523.814791,49,f,3,4,0,3
974324,7627.422633,49,f,4,2,0,3
974328,7691.676132,49,f,2,3,1,3
974329,7759.215019,49,f,3,4,0,2
974330,7781.271588,49,f,1,5,1,2
974334,7897.612951,49,f,2,3,1,2
974335,7901.204078,49,f,0,7,1,1
974336,7919.270685,49,f,2,6,0,1
974338,8005.827673,49,f,3,4,0,1
974339,8021.338157,49,f,1,5,1,1
974340,8061.19658,49,f,4,2,0,1
974341,8107.378238,49,f,2,3,1,1
974344,8192.973691,49,f,0,4,2,1
974356,8853.426941,49,f,5,2,0,4
974357,8888.302657,49,f,3,3,1,4
974358,8968.772542,49,f,2,5,1,3
974363,9057.325914,49,f,5,2,0,3
974365,9103.238638,49,f,3,3,1,3
974369,9212.618234,49,f,2,5,1,2
974370,9218.821681,49,f,4,4,0,2
974372,9279.57208,49,f,5,2,0,2
974374,9306.228737,49,f,2,2,2,3
974375,9315.762948,49,f,3,3,1,2
974380,9462.278291,49,f,2,5,1,1
974383,9488.0264,49,f,2,2,2,2
974384,9525.443095,49,f,5,2,0,1
974385,9541.655552,49,f,3,3,1,1
974387,9596.793409,49,f,1,4,2,1
974389,9671.516422,49,f,2,2,2,1
974393,9802.118125,49,f,0,3,3,1
974416,10418.635828,49,f,5,1,1,4
974422,10517.229374,49,f,4,3,1,3
974426,10592.295359,49,f,5,1,1,3
974439,10790.662438,49,f,5,1,1,2
974447,10926.162299,49,f,2,1,3,3
974450,10977.458473,49,f,1,3,3,2
974458,11071.679952,49,f,3,2,2,1
974461,11171.815225,49,f,1,3,3,1
974465,11233.334172,49,f,2,1,3,1
974535,12271.456132,49,f,3,1,3,3
974548,12425.998031,49,f,3,1,3,2
974592,13021.862795,49,f,0,1,5,1
974714,14181.41603,49,f,1,1,5,2
974728,14319.320769,49,f,1,1,5,1
974890,15480.442929,49,f,2,1,5,2
986131,4304.410919,49,e,0,5,0,1
986138,5429.099074,49,e,2,3,0,3
986139,5522.106771,49,e,1,5,0,2
986141,5636.783441,49,e,2,3,0,2
986142,5646.356349,49,e,0,7,0,1
986144,5764.64274,49,e,1,5,0,1
986147,5850.097168,49,e,2,3,0,1
986148,5894.150572,49,e,3,1,0,1
986150,5925.863047,49,e,0,4,1,1
986154,6597.025798,49,e,4,1,0,5
986155,6646.589484,49,e,3,3,0,4
986159,6862.884454,49,e,3,3,0,3
986161,6978.826311,49,e,2,5,0,2
986165,7077.847472,49,e,3,3,0,2
986166,7124.051996,49,e,1,7,0,1
986167,7132.412912,49,e,1,4,1,2
986168,7132.883961,49,e,4,1,0,2
986170,7230.853595,49,e,2,5,0,1
986172,7242.736856,49,e,0,6,1,1
986174,7306.529484,49,e,3,3,0,1
986176,7352.709736,49,e,1,4,1,1
986180,7547.501679,49,e,0,3,2,1
986186,8013.412442,49,e,5,1,0,5
986188,8080.567205,49,e,4,3,0,4
986191,8191.729605,49,e,5,1,0,4
986194,8299.287269,49,e,4,3,0,3
986196,8329.726223,49,e,2,4,1,3
986198,8368.102915,49,e,5,1,0,3
986200,8430.872295,49,e,1,6,1,2
986204,8525.768094,49,e,4,3,0,2
986206,8556.239296,49,e,2,4,1,2
986213,8687.890695,49,e,1,6,1,1
986215,8743.800867,49,e,1,3,2,2
986216,8770.1512,49,e,4,3,0,1
986217,8787.296802,49,e,2,4,1,1
986218,8802.5429,49,e,5,1,0,1
986223,8939.951162,49,e,1,3,2,1
986238,9457.409159,49,e,4,2,1,5
986247,9663.750257,49,e,4,2,1,4
986252,9752.425007,49,e,3,4,1,3
986254,9794.610493,49,e,6,1,0,3
986257,9857.274674,49,e,4,2,1,3
986259,9879.168276,49,e,3,1,2,4
986266,9986.998166,49,e,3,4,1,2
986268,10017.589622,49,e,6,1,0,2
986270,10050.579883,49,e,3,1,2,3
986271,10059.761641,49,e,4,2,1,2
986279,10209.002443,49,e,3,1,2,2
986285,10285.112544,49,e,4,2,1,1
986286,10303.877769,49,e,5,0,1,1
986289,10340.712464,49,e,2,3,2,1
986291,10387.23153,49,e,3,1,2,1
986293,10435.279197,49,e,0,4,3,1
986309,10790.883955,49,e,0,1,4,1
986320,10999.056212,49,e,6,0,1,5
986330,11137.12651,49,e,6,0,1,4
986343,11300.357897,49,e,6,0,1,3
986361,11504.863206,49,e,3,0,3,4
986362,11506.885252,49,e,6,0,1,2
986364,11532.386983,49,e,2,2,3,3
986372,11656.349972,49,e,3,0,3,3
986380,11712.195221,49,e,2,2,3,2
986387,11792.017361,49,e,4,1,2,1
986395,11892.471674,49,e,2,2,3,1
986396,11921.410282,49,e,3,0,3,1
986474,12846.635491,49,e,4,0,3,4
986491,12974.110525,49,e,4,0,3,3
986494,12983.729311,49,e,5,1,2,2
986506,13112.431174,49,e,4,0,3,2
986715,14745.909761,49,e,2,0,5,3
986746,14983.721125,49,e,2,0,5,1
986929,16039.063762,49,e,3,0,5,3
986955,16156.217751,49,e,3,0,5,2
998917,3673.143742,50,e,0,4,0,1
998922,4821.613722,50,e,2,2,0,3
998923,4900.396585,50,e,1,4,0,2
998926,5014.603222,50,e,0,6,0,1
998927,5057.095496,50,e,3,0,0,2
998928,5123.190421,50,e,1,4,0,1
998936,6048.161495,50,e,3,2,0,4
998937,6118.412419,50,e,2,4,0,3
998938,6190.732902,50,e,4,0,0,4
998939,6223.737855,50,e,1,6,0,2
998940,6242.856864,50,e,3,2,0,3
998941,6320.080306,50,e,4,0,0,3
998942,6346.910788,50,e,2,4,0,2
998943,6357.28523,50,e,0,8,0,1
998944,6433.709059,50,e,3,2,0,2
998947,6483.953556,50,e,1,6,0,1
998948,6524.107423,50,e,1,3,1,2
998949,6580.709948,50,e,2,4,0,1
998951,6623.062518,50,e,0,5,1,1
998952,6642.389409,50,e,3,2,0,1
998953,6665.258045,50,e,4,0,0,1
998958,6994.990083,50,e,1,0,2,1
998959,7240.149703,50,e,5,0,0,6
998966,7563.037274,50,e,3,4,0,3
998967,7577.735341,50,e,5,0,0,4
998968,7666.273922,50,e,4,2,0,3
998973,7730.606554,50,e,2,3,1,3
998974,7798.394173,50,e,3,4,0,2
998975,7820.318299,50,e,1,5,1,2
998981,7940.356429,50,e,0,7,1,1
998982,7958.58903,50,e,2,6,0,1
998984,8044.990476,50,e,3,4,0,1
998985,8060.362145,50,e,1,5,1,1
998988,8120.163893,50,e,5,0,0,1
998989,8146.21402,50,e,2,3,1,1
998992,8231.618192,50,e,0,4,2,1
998994,8320.303537,50,e,1,2,2,1
999009,8892.32166,50,e,5,2,0,4
999010,8927.268875,50,e,3,3,1,4
999017,9095.894737,50,e,5,2,0,3
999019,9131.502219,50,e,6,0,0,3
999020,9142.111683,50,e,3,3,1,3
999024,9251.620571,50,e,2,5,1,2
999025,9257.980676,50,e,4,4,0,2
999027,9317.254411,50,e,3,0,2,4
999028,9317.595533,50,e,5,2,0,2
999030,9341.915573,50,e,6,0,0,2
999031,9345.020857,50,e,2,2,2,3
999038,9501.241141,50,e,2,5,1,1
999041,9526.501304,50,e,2,2,2,2
999042,9562.396149,50,e,5,2,0,1
999043,9579.879384,50,e,3,3,1,1
999045,9584.649832,50,e,6,0,0,1
999046,9618.224444,50,e,4,1,1,1
999050,9709.852337,50,e,2,2,2,1
999052,9737.893529,50,e,3,0,2,1
999083,10452.618227,50,e,5,1,1,4
999095,10626.249616,50,e,5,1,1,3
999124,11015.778442,50,e,1,3,3,2
999134,11109.701597,50,e,3,2,2,1
999135,11116.847584,50,e,2,1,3,2
999136,11133.555124,50,e,4,0,2,1
999141,11268.899444,50,e,2,1,3,1
999149,11409.280927,50,e,1,0,4,2
999226,12306.632875,50,e,3,1,3,3
999240,12461.060551,50,e,3,1,3,2
999294,13058.036405,50,e,0,1,5,1
999436,14216.860179,50,e,1,1,5,2
999451,14355.066659,50,e,1,1,5,1
999639,15516.529542,50,e,2,1,5,2
1011813,4180.817731,50,f,2,1,0,3
1011814,4240.924556,50,f,1,3,0,2
1011816,4343.716283,50,f,0,5,0,1
1011820,5417.286106,50,f,3,1,0,4
1011821,5468.328288,50,f,2,3,0,3
1011822,5561.435315,50,f,1,5,0,2
1011823,5588.028705,50,f,3,1,0,3
1011824,5675.931487,50,f,2,3,0,2
1011825,5685.795972,50,f,0,7,0,1
1011826,5750.231515,50,f,3,1,0,2
1011827,5803.923818,50,f,1,5,0,1
1011828,5878.847158,50,f,1,2,1,2
1011829,5889.254085,50,f,2,3,0,1
1011830,5937.821561,50,f,3,1,0,1
1011831,5964.803984,50,f,0,4,1,1
1011834,6641.463774,50,f,4,1,0,5
1011835,6685.866776,50,f,3,3,0,4
1011837,6828.730708,50,f,4,1,0,4
1011839,6902.038417,50,f,3,3,0,3
1011840,6996.31727,50,f,4,1,0,3
1011841,7018.109224,50,f,2,5,0,2
1011844,7116.973643,50,f,3,3,0,2
1011845,7163.455509,50,f,1,7,0,1
1011846,7171.388426,50,f,1,4,1,2
1011847,7176.840823,50,f,4,1,0,2
1011848,7270.101451,50,f,2,5,0,1
1011850,7281.833981,50,f,0,6,1,1
1011851,7345.696971,50,f,3,3,0,1
1011852,7388.719351,50,f,4,1,0,1
1011853,7391.645091,50,f,1,4,1,1
1011855,7520.540989,50,f,1,1,2,2
1011856,7586.070333,50,f,0,3,2,1
1011868,8338.389796,50,f,4,3,0,3
1011870,8368.734215,50,f,2,4,1,3
1011872,8412.404018,50,f,5,1,0,3
1011873,8469.97791,50,f,1,6,1,2
1011877,8564.885984,50,f,4,3,0,2
1011878,8595.181455,50,f,2,4,1,2
1011880,8615.629937,50,f,5,1,0,2
1011883,8726.945409,50,f,1,6,1,1
1011886,8782.405858,50,f,1,3,2,2
1011887,8809.313113,50,f,4,3,0,1
1011888,8826.28146,50,f,2,4,1,1
1011889,8849.357014,50,f,5,1,0,1
1011893,8978.514611,50,f,1,3,2,1
1011905,9495.726167,50,f,4,2,1,5
1011913,9702.333571,50,f,4,2,1,4
1011918,9791.403529,50,f,3,4,1,3
1011922,9896.127311,50,f,4,2,1,3
1011930,10026.071018,50,f,3,4,1,2
1011934,10092.240164,50,f,3,1,2,3
1011935,10099.118657,50,f,4,2,1,2
1011950,10379.299669,50,f,2,3,2,1
1011954,10473.626883,50,f,0,4,3,1
1011967,10830.054632,50,f,0,1,4,1
1012016,11570.602297,50,f,2,2,3,3
1012030,11749.219593,50,f,2,2,3,2
1012031,11751.055629,50,f,5,2,1,1
1012043,11930.810082,50,f,2,2,3,1
1023707,3713.16249,51,f,0,4,0,1
1023710,4861.331992,51,f,2,2,0,3
1023711,4940.438769,51,f,1,4,0,2
1023713,5054.760554,51,f,0,6,0,1
1023714,5163.189576,51,f,1,4,0,1
1023720,6158.484833,51,f,2,4,0,3
1023721,6263.918463,51,f,1,6,0,2
1023722,6282.631823,51,f,3,2,0,3
1023723,6386.908123,51,f,2,4,0,2
1023724,6397.577666,51,f,0,8,0,1
1023725,6473.773783,51,f,3,2,0,2
1023727,6524.080549,51,f,1,6,0,1
1023728,6563.78121,51,f,1,3,1,2
1023729,6620.694402,51,f,2,4,0,1
1023731,6662.854392,51,f,0,5,1,1
1023732,6682.890962,51,f,3,2,0,1
1023741,7603.040897,51,f,3,4,0,3
1023742,7706.239565,51,f,4,2,0,3
1023746,7770.323848,51,f,2,3,1,3
1023747,7838.354117,51,f,3,4,0,2
1023748,7860.142869,51,f,1,5,1,2
1023751,7911.76035,51,f,4,2,0,2
1023752,7976.102935,51,f,2,3,1,2
1023753,7980.288957,51,f,0,7,1,1
1023754,7998.690515,51,f,2,6,0,1
1023756,8084.934902,51,f,3,4,0,1
1023757,8100.164509,51,f,1,5,1,1
1023758,8140.215804,51,f,4,2,0,1
1023759,8185.810732,51,f,2,3,1,1
1023762,8271.032703,51,f,0,4,2,1
1023774,8932.238057,51,f,5,2,0,4
1023775,8967.043678,51,f,3,3,1,4
1023781,9136.122329,51,f,5,2,0,3
1023783,9181.754793,51,f,3,3,1,3
1023787,9291.400853,51,f,2,5,1,2
1023788,9297.920602,51,f,4,4,0,2
1023790,9358.459622,51,f,5,2,0,2
1023792,9384.132238,51,f,2,2,2,3
1023793,9394.248445,51,f,3,3,1,2
1023798,9540.981928,51,f,2,5,1,1
1023802,9604.31031,51,f,5,2,0,1
1023803,9620.365205,51,f,3,3,1,1
1023804,9661.819219,51,f,4,1,1,1
1023807,9749.30748,51,f,2,2,2,1
1023811,9879.417413,51,f,0,3,3,1
1023834,10496.814469,51,f,5,1,1,4
1023844,10670.544384,51,f,5,1,1,3
1023857,10869.192029,51,f,5,1,1,2
1023868,11054.883686,51,f,1,3,3,2
1023876,11149.548259,51,f,3,2,2,1
1023877,11158.308609,51,f,2,1,3,2
1023879,11249.107523,51,f,1,3,3,1
1023883,11310.472433,51,f,2,1,3,1
1023953,12348.701315,51,f,3,1,3,3
1023966,12503.043186,51,f,3,1,3,2
1024010,13097.66709,51,f,0,1,5,1
1024131,14257.370081,51,f,1,1,5,2
1024145,14395.116671,51,f,1,1,5,1
1035547,4280.894083,51,e,1,3,0,2
1035549,4383.804755,51,e,0,5,0,1
1035556,5508.32648,51,e,2,3,0,3
1035557,5601.54724,51,e,1,5,0,2
1035559,5715.855404,51,e,2,3,0,2
1035560,5726.021294,51,e,0,7,0,1
1035562,5843.987562,51,e,1,5,0,1
1035565,5929.171673,51,e,2,3,0,1
1035566,5972.895118,51,e,3,1,0,1
1035568,6004.520821,51,e,0,4,1,1
1035572,6675.950605,51,e,4,1,0,5
1035573,6725.893871,51,e,3,3,0,4
1035577,6941.965727,51,e,3,3,0,3
1035579,7058.174663,51,e,2,5,0,2
1035583,7156.865113,51,e,3,3,0,2
1035585,7211.125794,51,e,1,4,1,2
1035586,7211.472055,51,e,4,1,0,2
1035588,7310.130888,51,e,2,5,0,1
1035590,7321.710427,51,e,0,6,1,1
1035592,7385.581664,51,e,3,3,0,1
1035594,7431.351018,51,e,1,4,1,1
1035598,7625.406507,51,e,0,3,2,1
1035604,8092.044913,51,e,5,1,0,5
1035612,8378.260736,51,e,4,3,0,3
1035614,8408.519214,51,e,2,4,1,3
1035616,8446.517249,51,e,5,1,0,3
1035618,8509.862767,51,e,1,6,1,2
1035622,8604.726965,51,e,4,3,0,2
1035624,8634.897376,51,e,2,4,1,2
1035631,8766.778883,51,e,1,6,1,1
1035633,8821.775885,51,e,1,3,2,2
1035634,8849.076538,51,e,4,3,0,1
1035635,8866.016689,51,e,2,4,1,1
1035636,8881.226712,51,e,5,1,0,1
1035641,9017.844055,51,e,1,3,2,1
1035656,9536.189493,51,e,4,2,1,5
1035665,9742.163259,51,e,4,2,1,4
1035670,9831.154897,51,e,3,4,1,3
1035672,9873.043387,51,e,6,1,0,3
1035675,9935.49844,51,e,4,2,1,3
1035677,9956.904979,51,e,3,1,2,4
1035688,10128.017091,51,e,3,1,2,3
1035689,10138.078483,51,e,4,2,1,2
1035690,10165.800096,51,e,5,0,1,2
1035696,10286.403165,51,e,3,1,2,2
1035704,10382.519842,51,e,5,0,1,1
1035707,10418.650722,51,e,2,3,2,1
1035711,10512.738672,51,e,0,4,3,1
1035715,10603.283397,51,e,1,2,3,1
1035727,10867.195406,51,e,0,1,4,1
1035738,11076.74483,51,e,6,0,1,5
1035748,11214.753998,51,e,6,0,1,4
1035779,11582.151884,51,e,3,0,3,4
1035782,11609.943023,51,e,2,2,3,3
1035790,11733.127159,51,e,3,0,3,3
1035798,11789.351198,51,e,2,2,3,2
1035804,11849.245985,51,e,3,0,3,2
1035805,11870.021516,51,e,4,1,2,1
1035813,11969.637982,51,e,2,2,3,1
1035814,11998.471777,51,e,3,0,3,1
1035849,12489.622282,51,e,0,0,5,1
1035909,13051.038656,51,e,4,0,3,3
1036133,14821.79033,51,e,2,0,5,3
1036151,14949.414206,51,e,2,0,5,2
1036164,15059.362555,51,e,2,0,5,1
1036347,16114.706283,51,e,3,0,5,3
1036373,16231.878889,51,e,3,0,5,2
1048335,3753.962846,52,e,0,4,0,1
1048339,4870.81074,52,e,3,0,0,4
1048340,4902.286564,52,e,2,2,0,3
1048341,4981.262869,52,e,1,4,0,2
1048342,5014.981162,52,e,3,0,0,3
1048344,5095.702116,52,e,0,6,0,1
1048345,5137.244717,52,e,3,0,0,2
1048346,5203.96992,52,e,1,4,0,1
1048347,5275.35474,52,e,2,2,0,1
1048350,5386.978557,52,e,0,3,1,1
1048355,6199.339775,52,e,2,4,0,3
1048356,6270.878274,52,e,4,0,0,4
1048357,6304.883568,52,e,1,6,0,2
1048358,6323.345669,52,e,3,2,0,3
1048359,6400.024637,52,e,4,0,0,3
1048360,6427.68648,52,e,2,4,0,2
1048361,6438.656882,52,e,0,8,0,1
1048362,6514.116115,52,e,3,2,0,2
1048365,6564.991204,52,e,1,6,0,1
1048366,6604.225465,52,e,1,3,1,2
1048367,6661.459214,52,e,2,4,0,1
1048369,6703.423426,52,e,0,5,1,1
1048370,6722.857229,52,e,3,2,0,1
1048371,6745.837624,52,e,4,0,0,1
1048376,7073.956508,52,e,1,0,2,1
1048377,7320.779355,52,e,5,0,0,6
1048384,7643.825577,52,e,3,4,0,3
1048385,7657.572858,52,e,5,0,0,4
1048386,7746.610636,52,e,4,2,0,3
1048391,7810.803653,52,e,2,3,1,3
1048392,7879.093916,52,e,3,4,0,2
1048393,7900.745103,52,e,1,5,1,2
1048399,8021.001489,52,e,0,7,1,1
1048400,8039.574947,52,e,2,6,0,1
1048402,8125.656289,52,e,3,4,0,1
1048403,8140.744817,52,e,1,5,1,1
1048406,8200.845577,52,e,5,0,0,1
1048407,8226.18135,52,e,2,3,1,1
1048410,8311.217049,52,e,0,4,2,1
1048427,8972.667617,52,e,5,2,0,4
1048428,9007.558323,52,e,3,3,1,4
1048435,9176.16849,52,e,5,2,0,3
1048437,9211.707672,52,e,6,0,0,3
1048438,9222.176965,52,e,3,3,1,3
1048442,9331.957616,52,e,2,5,1,2
1048445,9396.595879,52,e,3,0,2,4
1048446,9397.816395,52,e,5,2,0,2
1048448,9422.431158,52,e,6,0,0,2
1048449,9424.496245,52,e,2,2,2,3
1048450,9434.668212,52,e,3,3,1,2
1048455,9544.956133,52,e,3,0,2,3
1048456,9581.499508,52,e,2,5,1,1
1048459,9605.760336,52,e,2,2,2,2
1048461,9660.044272,52,e,3,3,1,1
1048462,9662.634809,52,e,3,0,2,2
1048468,9789.148602,52,e,2,2,2,1
1048470,9817.110266,52,e,3,0,2,1
1048473,9919.210082,52,e,0,3,3,1
1048491,10354.422999,52,e,5,1,1,5
1048501,10531.963285,52,e,5,1,1,4
1048513,10705.656911,52,e,5,1,1,3
1048542,11094.722389,52,e,1,3,3,2
1048552,11188.955155,52,e,3,2,2,1
1048553,11195.388133,52,e,2,1,3,2
1048554,11212.958123,52,e,4,0,2,1
1048556,11288.896366,52,e,1,3,3,1
1048644,12385.324625,52,e,3,1,3,3
1048657,12539.305008,52,e,3,1,3,2
1048711,13135.227633,52,e,0,1,5,1
1048854,14294.142226,52,e,1,1,5,2
1048868,14432.214179,52,e,1,1,5,1
1061231,4261.450585,52,f,2,1,0,3
1061232,4321.648224,52,f,1,3,0,2
1061234,4424.676155,52,f,0,5,0,1
1061238,5498.051916,52,f,3,1,0,4
1061239,5549.11931,52,f,2,3,0,3
1061240,5642.442358,52,f,1,5,0,2
1061241,5668.472312,52,f,3,1,0,3
1061242,5756.563583,52,f,2,3,0,2
1061243,5767.03213,52,f,0,7,0,1
1061244,5830.690148,52,f,3,1,0,2
1061245,5884.833799,52,f,1,5,0,1
1061246,5958.809129,52,f,1,2,1,2
1061247,5969.891112,52,f,2,3,0,1
1061248,6018.505488,52,f,3,1,0,1
1061249,6045.013396,52,f,0,4,1,1
1061252,6722.36351,52,f,4,1,0,5
1061253,6766.738418,52,f,3,3,0,4
1061255,6909.242572,52,f,4,1,0,4
1061257,6982.679884,52,f,3,3,0,3
1061258,7076.685914,52,f,4,1,0,3
1061259,7099.022444,52,f,2,5,0,2
1061261,7175.664939,52,f,2,2,1,3
1061262,7197.551676,52,f,3,3,0,2
1061264,7251.657939,52,f,1,4,1,2
1061265,7257.391617,52,f,4,1,0,2
1061266,7350.941712,52,f,2,5,0,1
1061268,7362.36605,52,f,0,6,1,1
1061269,7426.31636,52,f,3,3,0,1
1061270,7469.506001,52,f,4,1,0,1
1061271,7471.840192,52,f,1,4,1,1
1061274,7665.512125,52,f,0,3,2,1
1061275,7740.232197,52,f,1,1,2,1
1061286,8418.921973,52,f,4,3,0,3
1061288,8449.080761,52,f,2,4,1,3
1061290,8492.816232,52,f,5,1,0,3
1061291,8550.526681,52,f,1,6,1,2
1061293,8575.048814,52,f,3,2,1,3
1061295,8645.409239,52,f,4,3,0,2
1061296,8675.391627,52,f,2,4,1,2
1061298,8696.285611,52,f,5,1,0,2
1061301,8807.390966,52,f,1,6,1,1
1061302,8807.622324,52,f,2,1,2,3
1061304,8861.919142,52,f,1,3,2,2
1061305,8889.81459,52,f,4,3,0,1
1061306,8906.560872,52,f,2,4,1,1
1061307,8930.226418,52,f,5,1,0,1
1061312,9117.708214,52,f,2,1,2,1
1061323,9575.955,52,f,4,2,1,5
1061331,9782.257516,52,f,4,2,1,4
1061336,9871.687502,52,f,3,4,1,3
1061340,9975.918657,52,f,4,2,1,3
1061352,10171.497836,52,f,3,1,2,3
1061353,10179.028239,52,f,4,2,1,2
1061368,10458.776854,52,f,2,3,2,1
1061372,10552.614387,52,f,0,4,3,1
1061385,10907.983149,52,f,0,1,4,1
1061434,11649.695972,52,f,2,2,3,3
1061447,11828.320037,52,f,2,2,3,2
1061449,11830.448478,52,f,5,2,1,1
1061461,12009.522898,52,f,2,2,3,1
1073125,3795.544636,53,f,0,4,0,1
1073128,4943.530322,53,f,2,2,0,3
1073129,5022.868585,53,f,1,4,0,2
1073131,5137.427723,53,f,0,6,0,1
1073132,5245.531486,53,f,1,4,0,1
1073133,5317.133493,53,f,2,2,0,1
1073138,6240.976501,53,f,2,4,0,3
1073139,6346.632973,53,f,1,6,0,2
1073140,6364.666537,53,f,3,2,0,3
1073141,6469.245762,53,f,2,4,0,2
1073142,6480.522689,53,f,0,8,0,1
1073143,6555.77892,53,f,3,2,0,2
1073145,6606.685336,53,f,1,6,0,1
1073147,6703.005458,53,f,2,4,0,1
1073149,6744.769491,53,f,0,5,1,1
1073150,6765.022218,53,f,3,2,0,1
1073159,7685.390989,53,f,3,4,0,3
1073160,7788.165613,53,f,4,2,0,3
1073164,7852.072734,53,f,2,3,1,3
1073165,7920.614255,53,f,3,4,0,2
1073166,7942.124831,53,f,1,5,1,2
1073170,8057.689148,53,f,2,3,1,2
1073171,8062.49385,53,f,0,7,1,1
1073172,8081.24213,53,f,2,6,0,1
1073174,8167.159588,53,f,3,4,0,1
1073175,8182.103332,53,f,1,5,1,1
1073176,8222.355876,53,f,4,2,0,1
1073177,8267.296602,53,f,2,3,1,1
1073178,8270.050824,53,f,1,2,2,2
1073180,8352.17106,53,f,0,4,2,1
1073189,9006.098635,53,f,4,1,1,5
1073192,9014.156966,53,f,5,2,0,4
1073193,9048.88915,53,f,3,3,1,4
1073199,9218.028456,53,f,5,2,0,3
1073201,9263.367419,53,f,3,3,1,3
1073205,9373.292137,53,f,2,5,1,2
1073208,9440.462094,53,f,5,2,0,2
1073210,9465.107156,53,f,2,2,2,3
1073211,9475.830933,53,f,3,3,1,2
1073216,9622.794921,53,f,2,5,1,1
1073219,9646.54914,53,f,2,2,2,2
1073221,9702.188452,53,f,3,3,1,1
1073225,9830.170155,53,f,2,2,2,1
1073229,9959.766154,53,f,0,3,3,1
1073252,10578.075622,53,f,5,1,1,4
1073262,10751.883647,53,f,5,1,1,3
1073286,11135.333957,53,f,1,3,3,2
1073294,11230.479654,53,f,3,2,2,1
1073295,11238.480505,53,f,2,1,3,2
1073297,11329.450027,53,f,1,3,3,1
1073300,11390.656835,53,f,2,1,3,1
1073371,12429.011832,53,f,3,1,3,3
1073384,12583.13143,53,f,3,1,3,2
1073427,13176.461891,53,f,0,1,5,1
1073549,14336.318716,53,f,1,1,5,2
1073562,14473.904247,53,f,1,1,5,1
1084961,3125.081114,53,e,0,3,0,1
1084965,4363.178127,53,e,1,3,0,2
1084967,4466.330302,53,e,0,5,0,1
1084974,5590.677725,53,e,2,3,0,3
1084975,5684.120473,53,e,1,5,0,2
1084977,5798.046173,53,e,2,3,0,2
1084978,5808.828293,53,e,0,7,0,1
1084980,5926.462344,53,e,1,5,0,1
1084983,6011.365359,53,e,2,3,0,1
1084984,6054.749103,53,e,3,1,0,1
1084986,6086.281517,53,e,0,4,1,1
1084991,6808.324464,53,e,3,3,0,4
1084995,7024.165375,53,e,3,3,0,3
1084997,7140.652372,53,e,2,5,0,2
1085001,7238.999169,53,e,3,3,0,2
1085003,7292.937323,53,e,1,4,1,2
1085004,7293.168703,53,e,4,1,0,2
1085006,7392.533665,53,e,2,5,0,1
1085008,7403.800709,53,e,0,6,1,1
1085012,7513.095453,53,e,1,4,1,1
1085016,7706.384667,53,e,0,3,2,1
1085022,8173.775614,53,e,5,1,0,5
1085027,8351.595124,53,e,5,1,0,4
1085030,8460.348325,53,e,4,3,0,3
1085032,8490.418962,53,e,2,4,1,3
1085034,8528.026959,53,e,5,1,0,3
1085036,8591.969465,53,e,1,6,1,2
1085040,8686.7981,53,e,4,3,0,2
1085042,8716.658466,53,e,2,4,1,2
1085049,8848.781502,53,e,1,6,1,1
1085051,8902.826098,53,e,1,3,2,2
1085052,8931.107314,53,e,4,3,0,1
1085053,8947.844908,53,e,2,4,1,1
1085054,8963.023119,53,e,5,1,0,1
1085059,9098.810597,53,e,1,3,2,1
1085060,9155.293458,53,e,2,1,2,1
1085074,9618.079128,53,e,4,2,1,5
1085083,9823.668943,53,e,4,2,1,4
1085090,9954.572246,53,e,6,1,0,3
1085093,10016.80551,53,e,4,2,1,3
1085095,10037.706507,53,e,3,1,2,4
1085098,10069.069175,53,e,5,0,1,3
1085106,10208.506562,53,e,3,1,2,3
1085107,10219.486235,53,e,4,2,1,2
1085108,10247.174028,53,e,5,0,1,2
1085114,10366.859764,53,e,3,1,2,2
1085125,10499.665098,53,e,2,3,2,1
1085129,10593.253862,53,e,0,4,3,1
1085144,10946.517562,53,e,0,1,4,1
1085156,11157.497235,53,e,6,0,1,5
1085166,11295.448778,53,e,6,0,1,4
1085197,11662.42511,53,e,3,0,3,4
1085200,11690.596197,53,e,2,2,3,3
1085208,11812.930469,53,e,3,0,3,3
1085215,11869.566406,53,e,2,2,3,2
1085221,11928.982147,53,e,3,0,3,2
1085223,11951.12224,53,e,4,1,2,1
1085231,12049.849526,53,e,2,2,3,1
1085232,12078.579162,53,e,3,0,3,1
1085267,12568.188153,53,e,0,0,5,1
1085326,13130.948765,53,e,4,0,3,3
1085390,13746.052587,53,e,1,0,5,2
1085551,14900.66096,53,e,2,0,5,3
1085569,15027.894841,53,e,2,0,5,2
1085581,15137.992028,53,e,2,0,5,1
1085765,16193.342652,53,e,3,0,5,3
1085790,16310.577198,53,e,3,0,5,2
1097753,3837.907669,54,e,0,4,0,1
1097757,4954.396478,54,e,3,0,0,4
1097758,4986.07937,54,e,2,2,0,3
1097759,5065.255847,54,e,1,4,0,2
1097762,5179.937186,54,e,0,6,0,1
1097763,5220.497989,54,e,3,0,0,2
1097764,5287.873848,54,e,1,4,0,1
1097765,5358.954042,54,e,2,2,0,1
1097766,5385.711232,54,e,3,0,0,1
1097768,5470.134232,54,e,0,3,1,1
1097771,6185.552793,54,e,4,0,0,5
1097773,6283.395431,54,e,2,4,0,3
1097774,6354.118633,54,e,4,0,0,4
1097775,6389.166478,54,e,1,6,0,2
1097776,6406.946461,54,e,3,2,0,3
1097777,6483.063332,54,e,4,0,0,3
1097778,6511.58567,54,e,2,4,0,2
1097779,6523.174891,54,e,0,8,0,1
1097780,6597.630292,54,e,3,2,0,2
1097783,6649.162758,54,e,1,6,0,1
1097784,6687.44138,54,e,1,3,1,2
1097785,6745.331475,54,e,2,4,0,1
1097787,6786.892353,54,e,0,5,1,1
1097788,6806.431538,54,e,3,2,0,1
1097789,6829.544548,54,e,4,0,0,1
1097794,7155.979519,54,e,1,0,2,1
1097799,7593.95182,54,e,5,0,0,5
1097800,7635.213276,54,e,4,2,0,4
1097802,7727.737072,54,e,3,4,0,3
1097804,7830.049543,54,e,4,2,0,3
1097808,7879.885938,54,e,5,0,0,3
1097809,7894.100875,54,e,2,3,1,3
1097810,7962.913902,54,e,3,4,0,2
1097811,7984.281844,54,e,1,5,1,2
1097817,8104.765859,54,e,0,7,1,1
1097820,8209.438471,54,e,3,4,0,1
1097821,8224.239459,54,e,1,5,1,1
1097822,8263.012107,54,e,4,2,0,1
1097824,8284.664,54,e,5,0,0,1
1097825,8309.192951,54,e,2,3,1,1
1097827,8354.114089,54,e,3,1,1,1
1097828,8393.894552,54,e,0,4,2,1
1097842,9042.310325,54,e,4,1,1,5
1097845,9056.118272,54,e,5,2,0,4
1097846,9090.950648,54,e,3,3,1,4
1097853,9259.541112,54,e,5,2,0,3
1097855,9295.025133,54,e,6,0,0,3
1097856,9305.338172,54,e,3,3,1,3
1097860,9415.402582,54,e,2,5,1,2
1097863,9478.96265,54,e,3,0,2,4
1097864,9481.166899,54,e,5,2,0,2
1097866,9506.072884,54,e,6,0,0,2
1097867,9507.048003,54,e,2,2,2,3
1097868,9517.803041,54,e,3,3,1,2
1097873,9626.888876,54,e,3,0,2,3
1097874,9664.866612,54,e,2,5,1,1
1097877,9688.084671,54,e,2,2,2,2
1097879,9743.297031,54,e,3,3,1,1
1097880,9744.605213,54,e,3,0,2,2
1097882,9781.13475,54,e,4,1,1,1
1097886,9871.511977,54,e,2,2,2,1
1097888,9899.397071,54,e,3,0,2,1
1097891,10001.082886,54,e,0,3,3,1
1097919,10614.37663,54,e,5,1,1,4
1097931,10788.138972,54,e,5,1,1,3
1097957,11121.711879,54,e,2,1,3,3
1097960,11176.695079,54,e,1,3,3,2
1097970,11271.216028,54,e,3,2,2,1
1097971,11277.029765,54,e,2,1,3,2
1097972,11295.440942,54,e,4,0,2,1
1097974,11370.763183,54,e,1,3,3,1
1097977,11428.833642,54,e,2,1,3,1
1097985,11567.924946,54,e,1,0,4,2
1097991,11667.310877,54,e,1,0,4,1
1098062,12467.126279,54,e,3,1,3,3
1098075,12620.691476,54,e,3,1,3,2
1098128,13215.404631,54,e,0,1,5,1
1098272,14374.412289,54,e,1,1,5,2
1098286,14512.347077,54,e,1,1,5,1
1110649,4345.199109,54,f,2,1,0,3
1110652,4508.767009,54,f,0,5,0,1
1110656,5581.93686,54,f,3,1,0,4
1110657,5633.03364,54,f,2,3,0,3
1110658,5726.581389,54,f,1,5,0,2
1110659,5752.025623,54,f,3,1,0,3
1110660,5840.313862,54,f,2,3,0,2
1110661,5851.409589,54,f,0,7,0,1
1110662,5914.263063,54,f,3,1,0,2
1110663,5968.873019,54,f,1,5,0,1
1110664,6041.862842,54,f,1,2,1,2
1110665,6053.647219,54,f,2,3,0,1
1110666,6102.314051,54,f,3,1,0,1
1110667,6128.325024,54,f,0,4,1,1
1110670,6806.385698,54,f,4,1,0,5
1110671,6850.73615,54,f,3,3,0,4
1110673,6992.864607,54,f,4,1,0,4
1110675,7066.439094,54,f,3,3,0,3
1110676,7160.163918,54,f,4,1,0,3
1110677,7183.064257,54,f,2,5,0,2
1110680,7281.245827,54,f,3,3,0,2
1110682,7335.031144,54,f,1,4,1,2
1110683,7341.061729,54,f,4,1,0,2
1110684,7434.906552,54,f,2,5,0,1
1110686,7446.014262,54,f,0,6,1,1
1110687,7510.053549,54,f,3,3,0,1
1110688,7553.420139,54,f,4,1,0,1
1110689,7555.140049,54,f,1,4,1,1
1110692,7748.02658,54,f,0,3,2,1
1110704,8502.567809,54,f,4,3,0,3
1110706,8532.533271,54,f,2,4,1,3
1110708,8576.341849,54,f,5,1,0,3
1110709,8634.190927,54,f,1,6,1,2
1110713,8729.045845,54,f,4,3,0,2
1110714,8758.704235,54,f,2,4,1,2
1110716,8780.06591,54,f,5,1,0,2
1110719,8890.123979,54,f,2,1,2,3
1110720,8890.950335,54,f,1,6,1,1
1110722,8944.506963,54,f,1,3,2,2
1110723,8973.424997,54,f,4,3,0,1
1110724,8989.949726,54,f,2,4,1,1
1110725,9014.229532,54,f,5,1,0,1
1110729,9140.448164,54,f,1,3,2,1
1110741,9659.281767,54,f,4,2,1,5
1110749,9865.270068,54,f,4,2,1,4
1110758,10058.796672,54,f,4,2,1,3
1110770,10253.814808,54,f,3,1,2,3
1110771,10262.038527,54,f,4,2,1,2
1110786,10541.329604,54,f,2,3,2,1
1110790,10634.656913,54,f,0,4,3,1
1110802,10988.925901,54,f,0,1,4,1
1110865,11910.217726,54,f,2,2,3,2
1110879,12091.283392,54,f,2,2,3,1
1122543,3881.051767,55,f,0,4,0,1
1122546,5028.844418,55,f,2,2,0,3
1122547,5108.42431,55,f,1,4,0,2
1122549,5223.230312,55,f,0,6,0,1
1122550,5330.99711,55,f,1,4,0,1
1122551,5402.348146,55,f,2,2,0,1
1122555,6255.377279,55,f,3,2,0,4
1122556,6326.595632,55,f,2,4,0,3
1122557,6432.483879,55,f,1,6,0,2
1122558,6449.811903,55,f,3,2,0,3
1122559,6554.706135,55,f,2,4,0,2
1122560,6566.61329,55,f,0,8,0,1
1122561,6640.896255,55,f,3,2,0,2
1122563,6692.423278,55,f,1,6,0,1
1122565,6788.438802,55,f,2,4,0,1
1122567,6829.791883,55,f,0,5,1,1
1122568,6850.272126,55,f,3,2,0,1
1122577,7770.863459,55,f,3,4,0,3
1122578,7873.199342,55,f,4,2,0,3
1122582,7936.921198,55,f,2,3,1,3
1122583,8005.993867,55,f,3,4,0,2
1122584,8027.215973,55,f,1,5,1,2
1122588,8142.370157,55,f,2,3,1,2
1122589,8147.817332,55,f,0,7,1,1
1122592,8252.499769,55,f,3,4,0,1
1122593,8267.153657,55,f,1,5,1,1
1122594,8307.615807,55,f,4,2,0,1
1122595,8351.80252,55,f,2,3,1,1
1122596,8354.215632,55,f,1,2,2,2
1122598,8436.38735,55,f,0,4,2,1
1122607,9091.035758,55,f,4,1,1,5
1122610,9099.182077,55,f,5,2,0,4
1122611,9133.837433,55,f,3,3,1,4
1122617,9303.043061,55,f,5,2,0,3
1122619,9348.07499,55,f,3,3,1,3
1122623,9458.290625,55,f,2,5,1,2
1122626,9525.578412,55,f,5,2,0,2
1122628,9549.151795,55,f,2,2,2,3
1122629,9560.509226,55,f,3,3,1,2
1122637,9730.409169,55,f,2,2,2,2
1122639,9787.125115,55,f,3,3,1,1
1122643,9914.1034,55,f,2,2,2,1
1122647,10043.16296,55,f,0,3,3,1
1122670,10662.417799,55,f,5,1,1,4
1122680,10836.312185,55,f,5,1,1,3
1122701,11167.228478,55,f,2,1,3,3
1122704,11218.826318,55,f,1,3,3,2
1122712,11314.466061,55,f,3,2,2,1
1122713,11321.717405,55,f,2,1,3,2
1122715,11412.84148,55,f,1,3,3,1
1122718,11473.886352,55,f,2,1,3,1
1122789,12512.392396,55,f,3,1,3,3
1122802,12666.27096,55,f,3,1,3,2
1122844,13258.245845,55,f,0,1,5,1
1122967,14418.260366,55,f,1,1,5,2
1122980,14555.682321,55,f,1,1,5,1
1134379,3210.437654,55,e,0,3,0,1
1134383,4448.582664,55,e,1,3,0,2
1134385,4551.986087,55,e,0,5,0,1
1134392,5676.151168,55,e,2,3,0,3
1134393,5769.824902,55,e,1,5,0,2
1134394,5790.628754,55,e,3,1,0,3
1134395,5883.354245,55,e,2,3,0,2
1134396,5894.775824,55,e,0,7,0,1
1134397,5952.607887,55,e,3,1,0,2
1134398,6012.065631,55,e,1,5,0,1
1134401,6096.676731,55,e,2,3,0,1
1134402,6139.711488,55,e,3,1,0,1
1134404,6171.143707,55,e,0,4,1,1
1134408,6843.126441,55,e,4,1,0,5
1134409,6893.879528,55,e,3,3,0,4
1134413,7109.481798,55,e,3,3,0,3
1134415,7226.257895,55,e,2,5,0,2
1134419,7324.248087,55,e,3,3,0,2
1134424,7478.06008,55,e,2,5,0,1
1134426,7489.006565,55,e,0,6,1,1
1134428,7553.034416,55,e,3,3,0,1
1134430,7597.941742,55,e,1,4,1,1
1134434,7790.434755,55,e,0,3,2,1
1134440,8258.602734,55,e,5,1,0,5
1134445,8436.163506,55,e,5,1,0,4
1134448,8545.548415,55,e,4,3,0,3
1134450,8575.423879,55,e,2,4,1,3
1134452,8612.6309,55,e,5,1,0,3
1134454,8677.190871,55,e,1,6,1,2
1134458,8771.97946,55,e,4,3,0,2
1134460,8801.521136,55,e,2,4,1,2
1134467,8933.897296,55,e,1,6,1,1
1134469,8986.949995,55,e,1,3,2,2
1134470,9016.240926,55,e,4,3,0,1
1134471,9032.780168,55,e,2,4,1,1
1134472,9047.932136,55,e,5,1,0,1
1134473,9082.72936,55,e,2,1,2,2
1134474,9082.769868,55,e,0,5,2,1
1134477,9182.849479,55,e,1,3,2,1
1134501,9908.265709,55,e,4,2,1,4
1134508,10039.196199,55,e,6,1,0,3
1134511,10101.194004,55,e,4,2,1,3
1134513,10121.571392,55,e,3,1,2,4
1134516,10153.103454,55,e,5,0,1,3
1134524,10292.047185,55,e,3,1,2,3
1134525,10303.983072,55,e,4,2,1,2
1134526,10331.643827,55,e,5,0,1,2
1134532,10450.370808,55,e,3,1,2,2
1134547,10676.82337,55,e,0,4,3,1
1134562,11028.84908,55,e,0,1,4,1
1134574,11241.311737,55,e,6,0,1,5
1134584,11379.21017,55,e,6,0,1,4
1134614,11745.715926,55,e,3,0,3,4
1134626,11895.758287,55,e,3,0,3,3
1134633,11952.858474,55,e,2,2,3,2
1134639,12011.75064,55,e,3,0,3,2
1134641,12035.321351,55,e,4,1,2,1
1134649,12133.105055,55,e,2,2,3,1
1134650,12161.731757,55,e,3,0,3,1
1134808,13827.736201,55,e,1,0,5,2
1134968,14982.519974,55,e,2,0,5,3
1134986,15109.352136,55,e,2,0,5,2
1134998,15219.608808,55,e,2,0,5,1
1135206,16392.326015,55,e,3,0,5,2
1147171,3924.976731,56,e,0,4,0,1
1147175,5041.087601,56,e,3,0,0,4
1147176,5072.990569,56,e,2,2,0,3
1147177,5152.373938,56,e,1,4,0,2
1147178,5184.411643,56,e,3,0,0,3
1147180,5267.306906,56,e,0,6,0,1
1147181,5306.85438,56,e,3,0,0,2
1147182,5374.900749,56,e,1,4,0,1
1147183,5445.662189,56,e,2,2,0,1
1147184,5472.415926,56,e,3,0,0,1
1147186,5556.384975,56,e,0,3,1,1
1147190,6299.890257,56,e,3,2,0,4
1147191,6370.577716,56,e,2,4,0,3
1147192,6440.452058,56,e,4,0,0,4
1147193,6476.584967,56,e,1,6,0,2
1147194,6493.657583,56,e,3,2,0,3
1147195,6569.195305,56,e,4,0,0,3
1147196,6598.606811,56,e,2,4,0,2
1147197,6610.837683,56,e,0,8,0,1
1147198,6684.24973,56,e,3,2,0,2
1147201,6736.466701,56,e,1,6,0,1
1147203,6832.325228,56,e,2,4,0,1
1147205,6873.467834,56,e,0,5,1,1
1147206,6893.110336,56,e,3,2,0,1
1147207,6916.378504,56,e,4,0,0,1
1147210,7141.027473,56,e,1,0,2,2
1147212,7241.057976,56,e,1,0,2,1
1147220,7814.770119,56,e,3,4,0,3
1147222,7916.588135,56,e,4,2,0,3
1147226,7966.140948,56,e,5,0,0,3
1147227,7980.496562,56,e,2,3,1,3
1147228,8049.852524,56,e,3,4,0,2
1147229,8070.926994,56,e,1,5,1,2
1147232,8121.79463,56,e,4,2,0,2
1147234,8185.868278,56,e,2,3,1,2
1147235,8191.648084,56,e,0,7,1,1
1147238,8296.33497,56,e,3,4,0,1
1147239,8310.845087,56,e,1,5,1,1
1147240,8349.593554,56,e,4,2,0,1
1147242,8371.618547,56,e,5,0,0,1
1147243,8395.212249,56,e,2,3,1,1
1147246,8479.649262,56,e,0,4,2,1
1147247,8482.546349,56,e,2,0,2,2
1147263,9142.671764,56,e,5,2,0,4
1147264,9177.444078,56,e,3,3,1,4
1147271,9346.010426,56,e,5,2,0,3
1147273,9381.454312,56,e,6,0,0,3
1147274,9391.593806,56,e,3,3,1,3
1147281,9564.385394,56,e,3,0,2,4
1147282,9567.612129,56,e,5,2,0,2
1147285,9592.877821,56,e,6,0,0,2
1147286,9604.034426,56,e,3,3,1,2
1147291,9711.868606,56,e,3,0,2,3
1147295,9773.472978,56,e,2,2,2,2
1147297,9829.393177,56,e,3,0,2,2
1147298,9829.861925,56,e,3,3,1,1
1147300,9867.237993,56,e,4,1,1,1
1147304,9956.941044,56,e,2,2,2,1
1147306,9984.753246,56,e,3,0,2,1
1147337,10699.856826,56,e,5,1,1,4
1147349,10873.694832,56,e,5,1,1,3
1147375,11206.395212,56,e,2,1,3,3
1147378,11261.710164,56,e,1,3,3,2
1147388,11356.452692,56,e,3,2,2,1
1147389,11361.801934,56,e,2,1,3,2
1147390,11381.003336,56,e,4,0,2,1
1147392,11455.678232,56,e,1,3,3,1
1147395,11513.355601,56,e,2,1,3,1
1147403,11651.757337,56,e,1,0,4,2
1147409,11751.000315,56,e,1,0,4,1
1147493,12705.075414,56,e,3,1,3,2
1147546,13298.566038,56,e,0,1,5,1
1147690,14457.668869,56,e,1,1,5,2
1147703,14595.464147,56,e,1,1,5,1
1160065,3254.286466,56,f,0,3,0,1
1160067,4432.061517,56,f,2,1,0,3
1160069,4586.580004,56,f,2,1,0,2
1160070,4595.987343,56,f,0,5,0,1
1160074,5668.938962,56,f,3,1,0,4
1160075,5720.069641,56,f,2,3,0,3
1160076,5813.850809,56,f,1,5,0,2
1160077,5838.687034,56,f,3,1,0,3
1160078,5927.180813,56,f,2,3,0,2
1160079,5938.926799,56,f,0,7,0,1
1160080,6000.949096,56,f,3,1,0,2
1160081,6056.039995,56,f,1,5,0,1
1160082,6128.006737,56,f,1,2,1,2
1160083,6140.520997,56,f,2,3,0,1
1160084,6189.246249,56,f,3,1,0,1
1160085,6214.737409,56,f,0,4,1,1
1160088,6893.528154,56,f,4,1,0,5
1160089,6937.858294,56,f,3,3,0,4
1160091,7079.594964,56,f,4,1,0,4
1160093,7153.314438,56,f,3,3,0,3
1160094,7246.749979,56,f,4,1,0,3
1160095,7270.233089,56,f,2,5,0,2
1160097,7345.021907,56,f,2,2,1,3
1160098,7368.0546,56,f,3,3,0,2
1160100,7421.506498,56,f,1,4,1,2
1160101,7427.850151,56,f,4,1,0,2
1160102,7521.994059,56,f,2,5,0,1
1160104,7532.777477,56,f,0,6,1,1
1160105,7596.90707,56,f,3,3,0,1
1160106,7640.456328,56,f,4,1,0,1
1160107,7641.547851,56,f,1,4,1,1
1160108,7713.915045,56,f,2,2,1,1
1160110,7833.612269,56,f,0,3,2,1
1160111,7907.840631,56,f,1,1,2,1
1160122,8589.325715,56,f,4,3,0,3
1160124,8619.09014,56,f,2,4,1,3
1160127,8720.969097,56,f,1,6,1,2
1160131,8815.794231,56,f,4,3,0,2
1160132,8845.117859,56,f,2,4,1,2
1160134,8866.969944,56,f,5,1,0,2
1160137,8975.692974,56,f,2,1,2,3
1160138,8977.62223,56,f,1,6,1,1
1160140,9030.16779,56,f,1,3,2,2
1160141,9060.142377,56,f,4,3,0,1
1160142,9076.447159,56,f,2,4,1,1
1160143,9101.365394,56,f,5,1,0,1
1160147,9226.023244,56,f,1,3,2,1
1160167,9951.369536,56,f,4,2,1,4
1160176,10144.760017,56,f,4,2,1,3
1160189,10348.148469,56,f,4,2,1,2
1160205,10640.48543,56,f,1,2,3,2
1160208,10719.753039,56,f,0,4,3,1
1160220,11072.881507,56,f,0,1,4,1
1160283,11995.04871,56,f,2,2,3,2
1171961,3969.682377,57,f,0,4,0,1
1171964,5117.272543,57,f,2,2,0,3
1171965,5197.104334,57,f,1,4,0,2
1171966,5300.466221,57,f,2,2,0,2
1171967,5312.166767,57,f,0,6,0,1
1171968,5419.584966,57,f,1,4,0,1
1171971,5600.671661,57,f,0,3,1,1
1171974,6415.340519,57,f,2,4,0,3
1171975,6521.46953,57,f,1,6,0,2
1171976,6538.066321,57,f,3,2,0,3
1171977,6643.287669,57,f,2,4,0,2
1171978,6655.847866,57,f,0,8,0,1
1171979,6729.124478,57,f,3,2,0,2
1171981,6781.292827,57,f,1,6,0,1
1171983,6876.992908,57,f,2,4,0,1
1171985,6917.92008,57,f,0,5,1,1
1171986,6938.63958,57,f,3,2,0,1
1171993,7766.136671,57,f,4,2,0,4
1171995,7859.456636,57,f,3,4,0,3
1171996,7961.339259,57,f,4,2,0,3
1172000,8024.867584,57,f,2,3,1,3
1172001,8094.49132,57,f,3,4,0,2
1172002,8115.414741,57,f,1,5,1,2
1172006,8230.144474,57,f,2,3,1,2
1172007,8236.257923,57,f,0,7,1,1
1172010,8340.953373,57,f,3,4,0,1
1172011,8355.314503,57,f,1,5,1,1
1172012,8395.99457,57,f,4,2,0,1
1172013,8439.282796,57,f,2,3,1,1
1172016,8523.680108,57,f,0,4,2,1
1172025,9179.068608,57,f,4,1,1,5
1172028,9187.311739,57,f,5,2,0,4
1172029,9221.886822,57,f,3,3,1,4
1172035,9391.16487,57,f,5,2,0,3
1172037,9435.875921,57,f,3,3,1,3
1172044,9613.807455,57,f,5,2,0,2
1172047,9648.282101,57,f,3,3,1,2
1172054,9817.333418,57,f,2,2,2,2
1172057,9875.175048,57,f,3,3,1,1
1172058,9916.43236,57,f,4,1,1,1
1172061,10001.106131,57,f,2,2,2,1
1172065,10129.606385,57,f,0,3,3,1
1172079,10573.647237,57,f,5,1,1,5
1172088,10749.839452,57,f,5,1,1,4
1172098,10923.828983,57,f,5,1,1,3
1172119,11253.672512,57,f,2,1,3,3
1172122,11305.364005,57,f,1,3,3,2
1172130,11401.495343,57,f,3,2,2,1
1172131,11408.029867,57,f,2,1,3,2
1172133,11499.280577,57,f,1,3,3,1
1172136,11560.159923,57,f,2,1,3,1
1172262,13343.017545,57,f,0,1,5,1
1172398,14640.449676,57,f,1,1,5,1
1183803,4640.770579,57,e,0,5,0,1
1183810,5764.745106,57,e,2,3,0,3
1183811,5858.658898,57,e,1,5,0,2
1183813,5971.778053,57,e,2,3,0,2
1183814,5983.862311,57,e,0,7,0,1
1183815,6040.507007,57,e,3,1,0,2
1183816,6100.795908,57,e,1,5,0,1
1183819,6185.104229,57,e,2,3,0,1
1183820,6227.781195,57,e,3,1,0,1
1183822,6259.105905,57,e,0,4,1,1
1183826,6931.373695,57,e,4,1,0,5
1183827,6982.557256,57,e,3,3,0,4
1183831,7197.913334,57,e,3,3,0,3
1183833,7314.989627,57,e,2,5,0,2
1183837,7412.610244,57,e,3,3,0,2
1183839,7465.775195,57,e,4,1,0,2
1183840,7465.95835,57,e,1,4,1,2
1183842,7566.70814,57,e,2,5,0,1
1183844,7577.326854,57,e,0,6,1,1
1183846,7641.431343,57,e,3,3,0,1
1183848,7685.88854,57,e,1,4,1,1
1183852,7877.555311,57,e,0,3,2,1
1183858,8346.524403,57,e,5,1,0,5
1183863,8523.820286,57,e,5,1,0,4
1183866,8633.859317,57,e,4,3,0,3
1183868,8663.532345,57,e,2,4,1,3
1183870,8700.327889,57,e,5,1,0,3
1183872,8765.525402,57,e,1,6,1,2
1183876,8860.268715,57,e,4,3,0,2
1183878,8889.483901,57,e,2,4,1,2
1183885,9022.124957,57,e,1,6,1,1
1183887,9074.146003,57,e,1,3,2,2
1183888,9104.47465,57,e,4,3,0,1
1183889,9120.82106,57,e,2,4,1,1
1183890,9135.953868,57,e,5,1,0,1
1183895,9269.959341,57,e,1,3,2,1
1183909,9767.530818,57,e,5,0,1,6
1183919,9995.951878,57,e,4,2,1,4
1183926,10126.914372,57,e,6,1,0,3
1183929,10188.661925,57,e,4,2,1,3
1183933,10240.214971,57,e,5,0,1,3
1183942,10378.637733,57,e,3,1,2,3
1183943,10391.567196,57,e,4,2,1,2
1183944,10419.209097,57,e,5,0,1,2
1183950,10536.935253,57,e,3,1,2,2
1183965,10763.445745,57,e,0,4,3,1
1183969,10852.898782,57,e,1,2,3,1
1183980,11114.188569,57,e,0,1,4,1
1183992,11328.186587,57,e,6,0,1,5
1184002,11466.037495,57,e,6,0,1,4
1184032,11832.03318,57,e,3,0,3,4
1184044,11981.608929,57,e,3,0,3,3
1184051,12039.273262,57,e,2,2,3,2
1184057,12097.55215,57,e,3,0,3,2
1184068,12247.92886,57,e,3,0,3,1
1184226,13912.401692,57,e,1,0,5,2
1184238,14011.744895,57,e,1,0,5,1
1184386,15067.365678,57,e,2,0,5,3
1184403,15193.784673,57,e,2,0,5,2
1184416,15304.211926,57,e,2,0,5,1
1184624,16477.167552,57,e,3,0,5,2
1196589,4015.168495,58,e,0,4,0,1
1196593,5130.882074,58,e,3,0,0,4
1196594,5163.018516,58,e,2,2,0,3
1196595,5242.615504,58,e,1,4,0,2
1196596,5273.765299,58,e,3,0,0,3
1196598,5357.809693,58,e,0,6,0,1
1196599,5396.312934,58,e,3,0,0,2
1196600,5465.04911,58,e,1,4,0,1
1196601,5535.477342,58,e,2,2,0,1
1196602,5562.237916,58,e,3,0,0,1
1196604,5645.729286,58,e,0,3,1,1
1196607,6362.212778,58,e,4,0,0,5
1196608,6390.045706,58,e,3,2,0,4
1196609,6460.884896,58,e,2,4,0,3
1196610,6529.876568,58,e,4,0,0,4
1196611,6567.137354,58,e,1,6,0,2
1196612,6583.477298,58,e,3,2,0,3
1196613,6658.419446,58,e,4,0,0,3
1196614,6688.748297,58,e,2,4,0,2
1196615,6701.643628,58,e,0,8,0,1
1196616,6773.972487,58,e,3,2,0,2
1196618,6809.727833,58,e,4,0,0,2
1196619,6826.901454,58,e,1,6,0,1
1196620,6863.160551,58,e,1,3,1,2
1196621,6922.438906,58,e,2,4,0,1
1196623,6963.148352,58,e,0,5,1,1
1196624,6982.891587,58,e,3,2,0,1
1196625,7006.339134,58,e,4,0,0,1
1196628,7229.230304,58,e,1,0,2,2
1196630,7329.190702,58,e,1,0,2,1
1196640,8006.223639,58,e,4,2,0,3
1196644,8055.497362,58,e,5,0,0,3
1196645,8069.988993,58,e,2,3,1,3
1196646,8139.908107,58,e,3,4,0,2
1196647,8160.67897,58,e,1,5,1,2
1196652,8275.188096,58,e,2,3,1,2
1196653,8281.646655,58,e,0,7,1,1
1196656,8386.343623,58,e,3,4,0,1
1196657,8400.560707,58,e,1,5,1,1
1196658,8439.26969,58,e,4,2,0,1
1196660,8461.708634,58,e,5,0,0,1
1196661,8484.196364,58,e,2,3,1,1
1196662,8486.51913,58,e,1,2,2,2
1196664,8568.479685,58,e,0,4,2,1
1196665,8570.548554,58,e,2,0,2,2
1196667,8691.943384,58,e,2,0,2,1
1196678,9217.532922,58,e,4,1,1,5
1196682,9267.036767,58,e,3,3,1,4
1196688,9404.626284,58,e,4,1,1,4
1196689,9435.574173,58,e,5,2,0,3
1196691,9470.99489,58,e,6,0,0,3
1196692,9480.942325,58,e,3,3,1,3
1196700,9657.147305,58,e,5,2,0,2
1196704,9693.36163,58,e,3,3,1,2
1196709,9799.893648,58,e,3,0,2,3
1196712,9861.924228,58,e,2,2,2,2
1196715,9917.544098,58,e,3,0,2,2
1196716,9919.207857,58,e,3,3,1,1
1196718,9956.439826,58,e,4,1,1,1
1196722,10045.434336,58,e,2,2,2,1
1196724,10073.178068,58,e,3,0,2,1
1196727,10173.968982,58,e,0,3,3,1
1196745,10611.687888,58,e,5,1,1,5
1196755,10788.402396,58,e,5,1,1,4
1196767,10962.3235,58,e,5,1,1,3
1196792,11294.115222,58,e,2,1,3,3
1196796,11349.770104,58,e,1,3,3,2
1196806,11444.627197,58,e,3,2,2,1
1196807,11449.740531,58,e,2,1,3,2
1196810,11543.640173,58,e,1,3,3,1
1196813,11600.912721,58,e,2,1,3,1
1196827,11837.694036,58,e,1,0,4,1
1196963,13384.710442,58,e,0,1,5,1
1197121,14681.564141,58,e,1,1,5,1
1209483,3344.319929,58,f,0,3,0,1
1209485,4522.035963,58,f,2,1,0,3
1209487,4676.341162,58,f,2,1,0,2
1209488,4686.335596,58,f,0,5,0,1
1209492,5759.056181,58,f,3,1,0,4
1209493,5810.225614,58,f,2,3,0,3
1209494,5904.24896,58,f,1,5,0,2
1209495,5928.454886,58,f,3,1,0,3
1209496,6017.162865,58,f,2,3,0,2
1209497,6029.582153,58,f,0,7,0,1
1209498,6090.747042,58,f,3,1,0,2
1209499,6146.333182,58,f,1,5,0,1
1209500,6217.239199,58,f,1,2,1,2
1209501,6230.510985,58,f,2,3,0,1
1209502,6279.301042,58,f,3,1,0,1
1209503,6304.249042,58,f,0,4,1,1
1209506,6983.78862,58,f,4,1,0,5
1209507,7028.103111,58,f,3,3,0,4
1209509,7169.43173,58,f,4,1,0,4
1209511,7243.304246,58,f,3,3,0,3
1209512,7336.442753,58,f,4,1,0,3
1209513,7360.527306,58,f,2,5,0,2
1209515,7434.336219,58,f,2,2,1,3
1209516,7457.976441,58,f,3,3,0,2
1209518,7511.082418,58,f,1,4,1,2
1209519,7517.755837,58,f,4,1,0,2
1209520,7612.202147,58,f,2,5,0,1
1209522,7622.654559,58,f,0,6,1,1
1209523,7686.875401,58,f,3,3,0,1
1209524,7730.583897,58,f,4,1,0,1
1209525,7731.091926,58,f,1,4,1,1
1209526,7803.130426,58,f,2,2,1,1
1209527,7856.079816,58,f,1,1,2,2
1209528,7922.26771,58,f,0,3,2,1
1209540,8679.194043,58,f,4,3,0,3
1209542,8708.749742,58,f,2,4,1,3
1209545,8810.859578,58,f,1,6,1,2
1209549,8905.65277,58,f,4,3,0,2
1209550,8934.631027,58,f,2,4,1,2
1209552,8956.996783,58,f,5,1,0,2
1209554,9021.696527,58,f,3,2,1,2
1209555,9064.32747,58,f,2,1,2,3
1209556,9067.405318,58,f,1,6,1,1
1209558,9118.900033,58,f,1,3,2,2
1209559,9149.964708,58,f,4,3,0,1
1209560,9166.052292,58,f,2,4,1,1
1209561,9191.632965,58,f,5,1,0,1
1209563,9217.426894,58,f,2,1,2,2
1209565,9314.668719,58,f,1,3,2,1
1209566,9374.029748,58,f,2,1,2,1
1209585,10040.554175,58,f,4,2,1,4
1209594,10233.807306,58,f,4,2,1,3
1209607,10437.357148,58,f,4,2,1,2
1209626,10807.901288,58,f,0,4,3,1
1209638,11159.848533,58,f,0,1,4,1
1209701,12082.87455,58,f,2,2,3,2
1221379,4061.434901,59,f,0,4,0,1
1221382,5208.812901,59,f,2,2,0,3
1221383,5288.906987,59,f,1,4,0,2
1221385,5404.235476,59,f,0,6,0,1
1221386,5511.293512,59,f,1,4,0,1
1221387,5582.122255,59,f,2,2,0,1
1221389,5691.562433,59,f,0,3,1,1
1221392,6507.209393,59,f,2,4,0,3
1221393,6613.588218,59,f,1,6,0,2
1221394,6629.428133,59,f,3,2,0,3
1221395,6734.988726,59,f,2,4,0,2
1221396,6748.224756,59,f,0,8,0,1
1221397,6820.462231,59,f,3,2,0,2
1221399,6873.292375,59,f,1,6,0,1
1221401,6968.666192,59,f,2,4,0,1
1221403,7009.152535,59,f,0,5,1,1
1221404,7030.123438,59,f,3,2,0,1
1221411,7857.5203,59,f,4,2,0,4
1221414,8052.583812,59,f,4,2,0,3
1221418,8115.910174,59,f,2,3,1,3
1221419,8186.104913,59,f,3,4,0,2
1221420,8206.719523,59,f,1,5,1,2
1221424,8321.010558,59,f,2,3,1,2
1221425,8327.814085,59,f,0,7,1,1
1221428,8432.518217,59,f,3,4,0,1
1221429,8446.584883,59,f,1,5,1,1
1221430,8487.491104,59,f,4,2,0,1
1221431,8529.703519,59,f,1,2,2,2
1221432,8532.140628,59,f,2,3,1,1
1221434,8614.047813,59,f,0,4,2,1
1221443,9270.194988,59,f,4,1,1,5
1221446,9278.544241,59,f,5,2,0,4
1221447,9313.035545,59,f,3,3,1,4
1221453,9482.39257,59,f,5,2,0,3
1221455,9526.768567,59,f,3,3,1,3
1221465,9739.148304,59,f,3,3,1,2
1221472,9907.321564,59,f,2,2,2,2
1221475,9966.338143,59,f,3,3,1,1
1221476,10007.516054,59,f,4,1,1,1
1221479,10091.177231,59,f,2,2,2,1
1221483,10219.094932,59,f,0,3,3,1
1221506,10840.338981,59,f,5,1,1,4
1221516,11014.432997,59,f,5,1,1,3
1221537,11343.15782,59,f,2,1,3,3
1221540,11394.947178,59,f,1,3,3,2
1221548,11491.549117,59,f,3,2,2,1
1221549,11497.434733,59,f,2,1,3,2
1221551,11588.765969,59,f,1,3,3,1
1221554,11649.476449,59,f,2,1,3,1
1221678,13430.775528,59,f,0,1,5,1
1221815,14728.205052,59,f,1,1,5,1
1233215,3390.503652,59,e,0,3,0,1
1233218,4563.640816,59,e,2,1,0,3
1233219,4628.746762,59,e,1,3,0,2
1233221,4732.68219,59,e,0,5,0,1
1233228,5856.457767,59,e,2,3,0,3
1233229,5950.620772,59,e,1,5,0,2
1233231,6063.315973,59,e,2,3,0,2
1233232,6076.086115,59,e,0,7,0,1
1233233,6131.504626,59,e,3,1,0,2
1233234,6192.651605,59,e,1,5,0,1
1233236,6263.157243,59,e,1,2,1,2
1233237,6276.646218,59,e,2,3,0,1
1233238,6318.957111,59,e,3,1,0,1
1233240,6350.166571,59,e,0,4,1,1
1233244,7022.724554,59,e,4,1,0,5
1233245,7074.355768,59,e,3,3,0,4
1233249,7289.458251,59,e,3,3,0,3
1233251,7406.845903,59,e,2,5,0,2
1233255,7504.083947,59,e,3,3,0,2
1233257,7556.780849,59,e,4,1,0,2
1233258,7557.066639,59,e,1,4,1,2
1233260,7658.475628,59,e,2,5,0,1
1233262,7668.760446,59,e,0,6,1,1
1233264,7732.939375,59,e,3,3,0,1
1233266,7776.934462,59,e,1,4,1,1
1233269,7898.364317,59,e,1,1,2,2
1233270,7967.744821,59,e,0,3,2,1
1233276,8437.538688,59,e,5,1,0,5
1233281,8614.563897,59,e,5,1,0,4
1233283,8686.570237,59,e,3,2,1,4
1233284,8725.279269,59,e,4,3,0,3
1233286,8754.742748,59,e,2,4,1,3
1233288,8791.116709,59,e,5,1,0,3
1233292,8879.090614,59,e,3,2,1,3
1233294,8951.663,59,e,4,3,0,2
1233296,8980.545214,59,e,2,4,1,2
1233303,9113.463124,59,e,1,6,1,1
1233305,9164.412491,59,e,1,3,2,2
1233306,9195.805658,59,e,4,3,0,1
1233307,9211.966034,59,e,2,4,1,1
1233308,9227.088516,59,e,5,1,0,1
1233313,9360.138771,59,e,1,3,2,1
1233314,9415.44757,59,e,2,1,2,1
1233327,9858.415747,59,e,5,0,1,6
1233337,10086.725696,59,e,4,2,1,4
1233344,10217.725902,59,e,6,1,0,3
1233347,10279.207155,59,e,4,2,1,3
1233351,10330.403112,59,e,5,0,1,3
1233360,10468.276878,59,e,3,1,2,3
1233361,10482.236815,59,e,4,2,1,2
1233362,10509.869427,59,e,5,0,1,2
1233368,10626.551932,59,e,3,1,2,2
1233383,10853.119485,59,e,0,4,3,1
1233398,11202.534584,59,e,0,1,4,1
1233420,11555.930079,59,e,6,0,1,4
1233449,11921.379105,59,e,3,0,3,4
1233462,12070.480664,59,e,3,0,3,3
1233475,12186.38922,59,e,3,0,3,2
1233486,12337.169744,59,e,3,0,3,1
1233521,12821.764393,59,e,0,0,5,1
1233644,14000.047376,59,e,1,0,5,2
1233656,14099.208194,59,e,1,0,5,1
1233820,15281.190993,59,e,2,0,5,2
1233833,15391.800463,59,e,2,0,5,1
1246006,4095.158584,60,e,2,0,0,2
1246007,4108.481369,60,e,0,4,0,1
1246011,5223.777809,60,e,3,0,0,4
1246012,5256.161488,60,e,2,2,0,3
1246013,5335.978843,60,e,1,4,0,2
1246014,5366.208961,60,e,3,0,0,3
1246015,5438.601073,60,e,2,2,0,2
1246016,5451.443905,60,e,0,6,0,1
1246017,5488.872669,60,e,3,0,0,2
1246018,5558.317359,60,e,1,4,0,1
1246019,5628.397602,60,e,2,2,0,1
1246020,5655.176291,60,e,3,0,0,1
1246025,6455.195845,60,e,4,0,0,5
1246026,6483.321223,60,e,3,2,0,4
1246027,6554.315171,60,e,2,4,0,3
1246028,6622.390124,60,e,4,0,0,4
1246029,6660.821899,60,e,1,6,0,2
1246030,6676.403794,60,e,3,2,0,3
1246031,6750.734622,60,e,4,0,0,3
1246032,6782.008461,60,e,2,4,0,2
1246034,6866.796537,60,e,3,2,0,2
1246036,6902.450473,60,e,4,0,0,2
1246037,6920.465379,60,e,1,6,0,1
1246038,6955.660517,60,e,1,3,1,2
1246039,7015.670882,60,e,2,4,0,1
1246041,7055.932333,60,e,0,5,1,1
1246042,7075.773228,60,e,3,2,0,1
1246043,7099.426021,60,e,4,0,0,1
1246046,7320.48371,60,e,1,0,2,2
1246048,7420.376478,60,e,1,0,2,1
1246054,7904.847557,60,e,4,2,0,4
1246058,8098.952959,60,e,4,2,0,3
1246062,8147.954554,60,e,5,0,0,3
1246063,8162.576381,60,e,2,3,1,3
1246064,8233.078909,60,e,3,4,0,2
1246065,8253.536133,60,e,1,5,1,2
1246068,8304.226118,60,e,4,2,0,2
1246070,8367.598779,60,e,2,3,1,2
1246071,8374.76001,60,e,0,7,1,1
1246074,8479.462139,60,e,3,4,0,1
1246075,8493.385317,60,e,1,5,1,1
1246076,8532.038543,60,e,4,2,0,1
1246077,8541.558933,60,e,2,0,2,3
1246078,8554.933594,60,e,5,0,0,1
1246079,8576.124431,60,e,1,2,2,2
1246080,8578.678894,60,e,2,3,1,1
1246082,8660.384275,60,e,0,4,2,1
1246083,8661.597235,60,e,2,0,2,2
1246096,9309.765946,60,e,4,1,1,5
1246100,9359.726795,60,e,3,3,1,4
1246107,9528.230022,60,e,5,2,0,3
1246110,9573.382151,60,e,3,3,1,3
1246118,9749.769596,60,e,5,2,0,2
1246122,9785.784089,60,e,3,3,1,2
1246127,9890.962282,60,e,3,0,2,3
1246130,9953.439946,60,e,2,2,2,2
1246133,10008.633007,60,e,3,0,2,2
1246134,10011.761811,60,e,3,3,1,1
1246136,10048.740276,60,e,4,1,1,1
1246140,10136.990335,60,e,2,2,2,1
1246142,10164.670788,60,e,3,0,2,1
1246145,10264.97927,60,e,0,3,3,1
1246173,10880.011824,60,e,5,1,1,4
1246185,11054.023967,60,e,5,1,1,3
1246210,11384.871076,60,e,2,1,3,3
1246222,11535.706345,60,e,2,1,3,2
1246225,11540.876723,60,e,3,2,2,1
1246231,11691.5039,60,e,2,1,3,1
1246381,13473.836376,60,e,0,1,5,1
1258901,3437.46926,60,f,0,3,0,1
1258903,4615.120532,60,f,2,1,0,3
1258905,4769.209318,60,f,2,1,0,2
1258906,4779.810153,60,f,0,5,0,1
1258909,5079.840426,60,f,0,2,1,1
1258910,5852.2864,60,f,3,1,0,4
1258911,5903.499795,60,f,2,3,0,3
1258912,5997.77412,60,f,1,5,0,2
1258913,6021.327466,60,f,3,1,0,3
1258914,6110.258388,60,f,2,3,0,2
1258915,6123.373983,60,f,0,7,0,1
1258916,6183.655655,60,f,3,1,0,2
1258917,6239.750982,60,f,1,5,0,1
1258918,6309.558555,60,f,1,2,1,2
1258919,6323.615668,60,f,2,3,0,1
1258920,6372.47735,60,f,3,1,0,1
1258921,6396.858353,60,f,0,4,1,1
1258927,7262.37293,60,f,4,1,0,4
1258929,7336.406784,60,f,3,3,0,3
1258930,7429.240855,60,f,4,1,0,3
1258931,7453.945211,60,f,2,5,0,2
1258933,7526.738675,60,f,2,2,1,3
1258934,7551.009745,60,f,3,3,0,2
1258936,7603.757313,60,f,1,4,1,2
1258937,7610.777706,60,f,4,1,0,2
1258938,7705.528439,60,f,2,5,0,1
1258940,7715.644385,60,f,0,6,1,1
1258941,7779.956974,60,f,3,3,0,1
1258942,7823.524057,60,f,1,4,1,1
1258943,7824.048634,60,f,4,1,0,1
1258944,7895.436566,60,f,2,2,1,1
1258945,7947.619326,60,f,1,1,2,2
1258946,8013.991367,60,f,0,3,2,1
1258958,8772.171081,60,f,4,3,0,3
1258960,8801.510505,60,f,2,4,1,3
1258967,8998.61978,60,f,4,3,0,2
1258968,9027.242217,60,f,2,4,1,2
1258970,9050.14546,60,f,5,1,0,2
1258973,9156.025566,60,f,2,1,2,3
1258974,9160.298214,60,f,1,6,1,1
1258976,9210.702044,60,f,1,3,2,2
1258977,9242.889908,60,f,4,3,0,1
1258978,9258.764224,60,f,2,4,1,1
1258983,9406.383174,60,f,1,3,2,1
1258984,9465.605751,60,f,2,1,2,1
1259003,10132.822193,60,f,4,2,1,4
1259012,10325.937116,60,f,4,2,1,3
1259025,10529.663785,60,f,4,2,1,2
1259044,10899.100129,60,f,0,4,3,1
1259047,10988.071471,60,f,1,2,3,1
1270797,4156.307717,61,f,0,4,0,1
1270800,5303.463631,61,f,2,2,0,3
1270801,5383.830536,61,f,1,4,0,2
1270803,5499.434766,61,f,0,6,0,1
1270804,5606.121153,61,f,1,4,0,1
1270805,5676.679136,61,f,2,2,0,1
1270807,5785.544464,61,f,0,3,1,1
1270809,6530.24772,61,f,3,2,0,4
1270810,6602.200419,61,f,2,4,0,3
1270812,6723.89563,61,f,3,2,0,3
1270813,6829.807612,61,f,2,4,0,2
1270815,6914.908111,61,f,3,2,0,2
1270817,6968.420254,61,f,1,6,0,1
1270819,7063.457008,61,f,2,4,0,1
1270821,7103.487649,61,f,0,5,1,1
1270822,7124.722522,61,f,3,2,0,1
1270824,7258.81197,61,f,2,1,1,1
1270825,7414.918961,61,f,0,2,2,1
1270829,7952.00844,61,f,4,2,0,4
1270836,8210.047184,61,f,2,3,1,3
1270837,8280.832879,61,f,3,4,0,2
1270838,8301.128656,61,f,1,5,1,2
1270842,8414.966812,61,f,2,3,1,2
1270843,8422.484227,61,f,0,7,1,1
1270846,8527.191998,61,f,3,4,0,1
1270847,8540.963811,61,f,1,5,1,1
1270848,8582.104307,61,f,4,2,0,1
1270849,8623.071565,61,f,1,2,2,2
1270850,8625.921962,61,f,2,3,1,1
1270852,8707.488893,61,f,0,4,2,1
1270861,9364.412635,61,f,4,1,1,5
1270863,9372.877806,61,f,5,2,0,4
1270865,9407.281765,61,f,3,3,1,4
1270871,9576.724809,61,f,5,2,0,3
1270873,9620.751226,61,f,3,3,1,3
1270883,9833.106544,61,f,3,3,1,2
1270890,10000.385738,61,f,2,2,2,2
1270894,10101.704553,61,f,4,1,1,1
1270897,10184.315551,61,f,2,2,2,1
1270901,10311.62705,61,f,0,3,3,1
1270924,10933.914743,61,f,5,1,1,4
1270954,11435.682275,61,f,2,1,3,3
1270965,11584.600318,61,f,3,2,2,1
1270967,11589.957584,61,f,2,1,3,2
1270972,11741.835209,61,f,2,1,3,1
1271096,13521.518297,61,f,0,1,5,1
1282637,4723.502942,61,e,1,3,0,2
1282639,4827.719273,61,e,0,5,0,1
1282646,5951.287315,61,e,2,3,0,3
1282647,6045.708772,61,e,1,5,0,2
1282649,6157.966314,61,e,2,3,0,2
1282650,6171.445541,61,e,0,7,0,1
1282651,6225.599423,61,e,3,1,0,2
1282652,6287.63109,61,e,1,5,0,1
1282655,6371.300991,61,e,2,3,0,1
1282656,6413.238082,61,e,3,1,0,1
1282658,6444.324111,61,e,0,4,1,1
1282662,7117.176975,61,e,4,1,0,5
1282667,7384.114755,61,e,3,3,0,3
1282668,7470.449987,61,e,4,1,0,3
1282669,7501.824997,61,e,2,5,0,2
1282673,7598.667431,61,e,3,3,0,2
1282675,7650.873417,61,e,4,1,0,2
1282676,7651.284495,61,e,1,4,1,2
1282678,7753.359854,61,e,2,5,0,1
1282680,7763.306234,61,e,0,6,1,1
1282682,7827.556436,61,e,3,3,0,1
1282684,7871.078086,61,e,1,4,1,1
1282688,8061.001717,61,e,0,3,2,1
1282689,8131.430514,61,e,1,1,2,1
1282694,8531.643597,61,e,5,1,0,5
1282698,8708.392708,61,e,5,1,0,4
1282701,8780.714546,61,e,3,2,1,4
1282702,8819.806436,61,e,4,3,0,3
1282704,8849.05362,61,e,2,4,1,3
1282706,8884.996107,61,e,5,1,0,3
1282710,8972.873262,61,e,3,2,1,3
1282712,9046.158155,61,e,4,3,0,2
1282714,9074.703468,61,e,2,4,1,2
1282721,9207.910388,61,e,1,6,1,1
1282724,9290.23102,61,e,4,3,0,1
1282725,9306.213388,61,e,2,4,1,1
1282726,9321.336384,61,e,5,1,0,1
1282727,9351.702864,61,e,2,1,2,2
1282731,9453.38631,61,e,1,3,2,1
1282732,9508.28128,61,e,2,1,2,1
1282755,10180.585329,61,e,4,2,1,4
1282761,10286.501602,61,e,5,0,1,4
1282762,10311.629936,61,e,6,1,0,3
1282765,10372.827442,61,e,4,2,1,3
1282769,10423.66723,61,e,5,0,1,3
1282778,10560.96321,61,e,3,1,2,3
1282779,10575.990141,61,e,4,2,1,2
1282780,10603.624384,61,e,5,0,1,2
1282798,10866.112569,61,e,1,2,3,2
1282805,11034.504387,61,e,1,2,3,1
1282867,12013.753605,61,e,3,0,3,4
1282880,12162.371713,61,e,3,0,3,3
1282893,12278.270177,61,e,3,0,3,2
1282904,12429.45366,61,e,3,0,3,1
1282939,12912.244592,61,e,0,0,5,1
1283062,14090.671508,61,e,1,0,5,2
1283074,14189.648928,61,e,1,0,5,1
1283238,15371.569602,61,e,2,0,5,2
1283251,15482.373462,61,e,2,0,5,1
1295425,4204.913702,62,e,0,4,0,1
1295426,4287.912807,62,e,1,2,0,1
1295429,5319.77266,62,e,3,0,0,4
1295430,5352.417688,62,e,2,2,0,3
1295431,5432.462193,62,e,1,4,0,2
1295432,5461.740863,62,e,3,0,0,3
1295434,5548.207841,62,e,0,6,0,1
1295435,5584.532577,62,e,3,0,0,2
1295436,5654.70387,62,e,1,4,0,1
1295437,5724.421003,62,e,2,2,0,1
1295438,5751.229994,62,e,3,0,0,1
1295443,6551.277886,62,e,4,0,0,5
1295444,6579.71495,62,e,3,2,0,4
1295445,6650.866677,62,e,2,4,0,3
1295446,6717.990631,62,e,4,0,0,4
1295448,6772.435177,62,e,3,2,0,3
1295449,6846.139678,62,e,4,0,0,3
1295450,6878.385577,62,e,2,4,0,2
1295452,6962.719766,62,e,3,2,0,2
1295454,6998.282295,62,e,4,0,0,2
1295455,7017.15678,62,e,1,6,0,1
1295456,7051.251775,62,e,1,3,1,2
1295457,7112.01946,62,e,2,4,0,1
1295459,7151.818152,62,e,0,5,1,1
1295460,7171.753177,62,e,3,2,0,1
1295461,7195.638687,62,e,4,0,0,1
1295462,7248.980344,62,e,1,3,1,1
1295466,7514.614046,62,e,1,0,2,1
1295472,8000.942423,62,e,4,2,0,4
1295476,8194.772589,62,e,4,2,0,3
1295480,8243.51189,62,e,5,0,0,3
1295481,8258.256875,62,e,2,3,1,3
1295482,8329.363112,62,e,3,4,0,2
1295483,8349.49679,62,e,1,5,1,2
1295486,8400.083392,62,e,4,2,0,2
1295487,8428.735862,62,e,5,0,0,2
1295488,8463.098687,62,e,2,3,1,2
1295489,8470.986529,62,e,0,7,1,1
1295492,8575.688102,62,e,3,4,0,1
1295493,8589.317909,62,e,1,5,1,1
1295494,8627.898204,62,e,4,2,0,1
1295495,8636.007872,62,e,2,0,2,3
1295496,8651.292632,62,e,5,0,0,1
1295497,8671.013684,62,e,1,2,2,2
1295498,8674.03359,62,e,2,3,1,1
1295500,8755.36143,62,e,0,4,2,1
1295501,8755.690996,62,e,2,0,2,2
1295514,9405.077362,62,e,4,1,1,5
1295518,9455.51217,62,e,3,3,1,4
1295525,9623.975567,62,e,5,2,0,3
1295528,9668.911673,62,e,3,3,1,3
1295540,9881.30152,62,e,3,3,1,2
1295545,9985.072747,62,e,3,0,2,3
1295547,10047.956451,62,e,2,2,2,2
1295551,10102.76236,62,e,3,0,2,2
1295554,10144.139504,62,e,4,1,1,1
1295558,10231.607476,62,e,2,2,2,1
1295560,10259.230631,62,e,3,0,2,1
1295576,10721.0745,62,e,0,0,4,1
1295591,10974.683565,62,e,5,1,1,4
1295628,11478.661424,62,e,2,1,3,3
1295640,11629.677591,62,e,2,1,3,2
1295642,11635.221205,62,e,3,2,2,1
1295649,11785.128004,62,e,2,1,3,1
1295798,13565.942328,62,e,0,1,5,1
1308319,3533.732836,62,f,0,3,0,1
1308321,4711.313248,62,f,2,1,0,3
1308323,4865.182944,62,f,2,1,0,2
1308324,4876.409338,62,f,0,5,0,1
1308328,5948.627438,62,f,3,1,0,4
1308329,5999.890357,62,f,2,3,0,3
1308330,6094.424508,62,f,1,5,0,2
1308331,6117.303009,62,f,3,1,0,3
1308332,6206.465697,62,f,2,3,0,2
1308333,6220.300565,62,f,0,7,0,1
1308334,6279.67365,62,f,3,1,0,2
1308335,6336.291734,62,f,1,5,0,1
1308336,6404.963077,62,f,1,2,1,2
1308337,6419.833481,62,f,2,3,0,1
1308338,6468.774054,62,f,3,1,0,1
1308339,6492.563722,62,f,0,4,1,1
1308345,7358.41653,62,f,4,1,0,4
1308347,7432.620255,62,f,3,3,0,3
1308349,7550.485048,62,f,2,5,0,2
1308351,7622.227395,62,f,2,2,1,3
1308352,7647.152847,62,f,3,3,0,2
1308354,7699.529719,62,f,1,4,1,2
1308355,7706.914637,62,f,4,1,0,2
1308356,7801.969729,62,f,2,5,0,1
1308358,7811.745868,62,f,0,6,1,1
1308359,7876.150172,62,f,3,3,0,1
1308360,7919.261423,62,f,1,4,1,1
1308361,7920.430836,62,f,4,1,0,1
1308362,7990.832221,62,f,2,2,1,1
1308364,8108.781649,62,f,0,3,2,1
1308375,8828.013737,62,f,3,2,1,4
1308378,8897.371202,62,f,2,4,1,3
1308385,9094.69352,62,f,4,3,0,2
1308386,9122.94986,62,f,2,4,1,2
1308391,9250.7853,62,f,2,1,2,3
1308396,9354.582032,62,f,2,4,1,1
1308399,9403.349146,62,f,2,1,2,2
1308400,9415.826734,62,f,3,2,1,1
1308401,9501.165145,62,f,1,3,2,1
1308421,10228.171755,62,f,4,2,1,4
1308430,10421.147976,62,f,4,2,1,3
1320215,4254.299147,63,f,0,4,0,1
1320218,5401.222813,63,f,2,2,0,3
1320219,5481.873188,63,f,1,4,0,2
1320221,5597.762909,63,f,0,6,0,1
1320222,5704.066235,63,f,1,4,0,1
1320223,5774.347448,63,f,2,2,0,1
1320225,5882.616123,63,f,0,3,1,1
1320227,6628.092825,63,f,3,2,0,4
1320228,6700.311696,63,f,2,4,0,3
1320230,6821.467045,63,f,3,2,0,3
1320231,6927.742572,63,f,2,4,0,2
1320233,7012.46067,63,f,3,2,0,2
1320235,7066.674737,63,f,1,6,0,1
1320236,7100.212805,63,f,1,3,1,2
1320237,7161.36365,63,f,2,4,0,1
1320239,7200.923769,63,f,0,5,1,1
1320240,7222.435615,63,f,3,2,0,1
1320243,7511.053104,63,f,0,2,2,1
1320247,8049.599147,63,f,4,2,0,4
1320254,8307.276768,63,f,2,3,1,3
1320255,8378.67338,63,f,3,4,0,2
1320256,8398.64042,63,f,1,5,1,2
1320259,8450.537976,63,f,4,2,0,2
1320260,8512.011586,63,f,2,3,1,2
1320261,8520.266704,63,f,0,7,1,1
1320264,8624.972294,63,f,3,4,0,1
1320265,8638.4503,63,f,1,5,1,1
1320266,8679.833042,63,f,4,2,0,1
1320267,8719.420009,63,f,1,2,2,2
1320268,8722.876412,63,f,2,3,1,1
1320279,9461.719222,63,f,4,1,1,5
1320289,9674.160197,63,f,5,2,0,3
1320291,9717.822139,63,f,3,3,1,3
1320301,9930.155505,63,f,3,3,1,2
1320303,9989.924144,63,f,4,1,1,2
1320304,9990.449179,63,f,1,4,2,2
1320307,10096.455167,63,f,2,2,2,2
1320312,10198.996862,63,f,4,1,1,1
1320319,10407.201134,63,f,0,3,3,1
1320372,11531.244238,63,f,2,1,3,3
1320383,11680.612834,63,f,3,2,2,1
1320384,11685.633136,63,f,2,1,3,2
1320389,11837.233722,63,f,2,1,3,1
1320513,13615.244284,63,f,0,1,5,1
1332055,4821.372855,63,e,1,3,0,2
1332057,4925.880126,63,e,0,5,0,1
1332059,5072.822049,63,e,2,1,0,1
1332064,6049.231846,63,e,2,3,0,3
1332065,6143.921086,63,e,1,5,0,2
1332066,6160.802622,63,e,3,1,0,3
1332067,6255.727325,63,e,2,3,0,2
1332068,6269.938832,63,e,0,7,0,1
1332069,6322.790039,63,e,3,1,0,2
1332070,6385.732677,63,e,1,5,0,1
1332072,6454.002175,63,e,1,2,1,2
1332073,6469.066769,63,e,2,3,0,1
1332074,6510.62291,63,e,3,1,0,1
1332076,6541.576874,63,e,0,4,1,1
1332080,7214.728855,63,e,4,1,0,5
1332085,7481.880986,63,e,3,3,0,3
1332087,7599.925119,63,e,2,5,0,2
1332091,7696.358857,63,e,3,3,0,2
1332094,7748.603088,63,e,1,4,1,2
1332096,7851.355842,63,e,2,5,0,1
1332098,7860.963149,63,e,0,6,1,1
1332100,7925.280343,63,e,3,3,0,1
1332102,7968.317956,63,e,1,4,1,1
1332105,8087.146668,63,e,1,1,2,2
1332106,8157.324376,63,e,0,3,2,1
1332116,8805.305072,63,e,5,1,0,4
1332118,8850.835791,63,e,4,0,1,5
1332119,8877.953329,63,e,3,2,1,4
1332122,8946.464313,63,e,2,4,1,3
1332124,8981.964796,63,e,5,1,0,3
1332128,9069.737455,63,e,3,2,1,3
1332132,9171.956996,63,e,2,4,1,2
1332134,9185.805256,63,e,5,1,0,2
1332143,9403.561253,63,e,2,4,1,1
1332144,9418.69788,63,e,5,1,0,1
1332145,9447.45657,63,e,2,1,2,2
1332147,9463.705881,63,e,3,2,1,1
1332149,9549.700447,63,e,1,3,2,1
1332173,10277.52887,63,e,4,2,1,4
1332179,10382.552168,63,e,5,0,1,4
1332180,10408.625632,63,e,6,1,0,3
1332183,10469.520385,63,e,4,2,1,3
1332187,10520.006678,63,e,5,0,1,3
1332198,10700.473516,63,e,5,0,1,2
1332216,10961.634898,63,e,1,2,3,2
1332223,11129.861221,63,e,1,2,3,1
1332298,12257.280253,63,e,3,0,3,3
1332311,12373.231525,63,e,3,0,3,2
1332355,13005.699679,63,e,0,0,5,1
1332480,14184.272292,63,e,1,0,5,2
1332490,14283.065832,63,e,1,0,5,1
1332654,15464.918937,63,e,2,0,5,2
1332667,15575.929942,63,e,2,0,5,1
1344842,4289.424566,64,e,2,0,0,2
1344843,4304.463788,64,e,0,4,0,1
1344847,5418.864423,64,e,3,0,0,4
1344848,5451.785236,64,e,2,2,0,3
1344849,5532.063732,64,e,1,4,0,2
1344850,5560.359196,64,e,3,0,0,3
1344851,5633.736169,64,e,2,2,0,2
1344852,5648.099744,64,e,0,6,0,1
1344853,5683.291626,64,e,3,0,0,2
1344854,5754.206955,64,e,1,4,0,1
1344855,5823.545519,64,e,2,2,0,1
1344856,5850.397738,64,e,3,0,0,1
1344861,6650.456542,64,e,4,0,0,5
1344862,6679.22493,64,e,3,2,0,4
1344863,6750.537483,64,e,2,4,0,3
1344864,6816.675938,64,e,4,0,0,4
1344866,6871.569473,64,e,3,2,0,3
1344867,6944.633442,64,e,4,0,0,3
1344868,6977.877854,64,e,2,4,0,2
1344870,7061.739978,64,e,3,2,0,2
1344872,7097.222641,64,e,4,0,0,2
1344873,7116.973899,64,e,1,6,0,1
1344874,7149.932532,64,e,1,3,1,2
1344875,7211.482883,64,e,2,4,0,1
1344877,7250.804125,64,e,0,5,1,1
1344878,7270.829341,64,e,3,2,0,1
1344879,7294.976581,64,e,4,0,0,1
1344881,7400.243213,64,e,2,1,1,1
1344882,7512.135137,64,e,1,0,2,2
1344884,7611.902109,64,e,1,0,2,1
1344888,8057.005655,64,e,5,0,0,5
1344890,8100.142361,64,e,4,2,0,4
1344894,8293.678506,64,e,4,2,0,3
1344898,8342.168733,64,e,5,0,0,3
1344899,8357.028558,64,e,2,3,1,3
1344900,8428.758828,64,e,3,4,0,2
1344901,8448.559197,64,e,1,5,1,2
1344904,8499.031975,64,e,4,2,0,2
1344905,8527.863616,64,e,5,0,0,2
1344906,8561.686125,64,e,2,3,1,2
1344907,8570.324538,64,e,0,7,1,1
1344910,8675.018964,64,e,3,4,0,1
1344911,8688.35747,64,e,1,5,1,1
1344912,8726.84682,64,e,4,2,0,1
1344913,8733.506029,64,e,2,0,2,3
1344914,8750.78479,64,e,5,0,0,1
1344915,8768.896156,64,e,1,2,2,2
1344916,8772.54806,64,e,2,3,1,1
1344918,8852.828402,64,e,2,0,2,2
1344932,9503.465022,64,e,4,1,1,5
1344942,9689.3934,64,e,4,1,1,4
1344946,9767.529258,64,e,3,3,1,3
1344958,9979.914084,64,e,3,3,1,2
1344960,10032.457671,64,e,4,1,1,2
1344963,10082.223241,64,e,3,0,2,3
1344969,10199.938522,64,e,3,0,2,2
1344972,10242.63785,64,e,4,1,1,1
1344993,10816.795219,64,e,0,0,4,1
1345046,11575.485224,64,e,2,1,3,3
1345058,11726.553713,64,e,2,1,3,2
1345060,11732.759885,64,e,3,2,2,1
1345067,11881.783869,64,e,2,1,3,1
1345216,13661.02673,64,e,0,1,5,1
1357737,3633.108978,64,f,0,3,0,1
1357739,4810.612071,64,f,2,1,0,3
1357740,4871.482097,64,f,1,3,0,2
1357741,4964.260469,64,f,2,1,0,2
1357742,4976.131418,64,f,0,5,0,1
1357744,5128.334048,64,f,2,1,0,1
1357746,6048.077042,64,f,3,1,0,4
1357747,6099.395405,64,f,2,3,0,3
1357748,6194.19828,64,f,1,5,0,2
1357749,6216.379697,64,f,3,1,0,3
1357750,6305.783046,64,f,2,3,0,2
1357751,6320.360112,64,f,0,7,0,1
1357752,6378.7997,64,f,3,1,0,2
1357753,6435.953723,64,f,1,5,0,1
1357754,6503.450982,64,f,1,2,1,2
1357755,6519.162807,64,f,2,3,0,1
1357756,6568.189994,64,f,3,1,0,1
1357757,6591.363469,64,f,0,4,1,1
1357763,7457.560438,64,f,4,1,0,4
1357765,7531.942799,64,f,3,3,0,3
1357769,7720.800434,64,f,2,2,1,3
1357770,7746.404031,64,f,3,3,0,2
1357772,7798.399407,64,f,1,4,1,2
1357773,7806.165472,64,f,4,1,0,2
1357774,7901.51539,64,f,2,5,0,1
1357775,7902.134908,64,f,2,2,1,2
1357776,7910.957966,64,f,0,6,1,1
1357777,7975.45333,64,f,3,3,0,1
1357778,8018.058346,64,f,1,4,1,1
1357779,8019.973566,64,f,4,1,0,1
1357780,8089.316106,64,f,2,2,1,1
1357782,8206.636911,64,f,0,3,2,1
1357793,8926.688186,64,f,3,2,1,4
1357796,8996.332869,64,f,2,4,1,3
1357801,9119.147578,64,f,3,2,1,3
1357803,9193.872193,64,f,4,3,0,2
1357804,9221.752336,64,f,2,4,1,2
1357809,9348.604647,64,f,2,1,2,3
1357814,9453.504772,64,f,2,4,1,1
1357817,9500.894156,64,f,2,1,2,2
1357819,9599.013122,64,f,1,3,2,1
1357820,9657.953953,64,f,2,1,2,1
1357839,10326.600992,64,f,4,2,1,4
1357848,10519.438378,64,f,4,2,1,3
1357877,11010.315937,64,f,1,2,3,2
1369633,4355.407456,65,f,0,4,0,1
1369636,5502.088469,65,f,2,2,0,3
1369637,5583.03309,65,f,1,4,0,2
1369638,5684.591958,65,f,2,2,0,2
1369639,5699.218116,65,f,0,6,0,1
1369640,5805.127047,65,f,1,4,0,1
1369641,5875.125794,65,f,2,2,0,1
1369643,5982.775721,65,f,0,3,1,1
1369645,6729.04522,65,f,3,2,0,4
1369648,6922.140563,65,f,3,2,0,3
1369649,7028.791787,65,f,2,4,0,2
1369651,7113.118414,65,f,3,2,0,2
1369653,7168.054037,65,f,1,6,0,1
1369654,7200.438856,65,f,1,3,1,2
1369655,7262.384348,65,f,2,4,0,1
1369657,7301.459185,65,f,0,5,1,1
1369658,7323.261467,65,f,3,2,0,1
1369659,7398.04095,65,f,1,3,1,1
1369665,8150.290416,65,f,4,2,0,4
1369672,8407.597016,65,f,2,3,1,3
1369673,8479.624508,65,f,3,4,0,2
1369674,8499.253044,65,f,1,5,1,2
1369677,8551.217202,65,f,4,2,0,2
1369678,8612.143175,65,f,2,3,1,2
1369682,8725.856557,65,f,3,4,0,1
1369683,8739.04337,65,f,1,5,1,1
1369684,8780.676131,65,f,4,2,0,1
1369685,8818.778349,65,f,1,2,2,2
1369686,8822.971314,65,f,2,3,1,1
1369689,8989.646523,65,f,1,2,2,1
1369697,9562.112361,65,f,4,1,1,5
1369706,9746.783159,65,f,4,1,1,4
1369709,9817.979486,65,f,3,3,1,3
1369712,9911.94676,65,f,4,1,1,3
1369719,10030.293844,65,f,3,3,1,2
1369721,10089.892193,65,f,4,1,1,2
1369722,10090.180674,65,f,1,4,2,2
1369737,10505.815526,65,f,0,3,3,1
1369790,11629.841409,65,f,2,1,3,3
1369800,11779.548257,65,f,3,2,2,1
1369802,11784.498481,65,f,2,1,3,2
1369807,11935.672115,65,f,2,1,3,1
1381473,4922.354655,65,e,1,3,0,2
1381475,5027.162986,65,e,0,5,0,1
1381482,6150.28939,65,e,2,3,0,3
1381483,6245.255838,65,e,1,5,0,2
1381484,6261.075805,65,e,3,1,0,3
1381485,6356.597191,65,e,2,3,0,2
1381486,6371.564174,65,e,0,7,0,1
1381487,6423.075074,65,e,3,1,0,2
1381488,6486.954618,65,e,1,5,0,1
1381490,6554.051064,65,e,1,2,1,2
1381491,6569.941694,65,e,2,3,0,1
1381492,6611.110351,65,e,3,1,0,1
1381494,6641.923153,65,e,0,4,1,1
1381497,6962.948513,65,e,0,1,2,1
1381498,7315.37803,65,e,4,1,0,5
1381501,7500.866233,65,e,4,1,0,4
1381503,7582.755015,65,e,3,3,0,3
1381504,7667.600194,65,e,4,1,0,3
1381509,7797.156308,65,e,3,3,0,2
1381510,7848.338492,65,e,4,1,0,2
1381511,7848.58458,65,e,1,7,0,1
1381512,7849.024824,65,e,1,4,1,2
1381516,7961.730184,65,e,0,6,1,1
1381518,8026.1088,65,e,3,3,0,1
1381520,8068.652583,65,e,1,4,1,1
1381524,8256.711117,65,e,0,3,2,1
1381534,8905.299274,65,e,5,1,0,4
1381537,8978.284584,65,e,3,2,1,4
1381540,9046.982792,65,e,2,4,1,3
1381542,9082.021452,65,e,5,1,0,3
1381546,9169.681354,65,e,3,2,1,3
1381550,9272.304068,65,e,2,4,1,2
1381552,9286.110746,65,e,5,1,0,2
1381561,9504.007573,65,e,2,4,1,1
1381563,9546.256826,65,e,2,1,2,2
1381565,9563.733864,65,e,3,2,1,1
1381566,9586.845885,65,e,4,0,1,1
1381567,9649.07962,65,e,1,3,2,1
1381589,10337.660256,65,e,5,0,1,5
1381597,10481.658979,65,e,5,0,1,4
1381601,10569.283425,65,e,4,2,1,3
1381605,10619.420803,65,e,5,0,1,3
1381634,11060.201343,65,e,1,2,3,2
1381641,11228.251914,65,e,1,2,3,1
1381716,12355.204418,65,e,3,0,3,3
1381728,12470.434435,65,e,7,1,0,1
1381729,12471.670744,65,e,3,0,3,2
1381773,13102.128076,65,e,0,0,5,1
1381898,14280.847873,65,e,1,0,5,2
1381908,14379.457604,65,e,1,0,5,1
1382072,15561.237451,65,e,2,0,5,2
1394260,4391.194378,66,e,2,0,0,2
1394261,4407.129863,66,e,0,4,0,1
1394265,5521.050843,66,e,3,0,0,4
1394266,5554.262177,66,e,2,2,0,3
1394267,5634.781575,66,e,1,4,0,2
1394268,5662.062104,66,e,3,0,0,3
1394269,5735.956036,66,e,2,2,0,2
1394270,5751.117795,66,e,0,6,0,1
1394271,5785.148762,66,e,3,0,0,2
1394272,5856.824871,66,e,1,4,0,1
1394273,5925.769066,66,e,2,2,0,1
1394274,5952.67784,66,e,3,0,0,1
1394275,5959.620409,66,e,1,1,1,2
1394279,6752.729411,66,e,4,0,0,5
1394280,6781.849109,66,e,3,2,0,4
1394282,6918.443841,66,e,4,0,0,4
1394284,6973.804623,66,e,3,2,0,3
1394285,7046.214723,66,e,4,0,0,3
1394286,7080.483445,66,e,2,4,0,2
1394288,7163.854885,66,e,3,2,0,2
1394290,7199.270831,66,e,4,0,0,2
1394291,7219.914918,66,e,1,6,0,1
1394292,7251.70093,66,e,1,3,1,2
1394293,7314.059322,66,e,2,4,0,1
1394295,7352.888516,66,e,0,5,1,1
1394296,7372.999622,66,e,3,2,0,1
1394297,7397.439074,66,e,4,0,0,1
1394298,7449.258793,66,e,1,3,1,1
1394301,7661.000387,66,e,0,2,2,1
1394302,7712.23933,66,e,1,0,2,1
1394306,8158.873747,66,e,5,0,0,5
1394312,8395.666005,66,e,4,2,0,3
1394316,8443.924438,66,e,5,0,0,3
1394317,8458.889449,66,e,2,3,1,3
1394318,8531.264093,66,e,3,4,0,2
1394319,8550.721553,66,e,1,5,1,2
1394322,8601.069549,66,e,4,2,0,2
1394323,8630.109739,66,e,5,0,0,2
1394324,8663.359339,66,e,2,3,1,2
1394328,8777.452039,66,e,3,4,0,1
1394329,8790.502986,66,e,1,5,1,1
1394330,8828.882586,66,e,4,2,0,1
1394331,8834.051392,66,e,2,0,2,3
1394332,8853.408933,66,e,5,0,0,1
1394333,8869.796524,66,e,1,2,2,2
1394334,8874.19443,66,e,2,3,1,1
1394336,8953.008013,66,e,2,0,2,2
1394339,9075.586969,66,e,2,0,2,1
1394350,9604.926717,66,e,4,1,1,5
1394364,9869.233259,66,e,3,3,1,3
1394376,10081.622645,66,e,3,3,1,2
1394378,10133.585297,66,e,4,1,1,2
1394399,10556.25994,66,e,0,3,3,1
1394411,10915.512933,66,e,0,0,4,1
1394464,11675.341617,66,e,2,1,3,3
1394476,11826.374084,66,e,2,1,3,2
1394477,11833.465571,66,e,3,2,2,1
1394485,11981.470302,66,e,2,1,3,1
1407155,3735.595953,66,f,0,3,0,1
1407157,4913.014896,66,f,2,1,0,3
1407158,4974.020451,66,f,1,3,0,2
1407159,5066.440273,66,f,2,1,0,2
1407160,5078.974604,66,f,0,5,0,1
1407162,5230.720157,66,f,2,1,0,1
1407164,6150.63289,66,f,3,1,0,4
1407165,6202.012981,66,f,2,3,0,3
1407166,6297.09353,66,f,1,5,0,2
1407167,6318.555662,66,f,3,1,0,3
1407168,6408.208631,66,f,2,3,0,2
1407169,6423.55078,66,f,0,7,0,1
1407170,6481.032439,66,f,3,1,0,2
1407171,6538.735171,66,f,1,5,0,1
1407172,6605.020429,66,f,1,2,1,2
1407173,6621.601977,66,f,2,3,0,1
1407174,6670.723971,66,f,3,1,0,1
1407175,6693.255864,66,f,0,4,1,1
1407183,7634.372492,66,f,3,3,0,3
1407187,7822.455791,66,f,2,2,1,3
1407188,7848.761524,66,f,3,3,0,2
1407189,7900.329073,66,f,1,4,1,2
1407190,7900.559557,66,f,1,7,0,1
1407191,7908.529015,66,f,4,1,0,2
1407192,8003.566523,66,f,2,2,1,2
1407193,8004.220001,66,f,2,5,0,1
1407194,8013.279709,66,f,0,6,1,1
1407195,8077.864735,66,f,3,3,0,1
1407196,8119.941868,66,f,1,4,1,1
1407197,8122.647075,66,f,4,1,0,1
1407198,8190.886902,66,f,2,2,1,1
1407200,8307.555453,66,f,0,3,2,1
1407211,9028.446113,66,f,3,2,1,4
1407214,9098.475596,66,f,2,4,1,3
1407219,9220.616081,66,f,3,2,1,3
1407222,9323.647981,66,f,2,4,1,2
1407226,9409.03454,66,f,3,2,1,2
1407227,9449.481521,66,f,2,1,2,3
1407232,9555.531476,66,f,2,4,1,1
1407234,9601.487401,66,f,2,1,2,2
1407236,9616.163263,66,f,3,2,1,1
1407238,9758.723666,66,f,2,1,2,1
1407295,11110.381782,66,f,1,2,3,2
1407301,11278.748862,66,f,1,2,3,1
1419051,4459.630852,67,f,0,4,0,1
1419054,5606.058555,67,f,2,2,0,3
1419055,5687.308326,67,f,1,4,0,2
1419056,5788.384607,67,f,2,2,0,2
1419057,5803.798542,67,f,0,6,0,1
1419058,5909.30182,67,f,1,4,0,1
1419059,5979.012736,67,f,2,2,0,1
1419061,6086.021515,67,f,0,3,1,1
1419063,6833.102696,67,f,3,2,0,4
1419066,7025.91431,67,f,3,2,0,3
1419067,7132.953381,67,f,2,4,0,2
1419069,7216.879799,67,f,3,2,0,2
1419072,7303.75177,67,f,1,3,1,2
1419073,7366.51727,67,f,2,4,0,1
1419075,7405.092136,67,f,0,5,1,1
1419076,7427.198791,67,f,3,2,0,1
1419077,7501.26873,67,f,1,3,1,1
1419078,7558.91716,67,f,2,1,1,1
1419090,8511.005954,67,f,2,3,1,3
1419092,8602.964705,67,f,1,5,1,2
1419096,8715.35982,67,f,2,3,1,2
1419100,8829.84211,67,f,3,4,0,1
1419101,8842.742048,67,f,1,5,1,1
1419102,8884.632356,67,f,4,2,0,1
1419103,8921.164378,67,f,1,2,2,2
1419104,8926.185624,67,f,2,3,1,1
1419107,9091.896043,67,f,1,2,2,1
1419115,9665.5896,67,f,4,1,1,5
1419124,9849.797296,67,f,4,1,1,4
1419127,9921.221391,67,f,3,3,1,3
1419130,10014.798676,67,f,4,1,1,3
1419137,10133.520194,67,f,3,3,1,2
1419139,10192.757184,67,f,1,4,2,2
1419140,10193.173474,67,f,4,1,1,2
1419155,10607.468512,67,f,0,3,3,1
1419208,11731.471707,67,f,2,1,3,3
1419218,11881.381831,67,f,2,1,3,2
1419220,11886.577308,67,f,3,2,2,1
1419225,12037.14867,67,f,2,1,3,1
1430890,4959.583745,67,e,2,1,0,3
1430891,5026.446439,67,e,1,3,0,2
1430893,5131.566035,67,e,0,5,0,1
1430894,5226.290231,67,e,1,3,0,1
1430899,6195.518485,67,e,3,1,0,4
1430900,6254.457909,67,e,2,3,0,3
1430901,6349.711093,67,e,1,5,0,2
1430902,6364.437301,67,e,3,1,0,3
1430903,6460.574034,67,e,2,3,0,2
1430904,6476.319691,67,e,0,7,0,1
1430905,6526.453093,67,e,3,1,0,2
1430906,6591.295108,67,e,1,5,0,1
1430908,6657.181733,67,e,1,2,1,2
1430909,6673.923828,67,e,2,3,0,1
1430910,6714.699106,67,e,3,1,0,1
1430912,6745.361188,67,e,0,4,1,1
1430913,6829.000717,67,e,1,2,1,1
1430916,7419.122275,67,e,4,1,0,5
1430921,7686.734847,67,e,3,3,0,3
1430922,7770.805496,67,e,4,1,0,3
1430927,7901.05779,67,e,3,3,0,2
1430928,7951.712631,67,e,4,1,0,2
1430929,7952.513065,67,e,1,4,1,2
1430930,7953.26157,67,e,1,7,0,1
1430933,8056.71114,67,e,2,5,0,1
1430934,8065.606411,67,e,0,6,1,1
1430936,8130.039395,67,e,3,3,0,1
1430938,8172.080455,67,e,1,4,1,1
1430942,8359.160209,67,e,0,3,2,1
1430943,8428.099635,67,e,1,1,2,1
1430955,9081.70621,67,e,3,2,1,4
1430957,9150.53116,67,e,2,4,1,3
1430964,9272.703142,67,e,3,2,1,3
1430968,9375.742889,67,e,2,4,1,2
1430970,9389.515473,67,e,5,1,0,2
1430979,9607.5501,67,e,2,4,1,1
1430983,9666.843752,67,e,3,2,1,1
1430984,9690.094462,67,e,4,0,1,1
1430986,9805.112649,67,e,2,1,2,1
1431015,10583.820726,67,e,5,0,1,4
1431023,10721.908944,67,e,5,0,1,3
1431052,11161.812659,67,e,1,2,3,2
1431056,11247.637933,67,e,2,0,3,2
1431059,11329.674774,67,e,1,2,3,1
1431060,11366.344447,67,e,2,0,3,1
1431134,12456.142308,67,e,3,0,3,3
1431146,12572.046158,67,e,3,0,3,2
1431191,13201.528155,67,e,0,0,5,1
1431315,14380.396301,67,e,1,0,5,2
1431324,14478.822903,67,e,1,0,5,1
1431490,15660.523518,67,e,2,0,5,2
1443678,4496.053362,68,e,2,0,0,2
1443679,4512.910105,68,e,0,4,0,1
1443683,5626.329609,68,e,3,0,0,4
1443684,5659.846472,68,e,2,2,0,3
1443685,5740.613777,68,e,1,4,0,2
1443686,5766.847688,68,e,3,0,0,3
1443687,5841.274748,68,e,2,2,0,2
1443688,5857.260117,68,e,0,6,0,1
1443689,5890.102908,68,e,3,0,0,2
1443690,5962.555815,68,e,1,4,0,1
1443691,6031.089505,68,e,2,2,0,1
1443692,6058.067856,68,e,3,0,0,1
1443693,6063.971646,68,e,1,1,1,2
1443697,6858.094053,68,e,4,0,0,5
1443698,6887.585334,68,e,3,2,0,4
1443700,7023.292081,68,e,4,0,0,4
1443702,7079.138487,68,e,3,2,0,3
1443703,7150.882317,68,e,4,0,0,3
1443704,7186.200436,68,e,2,4,0,2
1443706,7269.062115,68,e,3,2,0,2
1443708,7304.426167,68,e,4,0,0,2
1443710,7356.555052,68,e,1,3,1,2
1443711,7419.746883,68,e,2,4,0,1
1443713,7458.069534,68,e,0,5,1,1
1443714,7478.261927,68,e,3,2,0,1
1443715,7503.025454,68,e,4,0,0,1
1443716,7554.027063,68,e,1,3,1,1
1443720,7815.624334,68,e,1,0,2,1
1443730,8500.72949,68,e,4,2,0,3
1443733,8548.778358,68,e,5,0,0,3
1443735,8563.837502,68,e,2,3,1,3
1443737,8655.982008,68,e,1,5,1,2
1443740,8706.193776,68,e,4,2,0,2
1443741,8735.473693,68,e,5,0,0,2
1443742,8768.116523,68,e,2,3,1,2
1443747,8895.753437,68,e,1,5,1,1
1443748,8934.003687,68,e,4,2,0,1
1443749,8937.641966,68,e,2,0,2,3
1443750,8959.163723,68,e,5,0,0,1
1443751,8973.729069,68,e,1,2,2,2
1443752,8978.95516,68,e,2,3,1,1
1443754,9056.228352,68,e,2,0,2,2
1443756,9143.92817,68,e,1,2,2,1
1443757,9179.139599,68,e,2,0,2,1
1443768,9709.460173,68,e,4,1,1,5
1443777,9894.563447,68,e,4,1,1,4
1443782,9974.022037,68,e,3,3,1,3
1443785,10060.011369,68,e,4,1,1,3
1443796,10237.787507,68,e,4,1,1,2
1443817,10659.431127,68,e,0,3,3,1
1443829,11017.225986,68,e,0,0,4,1
1443882,11778.230027,68,e,2,1,3,3
1443893,11929.106787,68,e,2,1,3,2
1443903,12084.186099,68,e,2,1,3,1
1456572,3841.191969,68,f,0,3,0,1
1456574,5018.519558,68,f,2,1,0,3
1456575,5079.667994,68,f,1,3,0,2
1456576,5171.72069,68,f,2,1,0,2
1456577,5184.937048,68,f,0,5,0,1
1456578,5279.475229,68,f,1,3,0,1
1456579,5336.21702,68,f,2,1,0,1
1456581,6256.292594,68,f,3,1,0,4
1456582,6307.741061,68,f,2,3,0,3
1456583,6403.108293,68,f,1,5,0,2
1456584,6423.828986,68,f,3,1,0,3
1456585,6513.740592,68,f,2,3,0,2
1456586,6529.870664,68,f,0,7,0,1
1456587,6586.370461,68,f,3,1,0,2
1456588,6644.634244,68,f,1,5,0,1
1456589,6709.669522,68,f,1,2,1,2
1456590,6727.149273,68,f,2,3,0,1
1456591,6776.374742,68,f,3,1,0,1
1456592,6798.239117,68,f,0,4,1,1
1456594,7119.750658,68,f,0,1,2,1
1456600,7739.907347,68,f,3,3,0,3
1456604,7927.191401,68,f,2,2,1,3
1456605,7954.2235,68,f,3,3,0,2
1456606,8005.402159,68,f,1,4,1,2
1456608,8014.004031,68,f,4,1,0,2
1456609,8108.123651,68,f,2,2,1,2
1456610,8109.986164,68,f,2,5,0,1
1456611,8118.710222,68,f,0,6,1,1
1456612,8183.382631,68,f,3,3,0,1
1456613,8224.914783,68,f,1,4,1,1
1456614,8228.445764,68,f,4,1,0,1
1456615,8295.543253,68,f,2,2,1,1
1456617,8411.535523,68,f,0,3,2,1
1456628,9133.285289,68,f,3,2,1,4
1456630,9203.50183,68,f,2,4,1,3
1456636,9325.161854,68,f,3,2,1,3
1456639,9428.635082,68,f,2,4,1,2
1456643,9513.575289,68,f,3,2,1,2
1456644,9553.413775,68,f,2,1,2,3
1456649,9660.661147,68,f,2,4,1,1
1456651,9705.136195,68,f,2,1,2,2
1456653,9720.977108,68,f,3,2,1,1
1456655,9862.555398,68,f,2,1,2,1
1456659,10024.939912,68,f,0,2,3,1
1456712,11213.492999,68,f,1,2,3,2
1456718,11381.710928,68,f,1,2,3,1
1468467,4474.548187,69,f,1,2,0,2
1468468,4566.967485,69,f,0,4,0,1
1468471,5713.130972,69,f,2,2,0,3
1468472,5794.696919,69,f,1,4,0,2
1468473,5895.278318,69,f,2,2,0,2
1468474,5911.502279,69,f,0,6,0,1
1468475,6016.588726,69,f,1,4,0,1
1468476,6086.006794,69,f,2,2,0,1
1468478,6192.351707,69,f,0,3,1,1
1468480,6940.26298,69,f,3,2,0,4
1468483,7132.786365,69,f,3,2,0,3
1468484,7240.225413,69,f,2,4,0,2
1468486,7323.74324,69,f,3,2,0,2
1468489,7410.149614,69,f,1,3,1,2
1468490,7473.760521,69,f,2,4,0,1
1468492,7511.820803,69,f,0,5,1,1
1468493,7534.246263,69,f,3,2,0,1
1468494,7607.58146,69,f,1,3,1,1
1468504,8568.670611,69,f,3,1,1,4
1468507,8617.50154,69,f,2,3,1,3
1468509,8709.773526,69,f,1,5,1,2
1468510,8735.638651,69,f,3,1,1,3
1468512,8761.892102,69,f,4,2,0,2
1468513,8821.659711,69,f,2,3,1,2
1468518,8949.545373,69,f,1,5,1,1
1468519,8991.700457,69,f,4,2,0,1
1468520,9026.587385,69,f,1,2,2,2
1468521,9032.50672,69,f,2,3,1,1
1468524,9197.202542,69,f,1,2,2,1
1468541,9955.883351,69,f,4,1,1,4
1468547,10120.725141,69,f,4,1,1,3
1468557,10299.356332,69,f,4,1,1,2
1468572,10712.158326,69,f,0,3,3,1
1468625,11836.132955,69,f,2,1,3,3
1468635,11986.114564,69,f,2,1,3,2
1468637,11991.867647,69,f,3,2,2,1
1468642,12141.6621,69,f,2,1,3,1
1480304,3895.151253,69,e,0,3,0,1
1480308,5133.646239,69,e,1,3,0,2
1480310,5239.087395,69,e,0,5,0,1
1480311,5333.401118,69,e,1,3,0,1
1480317,6361.735298,69,e,2,3,0,3
1480318,6457.284853,69,e,1,5,0,2
1480319,6470.885238,69,e,3,1,0,3
1480320,6567.65591,69,e,2,3,0,2
1480321,6584.20345,69,e,0,7,0,1
1480322,6632.922622,69,e,3,1,0,2
1480323,6698.752282,69,e,1,5,0,1
1480325,6763.392219,69,e,1,2,1,2
1480326,6781.011154,69,e,2,3,0,1
1480327,6821.387809,69,e,3,1,0,1
1480329,6851.889161,69,e,0,4,1,1
1480336,7710.646253,69,e,4,1,0,4
1480338,7793.818421,69,e,3,3,0,3
1480339,7877.095478,69,e,4,1,0,3
1480344,8008.06123,69,e,3,3,0,2
1480345,8058.178826,69,e,4,1,0,2
1480346,8059.115147,69,e,1,4,1,2
1480350,8164.037794,69,e,2,5,0,1
1480351,8172.591015,69,e,0,6,1,1
1480353,8237.069598,69,e,3,3,0,1
1480355,8278.600043,69,e,1,4,1,1
1480356,8348.169744,69,e,2,2,1,1
1480359,8464.669861,69,e,0,3,2,1
1480360,8533.087211,69,e,1,1,2,1
1480371,9160.062765,69,e,4,0,1,5
1480372,9188.216008,69,e,3,2,1,4
1480381,9378.801147,69,e,3,2,1,3
1480384,9455.306885,69,e,4,3,0,2
1480385,9482.271601,69,e,2,4,1,2
1480387,9496.018803,69,e,5,1,0,2
1480389,9566.273233,69,e,3,2,1,2
1480390,9599.569616,69,e,2,1,2,3
1480398,9752.990786,69,e,2,1,2,2
1480400,9773.033913,69,e,3,2,1,1
1480401,9796.441765,69,e,4,0,1,1
1480403,9910.162306,69,e,2,1,2,1
1480424,10546.18476,69,e,5,0,1,5
1480432,10689.036283,69,e,5,0,1,4
1480440,10827.470436,69,e,5,0,1,3
1480465,11230.218527,69,e,5,0,1,1
1480466,11231.742188,69,e,2,0,3,3
1480469,11266.470865,69,e,1,2,3,2
1480472,11351.545028,69,e,2,0,3,2
1480476,11434.128052,69,e,1,2,3,1
1480477,11470.567879,69,e,2,0,3,1
1480550,12560.091968,69,e,3,0,3,3
1480562,12675.351804,69,e,3,0,3,2
1480607,13303.898237,69,e,0,0,5,1
1480732,14482.915662,69,e,1,0,5,2
1480741,14581.160352,69,e,1,0,5,1
1493092,4529.442756,70,e,1,2,0,2
1493093,4603.999937,70,e,2,0,0,2
1493094,4621.802635,70,e,0,4,0,1
1493098,5734.698358,70,e,3,0,0,4
1493099,5768.536001,70,e,2,2,0,3
1493100,5849.558331,70,e,1,4,0,2
1493101,5874.714007,70,e,3,0,0,3
1493102,5949.690183,70,e,2,2,0,2
1493103,5966.524777,70,e,0,6,0,1
1493104,5998.152965,70,e,3,0,0,2
1493105,6071.397925,70,e,1,4,0,1
1493106,6139.504644,70,e,2,2,0,1
1493107,6166.563705,70,e,3,0,0,1
1493108,6171.39956,70,e,1,1,1,2
1493109,6246.669033,70,e,0,3,1,1
1493112,6966.547986,70,e,4,0,0,5
1493113,6996.431351,70,e,3,2,0,4
1493115,7131.21835,70,e,4,0,0,4
1493117,7187.568837,70,e,3,2,0,3
1493118,7258.635006,70,e,4,0,0,3
1493119,7295.026855,70,e,2,4,0,2
1493121,7377.359203,70,e,3,2,0,2
1493123,7412.687923,70,e,4,0,0,2
1493125,7464.492923,70,e,1,3,1,2
1493126,7528.543597,70,e,2,4,0,1
1493128,7566.345334,70,e,0,5,1,1
1493129,7586.614174,70,e,3,2,0,1
1493130,7611.734914,70,e,4,0,0,1
1493131,7661.879022,70,e,1,3,1,1
1493133,7822.445688,70,e,1,0,2,2
1493134,7871.606686,70,e,0,2,2,1
1493135,7922.055707,70,e,1,0,2,1
1493145,8608.862188,70,e,4,2,0,3
1493148,8656.729838,70,e,5,0,0,3
1493150,8671.870606,70,e,2,3,1,3
1493152,8764.338657,70,e,1,5,1,2
1493153,8783.036734,70,e,3,1,1,3
1493155,8814.402311,70,e,4,2,0,2
1493156,8843.954864,70,e,5,0,0,2
1493157,8875.955814,70,e,2,3,1,2
1493162,9004.107795,70,e,1,5,1,1
1493163,9042.207971,70,e,4,2,0,1
1493164,9044.276103,70,e,2,0,2,3
1493166,9080.701133,70,e,1,2,2,2
1493167,9086.81961,70,e,2,3,1,1
1493169,9162.487933,70,e,2,0,2,2
1493171,9250.729446,70,e,1,2,2,1
1493172,9285.746691,70,e,2,0,2,1
1493192,10001.740108,70,e,4,1,1,4
1493200,10167.041154,70,e,4,1,1,3
1493211,10345.063201,70,e,4,1,1,2
1493232,10765.638174,70,e,0,3,3,1
1493244,11121.932669,70,e,0,0,4,1
1493308,12034.840021,70,e,2,1,3,2
1505983,3949.89518,70,f,0,3,0,1
1505985,5127.123825,70,f,2,1,0,3
1505986,5188.422747,70,f,1,3,0,2
1505987,5280.100008,70,f,2,1,0,2
1505988,5294.016841,70,f,0,5,0,1
1505989,5388.142665,70,f,1,3,0,1
1505990,5444.823235,70,f,2,1,0,1
1505992,6365.053697,70,f,3,1,0,4
1505993,6416.577553,70,f,2,3,0,3
1505994,6512.240537,70,f,1,5,0,2
1505995,6532.197699,70,f,3,1,0,3
1505996,6622.377007,70,f,2,3,0,2
1505997,6639.317799,70,f,0,7,0,1
1505998,6694.812319,70,f,3,1,0,2
1505999,6753.649047,70,f,1,5,0,1
1506000,6817.39631,70,f,1,2,1,2
1506001,6835.802924,70,f,2,3,0,1
1506002,6885.141025,70,f,3,1,0,1
1506003,6906.311385,70,f,0,4,1,1
1506011,7848.545314,70,f,3,3,0,3
1506015,8035.005141,70,f,2,2,1,3
1506016,8062.788078,70,f,3,3,0,2
1506017,8113.545193,70,f,1,4,1,2
1506019,8122.589245,70,f,4,1,0,2
1506020,8215.748644,70,f,2,2,1,2
1506021,8218.866691,70,f,2,5,0,1
1506022,8227.24876,70,f,0,6,1,1
1506023,8292.005215,70,f,3,3,0,1
1506024,8332.976679,70,f,1,4,1,1
1506025,8337.367147,70,f,4,1,0,1
1506026,8403.283768,70,f,2,2,1,1
1506027,8451.15689,70,f,1,1,2,2
1506028,8518.57531,70,f,0,3,2,1
1506039,9241.203422,70,f,3,2,1,4
1506047,9432.783738,70,f,3,2,1,3
1506050,9536.711881,70,f,2,4,1,2
1506054,9621.195652,70,f,3,2,1,2
1506062,9811.834283,70,f,2,1,2,2
1506064,9828.887341,70,f,3,2,1,1
1506123,11319.653435,70,f,1,2,3,2
1506129,11487.705242,70,f,1,2,3,1
1517876,4584.649184,71,f,1,2,0,2
1517877,4677.415448,71,f,0,4,0,1
1517880,5823.303558,71,f,2,2,0,3
1517881,5905.19683,71,f,1,4,0,2
1517883,6022.327363,71,f,0,6,0,1
1517884,6126.985883,71,f,1,4,0,1
1517885,6196.106443,71,f,2,2,0,1
1517887,6301.764444,71,f,0,3,1,1
1517889,7050.523737,71,f,3,2,0,4
1517892,7242.754752,71,f,3,2,0,3
1517893,7350.605884,71,f,2,4,0,2
1517895,7433.707102,71,f,3,2,0,2
1517898,7519.630396,71,f,1,3,1,2
1517899,7584.11214,71,f,2,4,0,1
1517901,7621.643316,71,f,0,5,1,1
1517902,7644.402524,71,f,3,2,0,1
1517903,7716.977397,71,f,1,3,1,1
1517905,7926.156442,71,f,0,2,2,1
1517916,8727.081672,71,f,2,3,1,3
1517918,8819.677584,71,f,1,5,1,2
1517919,8844.716793,71,f,3,1,1,3
1517921,8871.884977,71,f,4,2,0,2
1517922,8931.040981,71,f,2,3,1,2
1517927,9059.452391,71,f,1,5,1,1
1517928,9101.87913,71,f,4,2,0,1
1517929,9135.051809,71,f,1,2,2,2
1517930,9141.926755,71,f,2,3,1,1
1517933,9305.56442,71,f,1,2,2,1
1517950,10065.039053,71,f,4,1,1,4
1517956,10229.724573,71,f,4,1,1,3
1517966,10408.643319,71,f,4,1,1,2
1517981,10819.883148,71,f,0,3,3,1
1518044,12093.767712,71,f,2,1,3,2
1529708,4005.406576,71,e,0,3,0,1
1529711,5176.120467,71,e,2,1,0,3
1529712,5243.952025,71,e,1,3,0,2
1529714,5349.72513,71,e,0,5,0,1
1529715,5443.617186,71,e,1,3,0,1
1529718,5642.379169,71,e,0,2,1,1
1529721,6472.119386,71,e,2,3,0,3
1529722,6567.975055,71,e,1,5,0,2
1529723,6580.41769,71,e,3,1,0,3
1529724,6677.84081,71,e,2,3,0,2
1529725,6695.213456,71,e,0,7,0,1
1529726,6742.482153,71,e,3,1,0,2
1529727,6809.324214,71,e,1,5,0,1
1529729,6872.680491,71,e,1,2,1,2
1529730,6891.201572,71,e,2,3,0,1
1529731,6931.175013,71,e,3,1,0,1
1529733,6961.5052,71,e,0,4,1,1
1529736,7278.008359,71,e,0,1,2,1
1529742,7904.003604,71,e,3,3,0,3
1529743,7986.468505,71,e,4,1,0,3
1529746,8058.710281,71,e,3,0,1,4
1529747,8090.831281,71,e,2,2,1,3
1529748,8118.16447,71,e,3,3,0,2
1529749,8167.73635,71,e,4,1,0,2
1529750,8168.803143,71,e,1,4,1,2
1529753,8270.568461,71,e,2,2,1,2
1529754,8274.470728,71,e,2,5,0,1
1529755,8282.683328,71,e,0,6,1,1
1529757,8347.196757,71,e,3,3,0,1
1529758,8380.904339,71,e,4,1,0,1
1529759,8388.209809,71,e,1,4,1,1
1529760,8457.343144,71,e,2,2,1,1
1529763,8573.23823,71,e,0,3,2,1
1529764,8641.121129,71,e,1,1,2,1
1529775,9269.273473,71,e,4,0,1,5
1529776,9297.811677,71,e,3,2,1,4
1529785,9487.974215,71,e,3,2,1,3
1529788,9565.262362,71,e,4,3,0,2
1529789,9591.888275,71,e,2,4,1,2
1529791,9605.620141,71,e,5,1,0,2
1529793,9675.334679,71,e,3,2,1,2
1529794,9707.922489,71,e,2,1,2,3
1529802,9860.921257,71,e,2,1,2,2
1529804,9882.302738,71,e,3,2,1,1
1529805,9905.887064,71,e,4,0,1,1
1529807,10018.262711,71,e,2,1,2,1
1529812,10185.090709,71,e,0,2,3,1
1529828,10655.03529,71,e,5,0,1,5
1529836,10797.304878,71,e,5,0,1,4
1529844,10936.104605,71,e,5,0,1,3
1529869,11338.944087,71,e,2,0,3,3
1529870,11340.086319,71,e,5,0,1,1
1529873,11374.180136,71,e,1,2,3,2
1529876,11458.46571,71,e,2,0,3,2
1529880,11541.609945,71,e,1,2,3,1
1529881,11577.820362,71,e,2,0,3,1
1529954,12667.051439,71,e,3,0,3,3
1529966,12782.53625,71,e,3,0,3,2
1530011,13409.236594,71,e,0,0,5,1
1530136,14588.403893,71,e,1,0,5,2
1530145,14686.468537,71,e,1,0,5,1
1542487,3389.888524,72,e,0,2,0,1
1542490,4641.114232,72,e,1,2,0,2
1542491,4715.032488,72,e,2,0,0,2
1542492,4733.805516,72,e,0,4,0,1
1542496,5846.154672,72,e,3,0,0,4
1542497,5880.328562,72,e,2,2,0,3
1542498,5961.613166,72,e,1,4,0,2
1542499,5985.659076,72,e,3,0,0,3
1542500,6061.200146,72,e,2,2,0,2
1542501,6078.90978,72,e,0,6,0,1
1542502,6109.297811,72,e,3,0,0,2
1542503,6183.349279,72,e,1,4,0,1
1542504,6251.012241,72,e,2,2,0,1
1542505,6278.157173,72,e,3,0,0,1
1542506,6281.909538,72,e,1,1,1,2
1542507,6357.62162,72,e,0,3,1,1
1542510,7078.088692,72,e,4,0,0,5
1542513,7242.220288,72,e,4,0,0,4
1542515,7299.093359,72,e,3,2,0,3
1542516,7369.47156,72,e,4,0,0,3
1542517,7406.960665,72,e,2,4,0,2
1542519,7488.743595,72,e,3,2,0,2
1542521,7524.055347,72,e,4,0,0,2
1542523,7575.512504,72,e,1,3,1,2
1542524,7640.447424,72,e,2,4,0,1
1542526,7677.714016,72,e,0,5,1,1
1542527,7698.054295,72,e,3,2,0,1
1542528,7723.566552,72,e,4,0,0,1
1542529,7772.812843,72,e,1,3,1,1
1542530,7823.691692,72,e,2,1,1,1
1542532,7981.488376,72,e,0,2,2,1
1542533,8031.531998,72,e,1,0,2,1
1542543,8720.055811,72,e,4,2,0,3
1542546,8767.778219,72,e,5,0,0,3
1542548,8782.986587,72,e,2,3,1,3
1542550,8875.789548,72,e,1,5,1,2
1542553,8925.692807,72,e,4,2,0,2
1542554,8955.552554,72,e,5,0,0,2
1542555,8986.875293,72,e,2,3,1,2
1542560,9115.565018,72,e,1,5,1,1
1542561,9153.485759,72,e,4,2,0,1
1542562,9153.959696,72,e,2,0,2,3
1542564,9190.716106,72,e,1,2,2,2
1542565,9197.781085,72,e,2,3,1,1
1542567,9271.785261,72,e,2,0,2,2
1542569,9360.581668,72,e,1,2,2,1
1542570,9395.407077,72,e,2,0,2,1
1542590,10111.975097,72,e,4,1,1,4
1542598,10277.130952,72,e,4,1,1,3
1542609,10455.411266,72,e,4,1,1,2
1542629,10874.879228,72,e,0,3,3,1
1542642,11229.631227,72,e,0,0,4,1
1542706,12143.55708,72,e,2,1,3,2
1555370,3986.896259,72,f,1,1,0,2
1555371,4061.703683,72,f,0,3,0,1
1555373,5238.825406,72,f,2,1,0,3
1555374,5300.282665,72,f,1,3,0,2
1555375,5391.576469,72,f,2,1,0,2
1555376,5406.212021,72,f,0,5,0,1
1555377,5499.914964,72,f,1,3,0,1
1555378,5556.537356,72,f,2,1,0,1
1555379,5698.149659,72,f,0,2,1,1
1555380,6476.913675,72,f,3,1,0,4
1555381,6528.520301,72,f,2,3,0,3
1555382,6624.488171,72,f,1,5,0,2
1555383,6643.659785,72,f,3,1,0,3
1555384,6734.115899,72,f,2,3,0,2
1555385,6751.890162,72,f,0,7,0,1
1555386,6806.356527,72,f,3,1,0,2
1555387,6865.777625,72,f,1,5,0,1
1555388,6928.198786,72,f,1,2,1,2
1555389,6947.561112,72,f,2,3,0,1
1555390,6997.021493,72,f,3,1,0,1
1555391,7017.470771,72,f,0,4,1,1
1555399,7960.284276,72,f,3,3,0,3
1555403,8145.894827,72,f,2,2,1,3
1555404,8174.453324,72,f,3,3,0,2
1555405,8224.774569,72,f,1,4,1,2
1555407,8234.283343,72,f,4,1,0,2
1555408,8326.447319,72,f,2,2,1,2
1555409,8330.850593,72,f,2,5,0,1
1555410,8338.894739,72,f,0,6,1,1
1555411,8403.73064,72,f,3,3,0,1
1555412,8444.126316,72,f,1,4,1,1
1555413,8449.409468,72,f,4,1,0,1
1555414,8514.107021,72,f,2,2,1,1
1555415,8561.018883,72,f,1,1,2,2
1555416,8628.672953,72,f,0,3,2,1
1555417,8700.677345,72,f,1,1,2,1
1555427,9352.198161,72,f,3,2,1,4
1555435,9543.481839,72,f,3,2,1,3
1555442,9731.894126,72,f,3,2,1,2
1555450,9921.580466,72,f,2,1,2,2
1555452,9939.893633,72,f,3,2,1,1
1555458,10239.948696,72,f,0,2,3,1
1555511,11428.870518,72,f,1,2,3,2
1555517,11596.730208,72,f,1,2,3,1
1567257,3446.896476,73,f,0,2,0,1
1567258,4697.848466,73,f,1,2,0,2
1567259,4790.972775,73,f,0,4,0,1
1567262,5936.574092,73,f,2,2,0,3
1567263,6018.805957,73,f,1,4,0,2
1567264,6118.361685,73,f,2,2,0,2
1567265,6136.27177,73,f,0,6,0,1
1567266,6240.491346,73,f,1,4,0,1
1567267,6309.310114,73,f,2,2,0,1
1567268,6342.947014,73,f,1,1,1,2
1567269,6414.257815,73,f,0,3,1,1
1567271,7163.882569,73,f,3,2,0,4
1567274,7355.817443,73,f,3,2,0,3
1567275,7464.092731,73,f,2,4,0,2
1567277,7546.769703,73,f,3,2,0,2
1567280,7632.192066,73,f,1,3,1,2
1567281,7697.570105,73,f,2,4,0,1
1567283,7734.55775,73,f,0,5,1,1
1567284,7757.666181,73,f,3,2,0,1
1567285,7829.45475,73,f,1,3,1,1
1567286,7886.793807,73,f,2,1,1,1
1567287,8037.565141,73,f,0,2,2,1
1567298,8839.744178,73,f,2,3,1,3
1567303,8984.979543,73,f,4,2,0,2
1567304,9043.501712,73,f,2,3,1,2
1567309,9172.462155,73,f,1,5,1,1
1567312,9254.440469,73,f,2,3,1,1
1567313,9303.287012,73,f,3,1,1,1
1567315,9416.980033,73,f,1,2,2,1
1567331,10177.262076,73,f,4,1,1,4
1567338,10341.79536,73,f,4,1,1,3
1567348,10521.020105,73,f,4,1,1,2
1567362,10930.641104,73,f,0,3,3,1
1567426,12204.36752,73,f,2,1,3,2
1579079,4118.766092,73,e,0,3,0,1
1579082,5289.022877,73,e,2,1,0,3
1579083,5357.361705,73,e,1,3,0,2
1579085,5463.477246,73,e,0,5,0,1
1579086,5556.936465,73,e,1,3,0,1
1579087,5606.161234,73,e,2,1,0,1
1579089,5754.660566,73,e,0,2,1,1
1579092,6585.607933,73,e,2,3,0,3
1579093,6681.779579,73,e,1,5,0,2
1579094,6693.032682,73,e,3,1,0,3
1579095,6791.126658,73,e,2,3,0,2
1579097,6855.130144,73,e,3,1,0,2
1579098,6923.00892,73,e,1,5,0,1
1579100,6985.044448,73,e,1,2,1,2
1579101,7004.492892,73,e,2,3,0,1
1579102,7044.059161,73,e,3,1,0,1
1579104,7074.207378,73,e,0,4,1,1
1579105,7156.504982,73,e,1,2,1,1
1579114,8098.922906,73,e,4,1,0,3
1579118,8203.333332,73,e,2,2,1,3
1579119,8231.365265,73,e,3,3,0,2
1579120,8280.383901,73,e,4,1,0,2
1579121,8281.577526,73,e,1,4,1,2
1579126,8395.882858,73,e,0,6,1,1
1579128,8460.418094,73,e,3,3,0,1
1579129,8493.8284,73,e,4,1,0,1
1579130,8500.908223,73,e,1,4,1,1
1579131,8569.588376,73,e,2,2,1,1
1579134,8684.863416,73,e,0,3,2,1
1579135,8752.19977,73,e,1,1,2,1
1579146,9381.547546,73,e,4,0,1,5
1579147,9410.490815,73,e,3,2,1,4
1579156,9600.223217,73,e,3,2,1,3
1579159,9678.331169,73,e,4,3,0,2
1579162,9718.318936,73,e,5,1,0,2
1579164,9787.463102,73,e,3,2,1,2
1579165,9819.283484,73,e,2,1,2,3
1579166,9823.983673,73,e,4,0,1,2
1579173,9971.891832,73,e,2,1,2,2
1579175,9994.648638,73,e,3,2,1,1
1579176,10018.429569,73,e,4,0,1,1
1579178,10129.412509,73,e,2,1,2,1
1579183,10295.62307,73,e,0,2,3,1
1579207,10908.626494,73,e,5,0,1,4
1579215,11047.810775,73,e,5,0,1,3
1579240,11449.34614,73,e,2,0,3,3
1579247,11568.39839,73,e,2,0,3,2
1579251,11652.118593,73,e,1,2,3,1
1579252,11688.100724,73,e,2,0,3,1
1579381,13517.541447,73,e,0,0,5,1
1579515,14794.746004,73,e,1,0,5,1
1591844,3504.592978,74,e,0,2,0,1
1591847,4755.883694,74,e,1,2,0,2
1591848,4829.149364,74,e,2,0,0,2
1591849,4848.916754,74,e,0,4,0,1
1591853,5960.696085,74,e,3,0,0,4
1591854,5995.221868,74,e,2,2,0,3
1591855,6076.776153,74,e,1,4,0,2
1591856,6099.680875,74,e,3,0,0,3
1591857,6175.802363,74,e,2,2,0,2
1591858,6194.413071,74,e,0,6,0,1
1591859,6223.536305,74,e,3,0,0,2
1591860,6298.407895,74,e,1,4,0,1
1591861,6365.610011,74,e,2,2,0,1
1591862,6392.827231,74,e,3,0,0,1
1591863,6395.519688,74,e,1,1,1,2
1591864,6471.653757,74,e,0,3,1,1
1591867,7192.713613,74,e,4,0,0,5
1591870,7356.295486,74,e,4,0,0,4
1591872,7413.709649,74,e,3,2,0,3
1591873,7483.390741,74,e,4,0,0,3
1591874,7521.999765,74,e,2,4,0,2
1591876,7603.212642,74,e,3,2,0,2
1591878,7638.527655,74,e,4,0,0,2
1591880,7689.611696,74,e,1,3,1,2
1591881,7755.456246,74,e,2,4,0,1
1591883,7792.173625,74,e,0,5,1,1
1591884,7812.580246,74,e,3,2,0,1
1591885,7838.519366,74,e,4,0,0,1
1591886,7886.826643,74,e,1,3,1,1
1591887,7937.236596,74,e,2,1,1,1
1591889,8094.419832,74,e,0,2,2,1
1591890,8144.051715,74,e,1,0,2,1
1591900,8834.300194,74,e,4,2,0,3
1591901,8839.887197,74,e,3,1,1,4
1591905,8897.183205,74,e,2,3,1,3
1591910,9040.062923,74,e,4,2,0,2
1591911,9070.265971,74,e,5,0,0,2
1591912,9100.872987,74,e,2,3,1,2
1591917,9230.124036,74,e,1,5,1,1
1591918,9266.653283,74,e,2,0,2,3
1591919,9267.872734,74,e,4,2,0,1
1591922,9311.835143,74,e,2,3,1,1
1591924,9384.118842,74,e,2,0,2,2
1591926,9473.482877,74,e,1,2,2,1
1591927,9508.119558,74,e,2,0,2,1
1591947,10225.26628,74,e,4,1,1,4
1591955,10390.279162,74,e,4,1,1,3
1591966,10568.830578,74,e,4,1,1,2
1591986,10987.152377,74,e,0,3,3,1
1604710,4176.615517,74,f,0,3,0,1
1604712,5353.621947,74,f,2,1,0,3
1604713,5415.245646,74,f,1,3,0,2
1604714,5506.148271,74,f,2,1,0,2
1604715,5521.520562,74,f,0,5,0,1
1604716,5614.790224,74,f,1,3,0,1
1604717,5671.357896,74,f,2,1,0,1
1604718,5811.972551,74,f,0,2,1,1
1604719,6591.86994,74,f,3,1,0,4
1604720,6643.567078,74,f,2,3,0,3
1604722,6758.213178,74,f,3,1,0,3
1604723,6848.955229,74,f,2,3,0,2
1604725,6921.001558,74,f,3,1,0,2
1604726,6981.017965,74,f,1,5,0,1
1604727,7042.074886,74,f,1,2,1,2
1604728,7062.421969,74,f,2,3,0,1
1604729,7112.014778,74,f,3,1,0,1
1604730,7131.715321,74,f,0,4,1,1
1604742,8259.858217,74,f,2,2,1,3
1604743,8289.217251,74,f,3,3,0,2
1604744,8339.08901,74,f,1,4,1,2
1604746,8349.084972,74,f,4,1,0,2
1604747,8440.218742,74,f,2,2,1,2
1604749,8453.647777,74,f,0,6,1,1
1604750,8518.557017,74,f,3,3,0,1
1604751,8558.362143,74,f,1,4,1,1
1604752,8564.571186,74,f,4,1,0,1
1604753,8628.011551,74,f,2,2,1,1
1604754,8673.927602,74,f,1,1,2,2
1604755,8741.826533,74,f,0,3,2,1
1604766,9466.267089,74,f,3,2,1,4
1604774,9657.262431,74,f,3,2,1,3
1604781,9845.669175,74,f,3,2,1,2
1604791,10053.995834,74,f,3,2,1,1
1604797,10351.993445,74,f,0,2,3,1
1616583,4814.143936,75,f,1,2,0,2
1616584,4907.637443,75,f,0,4,0,1
1616587,6052.940294,75,f,2,2,0,3
1616588,6135.522139,75,f,1,4,0,2
1616589,6234.5476,75,f,2,2,0,2
1616590,6253.333418,75,f,0,6,0,1
1616591,6357.103114,75,f,1,4,0,1
1616592,6425.616196,75,f,2,2,0,1
1616594,6529.829856,75,f,0,3,1,1
1616599,7471.972362,75,f,3,2,0,3
1616600,7580.683829,75,f,2,4,0,2
1616602,7662.929312,75,f,3,2,0,2
1616605,7747.832509,75,f,1,3,1,2
1616606,7814.132325,75,f,2,4,0,1
1616608,7850.562127,75,f,0,5,1,1
1616609,7874.035802,75,f,3,2,0,1
1616610,7945.011679,75,f,1,3,1,1
1616611,8002.250863,75,f,2,1,1,1
1616612,8152.023273,75,f,0,2,2,1
1616620,8906.466486,75,f,3,1,1,4
1616623,8955.486822,75,f,2,3,1,3
1616626,9072.077295,75,f,3,1,1,3
1616628,9101.174315,75,f,4,2,0,2
1616629,9159.039935,75,f,2,3,1,2
1616637,9370.044039,75,f,2,3,1,1
1616640,9531.447696,75,f,1,2,2,1
1616656,10292.55004,75,f,4,1,1,4
1616663,10456.935851,75,f,4,1,1,3
1628387,4235.227796,75,e,0,3,0,1
1628390,5405.01173,75,e,2,1,0,3
1628391,5473.873125,75,e,1,3,0,2
1628393,5580.341691,75,e,0,5,0,1
1628394,5673.356918,75,e,1,3,0,1
1628395,5722.116182,75,e,2,1,0,1
1628397,5870.014579,75,e,0,2,1,1
1628400,6702.198632,75,e,2,3,0,3
1628402,6808.728192,75,e,3,1,0,3
1628403,6907.511312,75,e,2,3,0,2
1628405,6970.865019,75,e,3,1,0,2
1628406,7039.804354,75,e,1,5,0,1
1628408,7100.481917,75,e,1,2,1,2
1628409,7120.882838,75,e,2,3,0,1
1628410,7160.038549,75,e,3,1,0,1
1628412,7189.99371,75,e,0,4,1,1
1628419,8048.422677,75,e,4,1,0,4
1628422,8214.456974,75,e,4,1,0,3
1628426,8318.91201,75,e,2,2,1,3
1628427,8347.661282,75,e,3,3,0,2
1628428,8396.120072,75,e,4,1,0,2
1628429,8397.436523,75,e,1,4,1,2
1628432,8498.056191,75,e,2,2,1,2
1628434,8512.189339,75,e,0,6,1,1
1628436,8576.730707,75,e,3,3,0,1
1628437,8609.854946,75,e,4,1,0,1
1628438,8616.693781,75,e,1,4,1,1
1628439,8684.903364,75,e,2,2,1,1
1628441,8726.648133,75,e,1,1,2,2
1628442,8799.543462,75,e,0,3,2,1
1628454,9496.88243,75,e,4,0,1,5
1628455,9526.250923,75,e,3,2,1,4
1628464,9715.561133,75,e,3,2,1,3
1628470,9834.114686,75,e,5,1,0,2
1628472,9902.656138,75,e,3,2,1,2
1628473,9933.659083,75,e,2,1,2,3
1628474,9939.00004,75,e,4,0,1,2
1628481,10085.900806,75,e,2,1,2,2
1628484,10134.068426,75,e,4,0,1,1
1628491,10409.18031,75,e,0,2,3,1
1628515,11023.002934,75,e,5,0,1,4
1628548,11562.718995,75,e,2,0,3,3
1628555,11681.341466,75,e,2,0,3,2
1628560,11801.407765,75,e,2,0,3,1
1628689,13628.810967,75,e,0,0,5,1
1641130,3622.392823,76,e,0,2,0,1
1641133,4873.748913,76,e,1,2,0,2
1641134,4946.34888,76,e,2,0,0,2
1641135,4967.134295,76,e,0,4,0,1
1641139,6078.320077,76,e,3,0,0,4
1641140,6113.213548,76,e,2,2,0,3
1641141,6195.045096,76,e,1,4,0,2
1641142,6216.777343,76,e,3,0,0,3
1641143,6293.494483,76,e,2,2,0,2
1641144,6313.032539,76,e,0,6,0,1
1641145,6340.867284,76,e,3,0,0,2
1641146,6416.571732,76,e,1,4,0,1
1641147,6483.295623,76,e,2,2,0,1
1641148,6510.502435,76,e,3,0,0,1
1641149,6512.29843,76,e,1,1,1,2
1641150,6588.763438,76,e,0,3,1,1
1641153,7310.420152,76,e,4,0,0,5
1641156,7473.441488,76,e,4,0,0,4
1641158,7531.415215,76,e,3,2,0,3
1641160,7640.141994,76,e,2,4,0,2
1641162,7720.763595,76,e,3,2,0,2
1641163,7740.823062,76,e,2,1,1,3
1641164,7756.10403,76,e,4,0,0,2
1641166,7806.788341,76,e,1,3,1,2
1641167,7873.567866,76,e,2,4,0,1
1641169,7909.722154,76,e,0,5,1,1
1641170,7930.190009,76,e,3,2,0,1
1641171,7956.592249,76,e,4,0,0,1
1641172,8003.918481,76,e,1,3,1,1
1641173,8053.851731,76,e,2,1,1,1
1641175,8210.399031,76,e,0,2,2,1
1641176,8259.613331,76,e,1,0,2,1
1641186,8951.583111,76,e,4,2,0,3
1641187,8956.814173,76,e,3,1,1,4
1641191,9014.458157,76,e,2,3,1,3
1641196,9157.510338,76,e,4,2,0,2
1641198,9217.946871,76,e,2,3,1,2
1641204,9382.403701,76,e,2,0,2,3
1641208,9428.978736,76,e,2,3,1,1
1641209,9468.726525,76,e,3,1,1,1
1641210,9499.487195,76,e,2,0,2,2
1641212,9589.431053,76,e,1,2,2,1
1641213,9623.882906,76,e,2,0,2,1
1641233,10341.611477,76,e,4,1,1,4
1641241,10506.484152,76,e,4,1,1,3
1641275,11171.11164,76,e,1,1,3,1
1653968,4294.628666,76,f,0,3,0,1
1653970,5471.511033,76,f,2,1,0,3
1653971,5533.309522,76,f,1,3,0,2
1653972,5623.813567,76,f,2,1,0,2
1653973,5639.940384,76,f,0,5,0,1
1653974,5732.766485,76,f,1,3,0,1
1653975,5789.283323,76,f,2,1,0,1
1653977,6709.919836,76,f,3,1,0,4
1653978,6761.715592,76,f,2,3,0,3
1653980,6875.855766,76,f,3,1,0,3
1653981,6966.892904,76,f,2,3,0,2
1653983,7038.745846,76,f,3,1,0,2
1653984,7099.36799,76,f,1,5,0,1
1653985,7159.022494,76,f,1,2,1,2
1653986,7180.383579,76,f,2,3,0,1
1653987,7230.119465,76,f,3,1,0,1
1653988,7249.043026,76,f,0,4,1,1
1653989,7331.115358,76,f,1,2,1,1
1654000,8376.89301,76,f,2,2,1,3
1654001,8407.07782,76,f,3,3,0,2
1654002,8456.486542,76,f,1,4,1,2
1654005,8557.061278,76,f,2,2,1,2
1654007,8571.507735,76,f,0,6,1,1
1654008,8636.482413,76,f,3,3,0,1
1654009,8675.68245,76,f,1,4,1,1
1654010,8682.85082,76,f,4,1,0,1
1654011,8744.995868,76,f,2,2,1,1
1654012,8789.880893,76,f,1,1,2,2
1654032,9774.206634,76,f,3,2,1,3
1654039,9962.519234,76,f,3,2,1,2
1654054,10467.062566,76,f,0,2,3,1
1665819,4933.533445,77,f,1,2,0,2
1665820,5027.407373,77,f,0,4,0,1
1665821,5107.758986,77,f,1,2,0,1
1665823,6172.399824,77,f,2,2,0,3
1665824,6255.343149,77,f,1,4,0,2
1665825,6353.827093,77,f,2,2,0,2
1665826,6373.510162,77,f,0,6,0,1
1665827,6476.819125,77,f,1,4,0,1
1665828,6545.023034,77,f,2,2,0,1
1665829,6576.655125,77,f,1,1,1,2
1665830,6648.478546,77,f,0,3,1,1
1665835,7591.217379,77,f,3,2,0,3
1665838,7782.18415,77,f,3,2,0,2
1665839,7807.739048,77,f,2,1,1,3
1665841,7866.549555,77,f,1,3,1,2
1665842,7933.796643,77,f,2,4,0,1
1665843,7958.930909,77,f,2,1,1,2
1665844,7969.654413,77,f,0,5,1,1
1665845,7993.509923,77,f,3,2,0,1
1665846,8063.646293,77,f,1,3,1,1
1665847,8120.787845,77,f,2,1,1,1
1665856,9025.212536,77,f,3,1,1,4
1665859,9074.307304,77,f,2,3,1,3
1665864,9220.467771,77,f,4,2,0,2
1665865,9277.653627,77,f,2,3,1,2
1665868,9350.595609,77,f,3,1,1,2
1665873,9488.734464,77,f,2,3,1,1
1665874,9537.687423,77,f,3,1,1,1
1665876,9648.965677,77,f,1,2,2,1
1665892,10410.900511,77,f,4,1,1,4
1665899,10575.144367,77,f,4,1,1,3
1665925,11234.344299,77,f,1,1,3,1
1677596,4354.789624,77,e,0,3,0,1
1677599,5524.084762,77,e,2,1,0,3
1677600,5593.484066,77,e,1,3,0,2
1677601,5676.97965,77,e,2,1,0,2
1677602,5700.316352,77,e,0,5,0,1
1677603,5792.876444,77,e,1,3,0,1
1677604,5841.163316,77,e,2,1,0,1
1677606,5988.439131,77,e,0,2,1,1
1677608,6760.305233,77,e,3,1,0,4
1677609,6821.889109,77,e,2,3,0,3
1677611,6927.502148,77,e,3,1,0,3
1677612,7026.992561,77,e,2,3,0,2
1677614,7089.685168,77,e,3,1,0,2
1677615,7159.708409,77,e,1,5,0,1
1677617,7218.990655,77,e,1,2,1,2
1677618,7240.369042,77,e,2,3,0,1
1677619,7279.11126,77,e,3,1,0,1
1677621,7308.862159,77,e,0,4,1,1
1677624,7620.459165,77,e,0,1,2,1
1677628,8167.167681,77,e,4,1,0,4
1677631,8333.06897,77,e,4,1,0,3
1677635,8437.564914,77,e,2,2,1,3
1677636,8467.050098,77,e,3,3,0,2
1677637,8514.94338,77,e,4,1,0,2
1677638,8516.378071,77,e,1,4,1,2
1677641,8616.400479,77,e,2,2,1,2
1677643,8631.602763,77,e,0,6,1,1
1677645,8696.131568,77,e,3,3,0,1
1677646,8728.98303,77,e,4,1,0,1
1677647,8735.565029,77,e,1,4,1,1
1677648,8803.285995,77,e,2,2,1,1
1677650,8843.882016,77,e,1,1,2,2
1677652,8983.484521,77,e,1,1,2,1
1677663,9615.275537,77,e,4,0,1,5
1677672,9833.620632,77,e,3,2,1,3
1677673,9834.216499,77,e,3,5,0,2
1677675,9905.423828,77,e,4,0,1,3
1677681,10020.911349,77,e,3,2,1,2
1677683,10057.115602,77,e,4,0,1,2
1677690,10202.946466,77,e,2,1,2,2
1677699,10525.7604,77,e,0,2,3,1
1677757,11679.097629,77,e,2,0,3,3
1677764,11797.293409,77,e,2,0,3,2
1677769,11917.740254,77,e,2,0,3,1
1677897,13743.043275,77,e,0,0,5,1
1690307,3743.285919,78,e,0,2,0,1
1690308,3788.209676,78,e,1,0,0,1
1690309,4951.619312,78,e,2,0,0,3
1690310,4994.707592,78,e,1,2,0,2
1690311,5066.629318,78,e,2,0,0,2
1690312,5088.456028,78,e,0,4,0,1
1690316,6199.024077,78,e,3,0,0,4
1690317,6234.301145,78,e,2,2,0,3
1690318,6316.41774,78,e,1,4,0,2
1690319,6336.946382,78,e,3,0,0,3
1690320,6414.27408,78,e,2,2,0,2
1690321,6434.76601,78,e,0,6,0,1
1690322,6461.289567,78,e,3,0,0,2
1690323,6537.838685,78,e,1,4,0,1
1690324,6604.066708,78,e,2,2,0,1
1690325,6630.943738,78,e,1,1,1,2
1690326,6632.481685,78,e,3,0,0,1
1690327,6708.948599,78,e,0,3,1,1
1690333,7593.655791,78,e,4,0,0,4
1690335,7652.207473,78,e,3,2,0,3
1690339,7841.393601,78,e,3,2,0,2
1690340,7860.557962,78,e,2,1,1,3
1690341,7876.783613,78,e,4,0,0,2
1690343,7927.04022,78,e,1,3,1,2
1690344,7994.779998,78,e,2,4,0,1
1690345,8012.517459,78,e,2,1,1,2
1690346,8030.357541,78,e,0,5,1,1
1690347,8050.881593,78,e,3,2,0,1
1690348,8077.783986,78,e,4,0,0,1
1690349,8124.08636,78,e,1,3,1,1
1690350,8173.535603,78,e,2,1,1,1
1690351,8278.730852,78,e,1,0,2,2
1690352,8329.423889,78,e,0,2,2,1
1690353,8378.21528,78,e,1,0,2,1
1690363,9071.89057,78,e,4,2,0,3
1690364,9076.853897,78,e,3,1,1,4
1690368,9134.809077,78,e,2,3,1,3
1690373,9278.032749,78,e,4,2,0,2
1690375,9338.094865,78,e,2,3,1,2
1690385,9549.209822,78,e,2,3,1,1
1690386,9588.529115,78,e,3,1,1,1
1690387,9617.888865,78,e,2,0,2,2
1690417,10625.744263,78,e,4,1,1,3
1690448,11150.662769,78,e,1,1,3,2
1690452,11288.852272,78,e,1,1,3,1
1703107,4340.161525,78,f,1,1,0,2
1703108,4415.741056,78,f,0,3,0,1
1703110,5592.490186,78,f,2,1,0,3
1703111,5654.472066,78,f,1,3,0,2
1703112,5744.570465,78,f,2,1,0,2
1703113,5761.469344,78,f,0,5,0,1
1703114,5853.841738,78,f,1,3,0,1
1703115,5910.312064,78,f,2,1,0,1
1703118,6882.963482,78,f,2,3,0,3
1703120,6996.585391,78,f,3,1,0,3
1703121,7087.926769,78,f,2,3,0,2
1703123,7159.587785,78,f,3,1,0,2
1703124,7220.825565,78,f,1,5,0,1
1703125,7279.039436,78,f,1,2,1,2
1703126,7301.443976,78,f,2,3,0,1
1703127,7351.334095,78,f,3,1,0,1
1703128,7369.451825,78,f,0,4,1,1
1703129,7451.090928,78,f,1,2,1,1
1703140,8496.996845,78,f,2,2,1,3
1703141,8528.032939,78,f,3,3,0,2
1703142,8576.965016,78,f,1,4,1,2
1703145,8676.973093,78,f,2,2,1,2
1703148,8757.504854,78,f,3,3,0,1
1703149,8796.085429,78,f,1,4,1,1
1703151,8865.058447,78,f,2,2,1,1
1703152,8908.876549,78,f,1,1,2,2
1703154,9048.377121,78,f,1,1,2,1
1703171,9893.868391,78,f,3,2,1,3
1703179,10082.442705,78,f,3,2,1,2
1703194,10585.154095,78,f,0,2,3,1
1714928,5056.014786,79,f,1,2,0,2
1714929,5150.280423,79,f,0,4,0,1
1714930,5230.212373,79,f,1,2,0,1
1714932,6294.950285,79,f,2,2,0,3
1714933,6378.2667,79,f,1,4,0,2
1714934,6476.198174,79,f,2,2,0,2
1714935,6496.799801,79,f,0,6,0,1
1714936,6599.637261,79,f,1,4,0,1
1714937,6667.528926,79,f,2,2,0,1
1714938,6698.108048,79,f,1,1,1,2
1714939,6770.20181,79,f,0,3,1,1
1714944,7713.550318,79,f,3,2,0,3
1714948,7929.350212,79,f,2,1,1,3
1714950,7988.340971,79,f,1,3,1,2
1714951,8056.560836,79,f,2,4,0,1
1714952,8080.278963,79,f,2,1,1,2
1714953,8091.832526,79,f,0,5,1,1
1714954,8116.087043,79,f,3,2,0,1
1714955,8185.356658,79,f,1,3,1,1
1714956,8242.403198,79,f,2,1,1,1
1714957,8390.080001,79,f,0,2,2,1
1714965,9147.02847,79,f,3,1,1,4
1714968,9196.203256,79,f,2,3,1,3
1714971,9311.69588,79,f,3,1,1,3
1714973,9342.858355,79,f,4,2,0,2
1714974,9399.340714,79,f,2,3,1,2
1714977,9472.026576,79,f,3,1,1,2
1714982,9610.50924,79,f,2,3,1,1
1714983,9659.517451,79,f,3,1,1,1
1726667,4477.449454,79,e,0,3,0,1
1726670,5646.239653,79,e,2,1,0,3
1726671,5716.19225,79,e,1,3,0,2
1726672,5798.924591,79,e,2,1,0,2
1726673,5823.399059,79,e,0,5,0,1
1726674,5915.492871,79,e,1,3,0,1
1726675,5963.301067,79,e,2,1,0,1
1726677,6109.932082,79,e,0,2,1,1
1726679,6882.515625,79,e,3,1,0,4
1726682,7049.352431,79,e,3,1,0,3
1726683,7149.568123,79,e,2,3,0,2
1726685,7211.588953,79,e,3,1,0,2
1726688,7340.568348,79,e,1,2,1,2
1726689,7362.94904,79,e,2,3,0,1
1726690,7401.275057,79,e,3,1,0,1
1726692,7430.810628,79,e,0,4,1,1
1726693,7511.647002,79,e,1,2,1,1
1726695,7740.687509,79,e,0,1,2,1
1726699,8288.98528,79,e,4,1,0,4
1726702,8454.757122,79,e,4,1,0,3
1726706,8559.289558,79,e,2,2,1,3
1726707,8589.529192,79,e,3,3,0,2
1726708,8636.852265,79,e,4,1,0,2
1726709,8638.400006,79,e,1,4,1,2
1726712,8737.808691,79,e,2,2,1,2
1726716,8818.617523,79,e,3,3,0,1
1726717,8851.211595,79,e,4,1,0,1
1726718,8857.520606,79,e,1,4,1,1
1726719,8924.734122,79,e,2,2,1,1
1726721,8964.154587,79,e,1,1,2,2
1726723,9103.687178,79,e,1,1,2,1
1726734,9736.724237,79,e,4,0,1,5
1726741,9900.862865,79,e,4,0,1,4
1726743,9955.252679,79,e,3,2,1,3
1726752,10142.226224,79,e,3,2,1,2
1726754,10178.324366,79,e,4,0,1,2
1726770,10645.361248,79,e,0,2,3,1
1726828,11798.483467,79,e,2,0,3,3
1726834,11916.252339,79,e,2,0,3,2
1726840,12037.096931,79,e,2,0,3,1
1739334,3867.270065,80,e,0,2,0,1
1739337,5118.757357,80,e,1,2,0,2
1739338,5189.988926,80,e,2,0,0,2
1739339,5212.879784,80,e,0,4,0,1
1739340,5291.840924,80,e,1,2,0,1
1739343,6322.805463,80,e,3,0,0,4
1739344,6358.482118,80,e,2,2,0,3
1739345,6440.891767,80,e,1,4,0,2
1739346,6460.185862,80,e,3,0,0,3
1739347,6538.138648,80,e,2,2,0,2
1739348,6559.611251,80,e,0,6,0,1
1739349,6584.80195,80,e,3,0,0,2
1739350,6662.20659,80,e,1,4,0,1
1739351,6727.92086,80,e,2,2,0,1
1739352,6753.985214,80,e,1,1,1,2
1739353,6756.232149,80,e,3,0,0,1
1739354,6832.207118,80,e,0,3,1,1
1739355,6895.558944,80,e,1,1,1,1
1739360,7716.935849,80,e,4,0,0,4
1739362,7776.083745,80,e,3,2,0,3
1739367,7983.352839,80,e,2,1,1,3
1739368,8000.5655,80,e,4,0,0,2
1739370,8050.365052,80,e,1,3,1,2
1739371,8119.090261,80,e,2,4,0,1
1739372,8135.055997,80,e,2,1,1,2
1739373,8154.077669,80,e,0,5,1,1
1739374,8174.653039,80,e,3,2,0,1
1739375,8202.093258,80,e,4,0,0,1
1739376,8247.328225,80,e,1,3,1,1
1739377,8296.28669,80,e,2,1,1,1
1739378,8400.383827,80,e,1,0,2,2
1739379,8451.492262,80,e,0,2,2,1
1739380,8499.85596,80,e,1,0,2,1
1739390,9195.208062,80,e,4,2,0,3
1739391,9200.015522,80,e,3,1,1,4
1739395,9258.233539,80,e,2,3,1,3
1739398,9364.795762,80,e,3,1,1,3
1739400,9401.627886,80,e,4,2,0,2
1739402,9461.314838,80,e,2,3,1,2
1739405,9524.891465,80,e,3,1,1,2
1739412,9672.527263,80,e,2,3,1,1
1739413,9711.405473,80,e,3,1,1,1
1739414,9739.322446,80,e,2,0,2,2
1739420,10069.039888,80,e,0,1,3,1
1739475,11271.50445,80,e,1,1,3,2
1739479,11409.607593,80,e,1,1,3,1
1752084,4464.095257,80,f,1,1,0,2
1752085,4539.950558,80,f,0,3,0,1
1752087,5716.556868,80,f,2,1,0,3
1752088,5778.730985,80,f,1,3,0,2
1752089,5868.417028,80,f,2,1,0,2
1752090,5886.105244,80,f,0,5,0,1
1752091,5978.013917,80,f,1,3,0,1
1752092,6034.4425,80,f,2,1,0,1
1752098,7212.054614,80,f,2,3,0,2
1752100,7283.525728,80,f,3,1,0,2
1752102,7402.123484,80,f,1,2,1,2
1752103,7425.601151,80,f,2,3,0,1
1752104,7475.657164,80,f,3,1,0,1
1752105,7492.939601,80,f,0,4,1,1
1752106,7574.137821,80,f,1,2,1,1
1752117,8620.167304,80,f,2,2,1,3
1752118,8652.080467,80,f,3,3,0,2
1752119,8700.522181,80,f,1,4,1,2
1752122,8799.952258,80,f,2,2,1,2
1752126,8919.569202,80,f,1,4,1,1
1752128,8988.197732,80,f,2,2,1,1
1752129,9030.912312,80,f,1,1,2,2
1752131,9170.371432,80,f,1,1,2,1
1752148,10016.868474,80,f,3,2,1,3
1752156,10205.437964,80,f,3,2,1,2
1752171,10706.266017,80,f,0,2,3,1
1763862,5181.585697,81,f,1,2,0,2
1763863,5276.254398,81,f,0,4,0,1
1763864,5355.759669,81,f,1,2,0,1
1763866,6420.58922,81,f,2,2,0,3
1763867,6504.290441,81,f,1,4,0,2
1763868,6601.658804,81,f,2,2,0,2
1763869,6623.200072,81,f,0,6,0,1
1763870,6725.555342,81,f,1,4,0,1
1763871,6793.13213,81,f,2,2,0,1
1763872,6822.623864,81,f,1,1,1,2
1763873,6894.997516,81,f,0,3,1,1
1763878,7838.96895,81,f,3,2,0,3
1763882,8054.024815,81,f,2,1,1,3
1763884,8113.204465,81,f,1,3,1,2
1763885,8182.42261,81,f,2,4,0,1
1763886,8204.691507,81,f,2,1,1,2
1763887,8217.094325,81,f,0,5,1,1
1763888,8241.765625,81,f,3,2,0,1
1763889,8310.140787,81,f,1,3,1,1
1763890,8367.09532,81,f,2,1,1,1
1763891,8513.674551,81,f,0,2,2,1
1763899,9271.912041,81,f,3,1,1,4
1763905,9436.096461,81,f,3,1,1,3
1763908,9524.099073,81,f,2,3,1,2
1763911,9596.528686,81,f,3,1,1,2
1763917,9784.432132,81,f,3,1,1,1
1763965,11338.594013,81,f,1,1,3,2
1763968,11476.365289,81,f,1,1,3,1
1775553,4603.205101,81,e,0,3,0,1
1775556,5771.474023,81,e,2,1,0,3
1775557,5841.99533,81,e,1,3,0,2
1775558,5923.949017,81,e,2,1,0,2
1775559,5949.587583,81,e,0,5,0,1
1775560,6041.203958,81,e,1,3,0,1
1775561,6088.527837,81,e,2,1,0,1
1775563,6234.491227,81,e,0,2,1,1
1775565,7007.804616,81,e,3,1,0,4
1775568,7174.276874,81,e,3,1,0,3
1775569,7275.235647,81,e,2,3,0,2
1775571,7336.574704,81,e,3,1,0,2
1775574,7465.212607,81,e,1,2,1,2
1775575,7488.620274,81,e,2,3,0,1
1775576,7526.527208,81,e,3,1,0,1
1775578,7555.836967,81,e,0,4,1,1
1775579,7636.159296,81,e,1,2,1,1
1775588,8579.519628,81,e,4,1,0,3
1775591,8650.143505,81,e,3,0,1,4
1775592,8684.083369,81,e,2,2,1,3
1775594,8761.845082,81,e,4,1,0,2
1775595,8763.500098,81,e,1,4,1,2
1775598,8862.278418,81,e,2,2,1,2
1775603,8976.539416,81,e,4,1,0,1
1775604,8982.559292,81,e,1,4,1,1
1775605,9049.245565,81,e,2,2,1,1
1775607,9087.46471,81,e,1,1,2,2
1775609,9226.927649,81,e,1,1,2,1
1775627,10024.804104,81,e,4,0,1,4
1775632,10149.781954,81,e,4,0,1,3
1775640,10302.621702,81,e,4,0,1,2
1775656,10767.980703,81,e,0,2,3,1
1775714,11920.875049,81,e,2,0,3,3
1775720,12038.216942,81,e,2,0,3,2
1775726,12159.476504,81,e,2,0,3,1
1788170,3994.342992,82,e,0,2,0,1
1788173,5245.895762,82,e,1,2,0,2
1788174,5316.425923,82,e,2,0,0,2
1788175,5340.403334,82,e,0,4,0,1
1788176,5418.846212,82,e,1,2,0,1
1788177,5451.223479,82,e,2,0,0,1
1788179,6449.661562,82,e,3,0,0,4
1788180,6485.753837,82,e,2,2,0,3
1788181,6568.464794,82,e,1,4,0,2
1788182,6586.493617,82,e,3,0,0,3
1788183,6665.085604,82,e,2,2,0,2
1788184,6687.565972,82,e,0,6,0,1
1788185,6711.40321,82,e,3,0,0,2
1788186,6789.673217,82,e,1,4,0,1
1788187,6854.855633,82,e,2,2,0,1
1788188,6879.877803,82,e,1,1,1,2
1788189,6883.295543,82,e,3,0,0,1
1788190,6958.536817,82,e,0,3,1,1
1788196,7843.279069,82,e,4,0,0,4
1788198,7903.041262,82,e,3,2,0,3
1788203,8109.205743,82,e,2,1,1,3
1788204,8127.448737,82,e,4,0,0,2
1788206,8176.760498,82,e,1,3,1,2
1788208,8260.649867,82,e,2,1,1,2
1788209,8280.880368,82,e,0,5,1,1
1788210,8301.502423,82,e,3,2,0,1
1788211,8329.518634,82,e,4,0,0,1
1788212,8373.641964,82,e,1,3,1,1
1788213,8422.103443,82,e,2,1,1,1
1788214,8525.064926,82,e,1,0,2,2
1788215,8576.601943,82,e,0,2,2,1
1788216,8624.533731,82,e,1,0,2,1
1788226,9321.522943,82,e,4,2,0,3
1788227,9326.306205,82,e,3,1,1,4
1788234,9490.30764,82,e,3,1,1,3
1788238,9587.60461,82,e,2,3,1,2
1788241,9650.471031,82,e,3,1,1,2
1788249,9837.354189,82,e,3,1,1,1
1788310,11395.356358,82,e,1,1,3,2
1788315,11533.375819,82,e,1,1,3,1
1800862,4591.114476,82,f,1,1,0,2
1800863,4667.254985,82,f,0,3,0,1
1800865,5843.708483,82,f,2,1,0,3
1800866,5906.083928,82,f,1,3,0,2
1800867,5995.351277,82,f,2,1,0,2
1800868,6013.845824,82,f,0,5,0,1
1800869,6105.280903,82,f,1,3,0,1
1800870,6161.672971,82,f,2,1,0,1
1800876,7339.274167,82,f,2,3,0,2
1800880,7528.272357,82,f,1,2,1,2
1800881,7552.853046,82,f,2,3,0,1
1800882,7603.087117,82,f,3,1,0,1
1800883,7619.504183,82,f,0,4,1,1
1800884,7700.254164,82,f,1,2,1,1
1800885,7930.619877,82,f,0,1,2,1
1800895,8746.401911,82,f,2,2,1,3
1800897,8827.155716,82,f,1,4,1,2
1800900,8925.996777,82,f,2,2,1,2
1800904,9046.131833,82,f,1,4,1,1
1800906,9114.412141,82,f,2,2,1,1
1800907,9155.985868,82,f,1,1,2,2
1800909,9295.409986,82,f,1,1,2,1
1800949,10830.396268,82,f,0,2,3,1
1812586,5310.24386,83,f,1,2,0,2
1812587,5405.32704,83,f,0,4,0,1
1812588,5484.398935,83,f,1,2,0,1
1812590,6549.314112,83,f,2,2,0,3
1812591,6633.411958,83,f,1,4,0,2
1812592,6730.206898,83,f,2,2,0,2
1812593,6752.708653,83,f,0,6,0,1
1812594,6854.571128,83,f,1,4,0,1
1812595,6921.830852,83,f,2,2,0,1
1812596,6950.200249,83,f,1,1,1,2
1812597,7022.863477,83,f,0,3,1,1
1812598,7091.572498,83,f,1,1,1,1
1812602,7967.471,83,f,3,2,0,3
1812606,8181.760323,83,f,2,1,1,3
1812608,8241.137686,83,f,1,3,1,2
1812610,8332.166557,83,f,2,1,1,2
1812611,8345.437622,83,f,0,5,1,1
1812612,8370.544095,83,f,3,2,0,1
1812613,8437.99665,83,f,1,3,1,1
1812614,8494.862573,83,f,2,1,1,1
1812615,8640.310442,83,f,0,2,2,1
1812623,9399.861069,83,f,3,1,1,4
1812629,9563.554888,83,f,3,1,1,3
1812632,9651.926529,83,f,2,3,1,2
1812635,9724.100277,83,f,3,1,1,2
1812641,9912.429995,83,f,3,1,1,1
1812645,10259.726429,83,f,0,1,3,1
1812689,11464.202192,83,f,1,1,3,2
1812692,11601.904851,83,f,1,1,3,1
1824218,4649.52076,83,e,1,1,0,2
1824219,4732.054323,83,e,0,3,0,1
1824222,5899.785437,83,e,2,1,0,3
1824223,5970.8909,83,e,1,3,0,2
1824224,6052.05091,83,e,2,1,0,2
1824225,6078.879634,83,e,0,5,0,1
1824226,6170.007394,83,e,1,3,0,1
1824227,6216.841999,83,e,2,1,0,1
1824229,6362.1143,83,e,0,2,1,1
1824231,7136.169625,83,e,3,1,0,4
1824234,7302.273266,83,e,3,1,0,3
1824235,7403.992709,83,e,2,3,0,2
1824237,7464.640723,83,e,3,1,0,2
1824240,7592.920972,83,e,1,2,1,2
1824241,7617.380082,83,e,2,3,0,1
1824242,7654.864167,83,e,3,1,0,1
1824244,7683.938972,83,e,0,4,1,1
1824245,7763.733591,83,e,1,2,1,1
1824246,7796.736984,83,e,2,0,1,1
1824257,8777.592637,83,e,3,0,1,4
1824258,8811.943691,83,e,2,2,1,3
1824260,8889.920088,83,e,4,1,0,2
1824261,8891.676065,83,e,1,4,1,2
1824264,8989.807165,83,e,2,2,1,2
1824269,9104.965013,83,e,4,1,0,1
1824270,9110.680095,83,e,1,4,1,1
1824271,9176.818116,83,e,2,2,1,1
1824272,9204.567064,83,e,3,0,1,1
1824273,9213.811875,83,e,1,1,2,2
1824275,9353.204102,83,e,1,1,2,1
1824293,10151.787615,83,e,4,0,1,4
1824298,10276.538949,83,e,4,0,1,3
1824306,10430.003979,83,e,4,0,1,2
1824322,10893.616553,83,e,0,2,3,1
1824386,12163.185537,83,e,2,0,3,2
1836769,4124.502369,84,e,0,2,0,1
1836771,5331.831724,84,e,2,0,0,3
1836772,5376.120283,84,e,1,2,0,2
1836773,5445.938496,84,e,2,0,0,2
1836774,5471.024389,84,e,0,4,0,1
1836775,5548.934518,84,e,1,2,0,1
1836776,5581.252448,84,e,2,0,0,1
1836778,6579.589649,84,e,3,0,0,4
1836779,6616.113587,84,e,2,2,0,3
1836781,6715.867451,84,e,3,0,0,3
1836782,6795.11229,84,e,2,2,0,2
1836784,6841.0921,84,e,3,0,0,2
1836785,6920.236277,84,e,1,4,0,1
1836786,6984.868549,84,e,2,2,0,1
1836787,7008.763152,84,e,1,1,1,2
1836788,7013.526781,84,e,3,0,0,1
1836789,7087.935459,84,e,0,3,1,1
1836802,8238.114788,84,e,2,1,1,3
1836803,8257.432312,84,e,4,0,0,2
1836805,8306.22416,84,e,1,3,1,2
1836807,8389.29719,84,e,2,1,1,2
1836808,8410.763416,84,e,0,5,1,1
1836809,8431.42785,84,e,3,2,0,1
1836810,8460.058579,84,e,4,0,0,1
1836811,8503.025408,84,e,1,3,1,1
1836812,8550.984288,84,e,2,1,1,1
1836813,8652.771782,84,e,1,0,2,2
1836814,8704.750663,84,e,0,2,2,1
1836815,8752.246918,84,e,1,0,2,1
1836826,9455.728373,84,e,4,2,0,3
1836833,9618.867988,84,e,3,1,1,3
1836840,9779.107934,84,e,3,1,1,2
1836848,9966.373742,84,e,3,1,1,1
1836855,10319.629783,84,e,0,1,3,1
1836909,11522.216487,84,e,1,1,3,2
1836914,11660.155122,84,e,1,1,3,1
1849390,4721.216801,84,f,1,1,0,2
1849391,4797.652092,84,f,0,3,0,1
1849392,4864.82772,84,f,1,1,0,1
1849393,5973.94237,84,f,2,1,0,3
1849394,6036.528477,84,f,1,3,0,2
1849395,6125.371189,84,f,2,1,0,2
1849396,6144.688765,84,f,0,5,0,1
1849397,6235.640527,84,f,1,3,0,1
1849398,6292.001772,84,f,2,1,0,1
1849404,7469.583103,84,f,2,3,0,2
1849408,7657.483717,84,f,1,2,1,2
1849409,7683.197558,84,f,2,3,0,1
1849410,7733.622352,84,f,3,1,0,1
1849411,7749.143348,84,f,0,4,1,1
1849412,7829.438037,84,f,1,2,1,1
1849413,8058.622179,84,f,0,1,2,1
1849423,8875.698132,84,f,2,2,1,3
1849425,8956.863233,84,f,1,4,1,2
1849428,9055.1046,84,f,2,2,1,2
1849432,9175.771334,84,f,1,4,1,1
1849434,9243.700062,84,f,2,2,1,1
1849437,9423.490948,84,f,1,1,2,1
1849477,10957.54273,84,f,0,2,3,1
1861051,5441.986904,85,f,1,2,0,2
1861052,5537.496036,85,f,0,4,0,1
1861053,5616.128185,85,f,1,2,0,1
1861055,6681.12239,85,f,2,2,0,3
1861057,6861.840322,85,f,2,2,0,2
1861059,6986.68232,85,f,1,4,0,1
1861060,7053.623253,85,f,2,2,0,1
1861061,7080.834828,85,f,1,1,1,2
1861062,7153.797448,85,f,0,3,1,1
1861063,7222.218183,85,f,1,1,1,1
1861071,8312.554159,85,f,2,1,1,3
1861073,8372.138225,85,f,1,3,1,2
1861075,8462.702095,85,f,2,1,1,2
1861076,8476.860173,85,f,0,5,1,1
1861077,8502.420846,85,f,3,2,0,1
1861078,8568.92217,85,f,1,3,1,1
1861079,8625.703272,85,f,2,1,1,1
1861080,8769.985521,85,f,0,2,2,1
1861088,9530.873482,85,f,3,1,1,4
1861094,9694.068852,85,f,3,1,1,3
1861100,9854.739645,85,f,3,1,1,2
1861110,10388.213356,85,f,0,1,3,1
1872611,3515.733863,85,e,0,1,0,1
1872612,4780.876784,85,e,1,1,0,2
1872613,4863.994818,85,e,0,3,0,1
1872616,6031.171403,85,e,2,1,0,3
1872617,6102.876486,85,e,1,3,0,2
1872618,6183.22821,85,e,2,1,0,2
1872619,6211.272863,85,e,0,5,0,1
1872620,6301.900796,85,e,1,3,0,1
1872621,6348.241903,85,e,2,1,0,1
1872623,6492.79897,85,e,0,2,1,1
1872625,7267.608013,85,e,3,1,0,4
1872628,7433.339351,85,e,3,1,0,3
1872629,7535.836813,85,e,2,3,0,2
1872631,7595.785287,85,e,3,1,0,2
1872634,7723.690908,85,e,1,2,1,2
1872635,7749.225701,85,e,2,3,0,1
1872636,7786.280992,85,e,3,1,0,1
1872638,7815.11438,85,e,0,4,1,1
1872639,7894.367518,85,e,1,2,1,1
1872640,7927.264688,85,e,2,0,1,1
1872641,8119.578574,85,e,0,1,2,1
1872650,8908.08968,85,e,3,0,1,4
1872652,8942.86778,85,e,2,2,1,3
1872654,9021.075414,85,e,4,1,0,2
1872658,9120.392357,85,e,2,2,1,2
1872664,9241.882373,85,e,1,4,1,1
1872665,9307.449541,85,e,2,2,1,1
1872666,9335.343725,85,e,3,0,1,1
1872667,9343.19685,85,e,1,1,2,2
1872669,9482.514663,85,e,1,1,2,1
1872687,10281.811137,85,e,4,0,1,4
1872692,10406.346508,85,e,4,0,1,3
1872716,11022.266523,85,e,0,2,3,1
1872718,11071.644629,85,e,1,0,3,1
1872780,12291.156589,85,e,2,0,3,2
1885088,4257.745799,86,e,0,2,0,1
1885090,5464.712105,86,e,2,0,0,3
1885091,5509.428323,86,e,1,2,0,2
1885092,5578.524803,86,e,2,0,0,2
1885093,5604.740604,86,e,0,4,0,1
1885094,5682.103335,86,e,1,2,0,1
1885095,5714.37514,86,e,2,0,0,1
1885096,5896.43961,86,e,0,1,1,1
1885097,6712.586949,86,e,3,0,0,4
1885098,6749.558563,86,e,2,2,0,3
1885100,6848.305137,86,e,3,0,0,3
1885101,6928.21597,86,e,2,2,0,2
1885103,6973.867355,86,e,3,0,0,2
1885104,7053.893413,86,e,1,4,0,1
1885105,7117.957087,86,e,2,2,0,1
1885106,7140.677844,86,e,1,1,1,2
1885107,7146.885734,86,e,3,0,0,1
1885108,7220.400747,86,e,0,3,1,1
1885121,8370.078197,86,e,2,1,1,3
1885122,8390.515151,86,e,4,0,0,2
1885124,8438.753582,86,e,1,3,1,2
1885126,8520.996147,86,e,2,1,1,2
1885127,8543.724537,86,e,0,5,1,1
1885128,8564.427462,86,e,3,2,0,1
1885129,8593.711452,86,e,4,0,0,1
1885130,8635.476327,86,e,1,3,1,1
1885131,8682.927626,86,e,2,1,1,1
1885132,8783.501973,86,e,1,0,2,2
1885133,8835.93609,86,e,0,2,2,1
1885134,8882.993805,86,e,1,0,2,1
1885152,9750.474696,86,e,3,1,1,3
1885159,9910.800531,86,e,3,1,1,2
1885174,10449.435217,86,e,0,1,3,1
1897627,4854.399794,86,f,1,1,0,2
1897628,4931.139577,86,f,0,3,0,1
1897629,4998.06118,86,f,1,1,0,1
1897630,6107.255814,86,f,2,1,0,3
1897631,6170.062155,86,f,1,3,0,2
1897632,6258.474698,86,f,2,1,0,2
1897633,6278.631688,86,f,0,5,0,1
1897634,6369.090564,86,f,1,3,0,1
1897635,6425.427153,86,f,2,1,0,1
1897641,7602.979036,86,f,2,3,0,2
1897645,7789.755173,86,f,1,2,1,2
1897646,7816.63254,86,f,2,3,0,1
1897647,7867.261213,86,f,3,1,0,1
1897648,7881.854822,86,f,0,4,1,1
1897649,7961.687479,86,f,1,2,1,1
1897650,8189.659193,86,f,0,1,2,1
1897660,9008.053377,86,f,2,2,1,3
1897665,9187.273628,86,f,2,2,1,2
1897671,9376.059857,86,f,2,2,1,1
1909210,4325.659139,87,f,0,2,0,1
1909211,5576.812401,87,f,1,2,0,2
1909212,5672.75901,87,f,0,4,0,1
1909213,5750.945384,87,f,1,2,0,1
1909215,6816.011421,87,f,2,2,0,3
1909217,6996.556898,87,f,2,2,0,2
1909219,7121.88656,87,f,1,4,0,1
1909220,7188.507445,87,f,2,2,0,1
1909221,7214.525185,87,f,1,1,1,2
1909222,7287.797132,87,f,0,3,1,1
1909223,7355.927913,87,f,1,1,1,1
1909231,8446.403717,87,f,2,1,1,3
1909233,8506.203615,87,f,1,3,1,2
1909235,8596.296069,87,f,2,1,1,2
1909236,8611.359686,87,f,0,5,1,1
1909237,8637.394233,87,f,3,2,0,1
1909238,8702.915224,87,f,1,3,1,1
1909239,8759.615692,87,f,2,1,1,1
1909248,9664.947371,87,f,3,1,1,4
1909254,9827.636008,87,f,3,1,1,3
1909260,9988.445049,87,f,3,1,1,2
1909270,10519.709517,87,f,0,1,3,1
1920691,3650.19554,87,e,0,1,0,1
1920692,4915.306973,87,e,1,1,0,2
1920693,4999.024221,87,e,0,3,0,1
1920696,6165.629371,87,e,2,1,0,3
1920697,6237.949553,87,e,1,3,0,2
1920698,6317.478811,87,e,2,1,0,2
1920699,6346.764863,87,e,0,5,0,1
1920700,6436.881706,87,e,1,3,0,1
1920701,6482.72587,87,e,2,1,0,1
1920703,6626.542843,87,e,0,2,1,1
1920705,7402.117081,87,e,3,1,0,4
1920708,7567.472832,87,e,3,1,0,3
1920709,7670.765387,87,e,2,3,0,2
1920711,7730.006646,87,e,3,1,0,2
1920713,7815.260096,87,e,2,0,1,3
1920714,7857.519807,87,e,1,2,1,2
1920715,7884.154264,87,e,2,3,0,1
1920716,7920.770203,87,e,3,1,0,1
1920718,7949.360874,87,e,0,4,1,1
1920719,8028.058649,87,e,1,2,1,1
1920720,8060.860654,87,e,2,0,1,1
1920721,8251.937222,87,e,0,1,2,1
1920730,9041.631852,87,e,3,0,1,4
1920732,9076.852806,87,e,2,2,1,3
1920737,9179.026349,87,e,3,0,1,3
1920738,9254.031346,87,e,2,2,1,2
1920741,9301.052515,87,e,3,0,1,2
1920745,9441.137581,87,e,2,2,1,1
1920746,9469.185902,87,e,3,0,1,1
1920747,9475.623254,87,e,1,1,2,2
1920749,9614.85742,87,e,1,1,2,1
1920767,10414.872452,87,e,4,0,1,4
1920772,10539.203478,87,e,4,0,1,3
1920795,11104.587792,87,e,1,0,3,2
1933079,4394.070817,88,e,0,2,0,1
1933081,5600.659462,88,e,2,0,0,3
1933082,5645.817209,88,e,1,2,0,2
1933083,5714.182975,88,e,2,0,0,2
1933084,5741.549572,88,e,0,4,0,1
1933085,5818.350102,88,e,1,2,0,1
1933086,5850.590098,88,e,2,0,0,1
1933087,6031.375534,88,e,0,1,1,1
1933088,6848.650635,88,e,3,0,0,4
1933091,6983.804423,88,e,3,0,0,3
1933092,7064.393833,88,e,2,2,0,2
1933094,7109.727683,88,e,3,0,0,2
1933095,7190.642205,88,e,1,4,0,1
1933096,7254.118686,88,e,2,2,0,1
1933097,7275.632066,88,e,1,1,1,2
1933098,7283.358578,88,e,3,0,0,1
1933099,7355.930328,88,e,0,3,1,1
1933101,7673.184302,88,e,0,0,2,1
1933112,8505.094357,88,e,2,1,1,3
1933113,8526.696109,88,e,4,0,0,2
1933115,8574.346251,88,e,1,3,1,2
1933117,8655.745108,88,e,2,1,1,2
1933118,8679.7614,88,e,0,5,1,1
1933119,8700.499431,88,e,3,2,0,1
1933121,8770.992436,88,e,1,3,1,1
1933122,8817.931837,88,e,2,1,1,1
1933123,8917.253025,88,e,1,0,2,2
1933125,9016.772646,88,e,1,0,2,1
1933143,9885.125705,88,e,3,1,1,3
1933150,10045.547159,88,e,3,1,1,2
1933165,10582.244749,88,e,0,1,3,1
1945524,4990.660963,88,f,1,1,0,2
1945525,5067.715083,88,f,0,3,0,1
1945526,5134.382122,88,f,1,1,0,1
1945527,6243.646036,88,f,2,1,0,3
1945528,6306.682417,88,f,1,3,0,2
1945529,6394.659694,88,f,2,1,0,2
1945530,6415.672157,88,f,0,5,0,1
1945531,6505.628738,88,f,1,3,0,1
1945532,6561.947318,88,f,2,1,0,1
1945533,6694.649779,88,f,0,2,1,1
1945542,7925.08428,88,f,1,2,1,2
1945543,7953.1558,88,f,2,3,0,1
1945545,8017.63628,88,f,0,4,1,1
1945546,8097.000486,88,f,1,2,1,1
1945557,9143.464998,88,f,2,2,1,3
1945562,9322.501717,88,f,2,2,1,2
1945568,9511.489864,88,f,2,2,1,1
1957020,4463.545365,89,f,0,2,0,1
1957021,5714.717868,89,f,1,2,0,2
1957022,5811.113531,89,f,0,4,0,1
1957023,5888.848454,89,f,1,2,0,1
1957025,6953.978517,89,f,2,2,0,3
1957027,7134.354401,89,f,2,2,0,2
1957030,7326.481485,89,f,2,2,0,1
1957031,7351.268861,89,f,1,1,1,2
1957032,7424.860174,89,f,0,3,1,1
1957033,7492.69972,89,f,1,1,1,1
1957041,8583.306363,89,f,2,1,1,3
1957043,8643.331337,89,f,1,3,1,2
1957045,8732.946402,89,f,2,1,1,2
1957047,8775.462572,89,f,3,2,0,1
1957048,8839.973647,89,f,1,3,1,1
1957049,8896.598066,89,f,2,1,1,1
1957064,9964.253977,89,f,3,1,1,3
1957070,10125.21471,89,f,3,1,1,2
1957080,10654.21268,89,f,0,1,3,1
1968411,3787.732707,89,e,0,1,0,1
1968412,5052.808904,89,e,1,1,0,2
1968413,5137.140108,89,e,0,3,0,1
1968416,6303.156737,89,e,2,1,0,3
1968417,6376.1075,89,e,1,3,0,2
1968418,6454.800569,89,e,2,1,0,2
1968419,6485.353165,89,e,0,5,0,1
1968420,6574.947591,89,e,1,3,0,1
1968421,6620.292203,89,e,2,1,0,1
1968422,6706.740442,89,e,1,0,1,2
1968423,6763.343459,89,e,0,2,1,1
1968428,7704.671449,89,e,3,1,0,3
1968431,7867.303029,89,e,3,1,0,2
1968433,7951.708901,89,e,2,0,1,3
1968434,7994.404984,89,e,1,2,1,2
1968435,8022.162795,89,e,2,3,0,1
1968436,8058.31941,89,e,3,1,0,1
1968437,8065.876535,89,e,2,0,1,2
1968438,8086.676084,89,e,0,4,1,1
1968439,8164.804505,89,e,1,2,1,1
1968440,8197.523422,89,e,2,0,1,1
1968441,8387.323033,89,e,0,1,2,1
1968450,9178.216325,89,e,3,0,1,4
1968452,9213.895854,89,e,2,2,1,3
1968458,9390.721408,89,e,2,2,1,2
1968461,9437.351855,89,e,3,0,1,2
1968465,9577.879954,89,e,2,2,1,1
1968466,9606.079145,89,e,3,0,1,1
1968467,9611.101892,89,e,1,1,2,2
1968492,10675.108671,89,e,4,0,1,3
1968515,11238.795118,89,e,1,0,3,2
1968518,11337.015395,89,e,1,0,3,1
1980698,4473.048617,90,e,1,0,0,2
1980699,4533.474896,90,e,0,2,0,1
1980701,5739.671024,90,e,2,0,0,3
1980702,5785.28419,90,e,1,2,0,2
1980703,5852.911115,90,e,2,0,0,2
1980704,5881.448825,90,e,0,4,0,1
1980705,5957.672202,90,e,1,2,0,1
1980706,5989.895821,90,e,2,0,0,1
1980708,6987.777827,90,e,3,0,0,4
1980711,7122.363029,90,e,3,0,0,3
1980712,7203.642997,90,e,2,2,0,2
1980714,7248.671771,90,e,3,0,0,2
1980716,7393.350728,90,e,2,2,0,1
1980717,7413.628567,90,e,1,1,1,2
1980718,7422.938835,90,e,3,0,0,1
1980719,7494.52179,90,e,0,3,1,1
1980732,8643.161908,90,e,2,1,1,3
1980735,8712.999605,90,e,1,3,1,2
1980737,8793.542989,90,e,2,1,1,2
1980739,8839.641964,90,e,3,2,0,1
1980741,8909.571394,90,e,1,3,1,1
1980742,8955.99528,90,e,2,1,1,1
1980743,9054.022412,90,e,1,0,2,2
1980745,9153.581653,90,e,1,0,2,1
1980763,10022.81913,90,e,3,1,1,3
1980770,10183.346135,90,e,3,1,1,2
1980785,10718.056147,90,e,0,1,3,1
1993041,5129.99776,90,f,1,1,0,2
1993042,5207.376192,90,f,0,3,0,1
1993043,5273.788531,90,f,1,1,0,1
1993044,6383.110203,90,f,2,1,0,3
1993045,6446.386659,90,f,1,3,0,2
1993046,6533.924026,90,f,2,1,0,2
1993047,6555.807672,90,f,0,5,0,1
1993048,6645.25272,90,f,1,3,0,1
1993049,6701.560428,90,f,2,1,0,1
1993050,6832.994737,90,f,0,2,1,1
1993059,8063.468539,90,f,1,2,1,2
1993060,8092.765105,90,f,2,3,0,1
1993062,8156.485351,90,f,0,4,1,1
1993063,8235.375009,90,f,1,2,1,1
1993074,9281.930291,90,f,2,2,1,3
1993079,9460.786678,90,f,2,2,1,2
1993085,9649.988398,90,f,2,2,1,1
2004441,4604.512002,91,f,0,2,0,1
2004442,5855.70077,91,f,1,2,0,2
2004443,5952.557105,91,f,0,4,0,1
2004444,6029.835269,91,f,1,2,0,1
2004448,7275.23056,91,f,2,2,0,2
2004452,7491.063358,91,f,1,1,1,2
2004453,7564.984163,91,f,0,3,1,1
2004454,7632.531594,91,f,1,1,1,1
2004462,8723.25945,91,f,2,1,1,3
2004464,8783.518823,91,f,1,3,1,2
2004466,8872.650996,91,f,2,1,1,2
2004469,8980.095227,91,f,1,3,1,1
2004470,9036.648581,91,f,2,1,1,1
2004485,10103.920351,91,f,3,1,1,3
2004501,10791.720565,91,f,0,1,3,1
2015725,5193.3801,91,e,1,1,0,2
2015726,5278.339991,91,e,0,3,0,1
2015727,5336.604096,91,e,1,1,0,1
2015729,6443.750837,91,e,2,1,0,3
2015730,6517.347659,91,e,1,3,0,2
2015731,6595.191294,91,e,2,1,0,2
2015732,6627.03524,91,e,0,5,0,1
2015733,6716.09584,91,e,1,3,0,1
2015734,6760.939181,91,e,2,1,0,1
2015736,6903.198296,91,e,0,2,1,1
2015740,7844.932301,91,e,3,1,0,3
2015744,8007.672641,91,e,3,1,0,2
2015746,8091.19724,91,e,2,0,1,3
2015747,8134.343682,91,e,1,2,1,2
2015748,8163.248208,91,e,2,3,0,1
2015749,8198.906142,91,e,3,1,0,1
2015750,8205.180432,91,e,2,0,1,2
2015751,8227.057581,91,e,0,4,1,1
2015752,8304.602553,91,e,1,2,1,1
2015753,8337.251491,91,e,2,0,1,1
2015754,8525.733738,91,e,0,1,2,1
2015763,9317.840217,91,e,3,0,1,4
2015765,9353.99392,91,e,2,2,1,3
2015770,9454.119243,91,e,3,0,1,3
2015771,9530.459753,91,e,2,2,1,2
2015774,9576.709646,91,e,3,0,1,2
2015778,9717.67435,91,e,2,2,1,1
2015779,9745.987552,91,e,3,0,1,1
2015827,11375.995563,91,e,1,0,3,2
2015831,11474.208326,91,e,1,0,3,1
2027899,4675.95544,92,e,0,2,0,1
2027900,4718.347413,92,e,1,0,0,1
2027901,5881.743963,92,e,2,0,0,3
2027902,5927.826436,92,e,1,2,0,2
2027903,5994.707298,92,e,2,0,0,2
2027904,6024.435839,92,e,0,4,0,1
2027905,6100.06697,92,e,1,2,0,1
2027906,6132.290764,92,e,2,0,0,1
2027911,7263.978652,92,e,3,0,0,3
2027912,7345.960504,92,e,2,2,0,2
2027914,7390.698275,92,e,3,0,0,2
2027916,7535.650528,92,e,2,2,0,1
2027917,7554.667491,92,e,1,1,1,2
2027918,7565.622568,92,e,3,0,0,1
2027919,7636.172661,92,e,0,3,1,1
2027920,7695.885977,92,e,1,1,1,1
2027932,8784.279869,92,e,2,1,1,3
2027935,8854.711035,92,e,1,3,1,2
2027937,8934.390585,92,e,2,1,1,2
2027941,9051.2108,92,e,1,3,1,1
2027942,9097.116293,92,e,2,1,1,1
2027943,9193.807555,92,e,1,0,2,2
2027945,9293.419005,92,e,1,0,2,1
2027985,10856.86713,92,e,0,1,3,1
2040118,5272.407586,92,f,1,1,0,2
2040119,5350.120434,92,f,0,3,0,1
2040120,5416.27835,92,f,1,1,0,1
2040121,6525.645419,92,f,2,1,0,3
2040122,6589.172212,92,f,1,3,0,2
2040123,6676.2655,92,f,2,1,0,2
2040124,6699.035675,92,f,0,5,0,1
2040125,6787.96013,92,f,1,3,0,1
2040126,6844.264597,92,f,2,1,0,1
2040127,6974.394949,92,f,0,2,1,1
2040136,8204.905399,92,f,1,2,1,2
2040137,8235.458178,92,f,2,3,0,1
2040139,8298.399622,92,f,0,4,1,1
2040140,8376.808957,92,f,1,2,1,1
2040156,9602.126279,92,f,2,2,1,2
2051405,4748.556666,93,f,0,2,0,1
2051406,5999.758514,93,f,1,2,0,2
2051407,6097.087182,93,f,0,4,0,1
2051408,6173.90366,93,f,1,2,0,1
2051412,7419.183059,93,f,2,2,0,2
2051416,7633.906152,93,f,1,1,1,2
2051417,7708.166633,93,f,0,3,1,1
2051418,7775.421478,93,f,1,1,1,1
2051426,8866.260334,93,f,2,1,1,3
2051428,8926.763466,93,f,1,3,1,2
2051430,9015.407754,93,f,2,1,1,2
2051433,9123.277712,93,f,1,3,1,1
2051434,9179.765385,93,f,2,1,1,1
2051465,10932.230838,93,f,0,1,3,1
2062568,5337.018032,93,e,1,1,0,2
2062569,5422.621322,93,e,0,3,0,1
2062570,5480.26695,93,e,1,1,0,1
2062572,6587.408953,93,e,2,1,0,3
2062573,6661.667299,93,e,1,3,0,2
2062574,6738.648756,93,e,2,1,0,2
2062576,6860.323765,93,e,1,3,0,1
2062577,6904.665064,93,e,2,1,0,1
2062579,7046.104765,93,e,0,2,1,1
2062580,7089.874605,93,e,1,0,1,1
2062583,7988.253735,93,e,3,1,0,3
2062587,8151.113669,93,e,3,1,0,2
2062589,8233.722294,93,e,2,0,1,3
2062590,8277.333067,93,e,1,2,1,2
2062592,8342.486528,93,e,3,1,0,1
2062593,8347.620556,93,e,2,0,1,2
2062594,8370.502883,93,e,0,4,1,1
2062595,8447.450213,93,e,1,2,1,1
2062596,8480.043317,93,e,2,0,1,1
2062597,8667.167021,93,e,0,1,2,1
2062606,9460.500598,93,e,3,0,1,4
2062612,9596.225496,93,e,3,0,1,3
2062614,9673.243517,93,e,2,2,1,2
2062617,9719.124555,93,e,3,0,1,2
2062627,10293.085526,93,e,0,0,3,1
2062670,11516.186508,93,e,1,0,3,2
2062674,11614.403867,93,e,1,0,3,1
2074612,3474.040052,94,e,0,0,0,1
2074614,4821.509787,94,e,0,2,0,1
2074615,4863.542771,94,e,1,0,0,1
2074616,6026.875398,94,e,2,0,0,3
2074617,6073.441042,94,e,1,2,0,2
2074618,6139.569576,94,e,2,0,0,2
2074619,6170.508026,94,e,0,4,0,1
2074620,6245.531692,94,e,1,2,0,1
2074621,6277.77333,94,e,2,0,0,1
2074627,7491.343331,94,e,2,2,0,2
2074631,7681.015305,94,e,2,2,0,1
2074632,7698.747926,94,e,1,1,1,2
2074633,7711.406849,94,e,3,0,0,1
2074634,7780.880408,94,e,0,3,1,1
2074635,7839.956925,94,e,1,1,1,1
2074636,8092.447578,94,e,0,0,2,1
2074647,8928.447831,94,e,2,1,1,3
2074650,8999.477901,94,e,1,3,1,2
2074652,9078.298313,94,e,2,1,1,2
2074656,9195.908199,94,e,1,3,1,1
2074657,9241.293201,94,e,2,1,1,1
2074700,10998.675364,94,e,0,1,3,1
2086695,4150.453948,94,f,0,1,0,1
2086696,5417.887785,94,f,1,1,0,2
2086697,5495.945276,94,f,0,3,0,1
2086698,5561.849473,94,f,1,1,0,1
2086703,6933.748536,94,f,1,3,0,1
2086705,7118.84802,94,f,0,2,1,1
2086714,8349.392252,94,f,1,2,1,2
2086717,8443.376646,94,f,0,4,1,1
2086718,8521.300198,94,f,1,2,1,1
2086719,8744.109394,94,f,0,1,2,1
2097858,4895.676919,95,f,0,2,0,1
2097859,6146.888456,95,f,1,2,0,2
2097860,6244.70115,95,f,0,4,0,1
2097861,6321.051409,95,f,1,2,0,1
2097862,6533.02693,95,f,0,1,1,1
2097865,7566.209535,95,f,2,2,0,2
2097869,7779.794698,95,f,1,1,1,2
2097870,7854.405064,95,f,0,3,1,1
2097871,7921.367268,95,f,1,1,1,1
2097879,9012.306392,95,f,2,1,1,3
2097883,9161.214606,95,f,2,1,1,2
2097886,9269.51881,95,f,1,3,1,1
2097887,9325.946579,95,f,2,1,1,1
2097918,11075.741117,95,f,0,1,3,1
2108883,5483.720117,95,e,1,1,0,2
2108884,5569.981489,95,e,0,3,0,1
2108885,5627.001246,95,e,1,1,0,1
2108886,5868.812742,95,e,0,0,1,1
2108887,6734.128312,95,e,2,1,0,3
2108889,6885.170687,95,e,2,1,0,2
2108891,7007.628595,95,e,1,3,0,1
2108892,7051.468094,95,e,2,1,0,1
2108894,7192.060212,95,e,0,2,1,1
2108895,7235.429851,95,e,1,0,1,1
2108904,8379.281529,95,e,2,0,1,3
2108905,8423.370227,95,e,1,2,1,2
2108907,8488.975209,95,e,3,1,0,1
2108908,8493.279219,95,e,2,0,1,2
2108909,8517.009455,95,e,0,4,1,1
2108910,8593.344858,95,e,1,2,1,1
2108911,8625.897312,95,e,2,0,1,1
2108912,8811.620514,95,e,0,1,2,1
2108921,9606.194487,95,e,3,0,1,4
2108927,9741.371275,95,e,3,0,1,3
2108932,9864.595227,95,e,3,0,1,2
2108942,10436.20712,95,e,0,0,3,1
2120783,3622.176026,96,e,0,0,0,1
2120785,4970.13521,96,e,0,2,0,1
2120786,5011.812154,96,e,1,0,0,1
2120787,6175.062392,96,e,2,0,0,3
2120788,6222.125022,96,e,1,2,0,2
2120789,6287.495976,96,e,2,0,0,2
2120790,6319.662737,96,e,0,4,0,1
2120791,6394.063608,96,e,1,2,0,1
2120792,6426.341871,96,e,2,0,0,1
2120798,7639.788387,96,e,2,2,0,2
2120803,7845.868525,96,e,1,1,1,2
2120804,7860.289188,96,e,3,0,0,1
2120805,7928.642442,96,e,0,3,1,1
2120806,7987.074652,96,e,1,1,1,1
2120807,8238.236697,96,e,0,0,2,1
2120818,9075.666243,96,e,2,1,1,3
2120822,9224.557523,96,e,2,4,0,1
2120823,9225.418788,96,e,2,1,1,2
2120828,9388.524311,96,e,2,1,1,1
2132707,4298.967068,96,f,0,1,0,1
2132708,5566.435651,96,f,1,1,0,2
2132709,5644.848132,96,f,0,3,0,1
2132710,5710.49975,96,f,1,1,0,1
2132715,7082.615457,96,f,1,3,0,1
2132717,7266.351505,96,f,0,2,1,1
2132726,8496.926442,96,f,1,2,1,2
2132729,8591.413957,96,f,0,4,1,1
2132730,8668.846555,96,f,1,2,1,1
2132731,8890.28579,96,f,0,1,2,1
2143723,5045.870273,97,f,0,2,0,1
2143724,6297.087895,97,f,1,2,0,2
2143725,6395.396337,97,f,0,4,0,1
2143726,6471.276256,97,f,1,2,0,1
2143727,6681.89409,97,f,0,1,1,1
2143734,7928.726442,97,f,1,1,1,2
2143735,8003.696878,97,f,0,3,1,1
2143736,8070.366819,97,f,1,1,1,1
2143744,9161.395056,97,f,2,1,1,3
2143748,9310.069577,97,f,2,1,1,2
2143752,9475.190222,97,f,2,1,1,1
2154593,5633.483719,97,e,1,1,0,2
2154594,5720.417817,97,e,0,3,0,1
2154595,5776.804801,97,e,1,1,0,1
2154596,6017.294102,97,e,0,0,1,1
2154597,6883.906082,97,e,2,1,0,3
2154599,7034.754775,97,e,2,1,0,2
2154602,7201.346497,97,e,2,1,0,1
2154604,7341.06192,97,e,0,2,1,1
2154605,7384.033458,97,e,1,0,1,1
2154613,8527.869807,97,e,2,0,1,3
2154615,8572.452176,97,e,1,2,1,2
2154617,8638.242316,97,e,2,0,1,2
2154618,8642.283233,97,e,3,1,0,1
2154619,8666.574704,97,e,0,4,1,1
2154620,8742.283817,97,e,1,2,1,1
2154621,8774.811838,97,e,2,0,1,1
2154637,9889.557353,97,e,3,0,1,3
2154642,10013.120275,97,e,3,0,1,2
2154652,10582.318835,97,e,0,0,3,1
2166333,5121.828915,98,e,0,2,0,1
2166334,5163.153601,98,e,1,0,0,1
2166335,6326.301951,98,e,2,0,0,3
2166336,6373.875312,98,e,1,2,0,2
2166337,6438.484502,98,e,2,0,0,2
2166338,6471.897266,98,e,0,4,0,1
2166339,6545.65992,98,e,1,2,0,1
2166340,6577.994682,98,e,2,0,0,1
2166351,7996.027827,98,e,1,1,1,2
2166352,8012.267276,98,e,3,0,0,1
2166353,8079.456111,98,e,0,3,1,1
2166354,8137.236991,98,e,1,1,1,1
2166366,9225.936865,98,e,2,1,1,3
2166370,9375.0264,98,e,2,1,1,2
2166376,9538.80792,98,e,2,1,1,1
2178080,4450.549585,98,f,0,1,0,1
2178081,5718.048421,98,f,1,1,0,2
2178082,5796.826356,98,f,0,3,0,1
2178083,5862.226983,98,f,1,1,0,1
2178090,7416.902907,98,f,0,2,1,1
2178099,8647.505258,98,f,1,2,1,2
2178102,8742.509098,98,f,0,4,1,1
2178103,8819.445814,98,f,1,2,1,1
2188935,5199.134185,99,f,0,2,0,1
2188936,6450.354078,99,f,1,2,0,2
2188937,6549.170012,99,f,0,4,0,1
2188938,6624.575892,99,f,1,2,0,1
2188939,6833.805033,99,f,0,1,1,1
2188946,8080.69885,99,f,1,1,1,2
2188947,8156.039444,99,f,0,3,1,1
2188948,8222.417936,99,f,1,1,1,1
2188956,9313.523859,99,f,2,1,1,3
2188960,9461.97094,99,f,2,1,1,2
2188964,9627.494327,99,f,2,1,1,1
2199631,5786.306149,99,e,1,1,0,2
2199632,5873.927565,99,e,0,3,0,1
2199633,5929.675391,99,e,1,1,0,1
2199635,7036.739377,99,e,2,1,0,3
2199637,7187.398673,99,e,2,1,0,2
2199640,7354.298486,99,e,2,1,0,1
2199642,7493.107104,99,e,0,2,1,1
2199643,7535.683462,99,e,1,0,1,1
2199651,8679.4874,99,e,2,0,1,3
2199653,8724.575852,99,e,1,2,1,2
2199655,8790.208125,99,e,2,0,1,2
2199656,8794.709263,99,e,3,1,0,1
2199658,8894.264381,99,e,1,2,1,1
2199659,8926.785209,99,e,2,0,1,1
2199675,10040.785857,99,e,3,0,1,3
2199680,10164.698283,99,e,3,0,1,2
2199690,10731.41823,99,e,0,0,3,1
2211192,5276.58804,100,e,0,2,0,1
2211193,5317.565108,100,e,1,0,0,1
2211194,6480.591028,100,e,2,0,0,3
2211195,6528.688767,100,e,1,2,0,2
2211197,6627.208841,100,e,0,4,0,1
2211198,6700.317787,100,e,1,2,0,1
2211199,6732.730001,100,e,2,0,0,1
2211210,8149.224486,100,e,1,1,1,2
2211212,8233.318703,100,e,0,3,1,1
2211213,8290.441738,100,e,1,1,1,1
2211214,8538.852531,100,e,0,0,2,1
2211225,9379.263454,100,e,2,1,1,3
2211229,9528.0635,100,e,2,1,1,2
2211235,9692.142314,100,e,2,1,1,1
2222758,4605.198967,100,f,0,1,0,1
2222759,5872.723282,100,f,1,1,0,2
2222760,5951.877246,100,f,0,3,0,1
2222761,6017.028926,100,f,1,1,0,1
2222768,7570.499675,100,f,0,2,1,1
2222777,8801.125937,100,f,1,2,1,2
2222781,8973.095717,100,f,1,2,1,1
2233433,5355.466063,101,f,0,2,0,1
2233434,6606.684199,101,f,1,2,0,2
2233435,6706.019383,101,f,0,4,0,1
2233436,6780.947965,101,f,1,2,0,1
2233437,6988.757209,101,f,0,1,1,1
2233444,8235.709439,101,f,1,1,1,2
2233445,8311.430073,101,f,0,3,1,1
2233446,8377.51838,101,f,1,1,1,1
2233454,9468.6905,101,f,2,1,1,3
2233458,9616.917644,101,f,2,1,1,2
2243952,5942.184664,101,e,1,1,0,2
2243953,6030.50793,101,e,0,3,0,1
2243954,6085.610754,101,e,1,1,0,1
2243958,7343.099992,101,e,2,1,0,2
2243961,7510.32226,101,e,2,1,0,1
2243962,7588.406638,101,e,1,0,1,2
2243963,7648.192917,101,e,0,2,1,1
2243964,7690.37786,101,e,1,0,1,1
2243972,8834.129439,101,e,2,0,1,3
2243974,8879.738115,101,e,1,2,1,2
2243976,8944.937081,101,e,2,0,1,2
2243977,8950.489795,101,e,3,1,0,1
2243979,9049.283802,101,e,1,2,1,1
2243980,9081.815684,101,e,2,0,1,1
2243996,10195.061049,101,e,3,0,1,3
2244011,10883.502819,101,e,0,0,3,1
2255322,5370.737229,102,e,1,0,0,2
2255323,5434.409659,102,e,0,2,0,1
2255324,5475.044636,102,e,1,0,0,1
2255329,6858.03434,102,e,1,2,0,1
2255330,6890.545999,102,e,2,0,0,1
2255341,8305.457526,102,e,1,1,1,2
2255343,8390.227445,102,e,0,3,1,1
2255344,8446.68665,102,e,1,1,1,1
2255345,8693.674257,102,e,0,0,2,1
2255360,9684.102992,102,e,2,1,1,2
2266694,4762.912631,102,f,0,1,0,1
2266695,6030.457369,102,f,1,1,0,2
2266696,6109.998043,102,f,0,3,0,1
2266697,6174.903287,102,f,1,1,0,1
2266704,7727.139212,102,f,0,2,1,1
2266713,8957.785665,102,f,1,2,1,2
2266717,9129.793966,102,f,1,2,1,1
2277192,5514.863261,103,f,0,2,0,1
2277195,6940.390078,103,f,1,2,0,1
2277196,7146.74802,103,f,0,1,1,1
2277203,8393.755837,103,f,1,1,1,2
2277204,8469.866024,103,f,0,3,1,1
2277205,8535.665866,103,f,1,1,1,1
2277217,9774.910814,103,f,2,1,1,2
2287529,6101.116471,103,e,1,1,0,2
2287530,6190.156042,103,e,0,3,0,1
2287531,6244.608588,103,e,1,1,0,1
2287535,7501.856309,103,e,2,1,0,2
2287539,7745.953898,103,e,1,0,1,2
2287540,7806.316444,103,e,0,2,1,1
2287541,7848.11461,103,e,1,0,1,1
2287549,8991.792995,103,e,2,0,1,3
2287551,9037.93575,103,e,1,2,1,2
2287553,9102.540237,103,e,2,0,1,2
2287554,9109.510706,103,e,3,1,0,1
2287556,9207.3393,103,e,1,2,1,1
2287557,9239.901463,103,e,2,0,1,1
2287588,11038.570061,103,e,0,0,3,1
2298707,5531.034357,104,e,1,0,0,2
2298708,5595.290779,104,e,0,2,0,1
2298709,5635.590107,104,e,1,0,0,1
2298714,7018.806676,104,e,1,2,0,1
2298726,8464.726717,104,e,1,1,1,2
2298728,8550.179504,104,e,0,3,1,1
2298729,8605.969446,104,e,1,1,1,1
2298730,8851.501777,104,e,0,0,2,1
2309881,4923.687943,104,f,0,1,0,1
2309882,6191.247761,104,f,1,1,0,2
2309883,6271.185929,104,f,0,3,0,1
2309884,6335.847727,104,f,1,1,0,1
2309891,7886.818866,104,f,0,2,1,1
2309900,9117.481579,104,f,1,2,1,2
2309904,9289.538224,104,f,1,2,1,1
2320194,5677.323082,105,f,0,2,0,1
2320198,7307.774814,105,f,0,1,1,1
2320205,8554.835888,105,f,1,1,1,2
2320206,8631.344501,105,f,0,3,1,1
2320207,8696.858063,105,f,1,1,1,1
2330350,6263.098721,105,e,1,1,0,2
2330351,6352.868966,105,e,0,3,0,1
2330352,6406.666554,105,e,1,1,0,1
2330356,7663.665162,105,e,2,1,0,2
2330360,7906.523007,105,e,1,0,1,2
2330361,7967.474709,105,e,0,2,1,1
2330362,8008.891635,105,e,1,0,1,1
2330370,9152.474909,105,e,2,0,1,3
2330374,9263.08939,105,e,2,0,1,2
2330375,9271.697123,105,e,3,1,0,1
2330378,9401.040689,105,e,2,0,1,1
2341335,5694.375999,106,e,1,0,0,2
2341336,5759.228342,106,e,0,2,0,1
2341337,5799.199401,106,e,1,0,0,1
2341354,8627.033226,106,e,1,1,1,2
2341356,8713.171983,106,e,0,3,1,1
2341357,8768.287812,106,e,1,1,1,1
2352320,5087.522216,106,f,0,1,0,1
2352321,6355.09149,106,f,1,1,0,2
2352322,6435.438033,106,f,0,3,0,1
2352323,6499.859858,106,f,1,1,0,1
2352330,8049.535936,106,f,0,2,1,1
2362453,5842.842777,107,f,0,2,0,1
2362457,7471.834889,107,f,0,1,1,1
2362464,8718.947844,107,f,1,1,1,2
2362466,8861.092594,107,f,1,1,1,1
2372433,6428.128517,107,e,1,1,0,2
2372434,6518.643697,107,e,0,3,0,1
2372435,6571.782277,107,e,1,1,0,1
2372443,8070.111026,107,e,1,0,1,2
2372444,8131.664669,107,e,0,2,1,1
2372445,8172.706815,107,e,1,0,1,1
2372453,9316.171947,107,e,2,0,1,3
2372457,9426.620419,107,e,2,0,1,2
2372461,9565.231438,107,e,2,0,1,1
2383228,5860.7592,108,e,1,0,0,2
2383229,5926.219225,108,e,0,2,0,1
2383230,5965.870359,108,e,1,0,0,1
2383247,8792.380902,108,e,1,1,1,2
2383250,8933.639395,108,e,1,1,1,1
2394031,5254.412714,108,f,0,1,0,1
2394032,6521.985533,108,f,1,1,0,2
2394033,6602.751423,108,f,0,3,0,1
2394034,6666.937245,108,f,1,1,0,1
2394041,8215.28767,108,f,0,2,1,1
2403989,6011.419545,109,f,0,2,0,1
2403993,7638.925493,109,f,0,1,1,1
2404000,8886.090753,109,f,1,1,1,2
2404002,9028.367033,109,f,1,1,1,1
2413799,6596.202906,109,e,1,1,0,2
2413800,6687.477165,109,e,0,3,0,1
2413801,6739.953345,109,e,1,1,0,1
2413809,8236.714963,109,e,1,0,1,2
2413810,8298.883219,109,e,0,2,1,1
2413811,8339.557995,109,e,1,0,1,1
2413819,9482.880815,109,e,2,0,1,3
2413823,9593.150592,109,e,2,0,1,2
2424411,4744.728958,110,e,0,0,0,1
2424412,6030.180953,110,e,1,0,0,2
2424413,6096.260241,110,e,0,2,0,1
2424414,6135.600779,110,e,1,0,0,1
2424431,8960.778958,110,e,1,1,1,2
2424434,9102.021807,110,e,1,1,1,1
2435032,5424.356648,110,f,0,1,0,1
2435042,8384.071264,110,f,0,2,1,1
2444817,6183.050534,111,f,0,2,0,1
2444821,7809.043823,111,f,0,1,1,1
2444828,9056.26529,111,f,1,1,1,2
2444830,9198.67891,111,f,1,1,1,1
2454446,6911.177309,111,e,1,1,0,1
2454447,7141.544248,111,e,0,0,1,1
2454454,8406.331785,111,e,1,0,1,2
2454455,8469.127193,111,e,0,2,1,1
2454456,8509.442977,111,e,1,0,1,1
2454468,9762.688336,111,e,2,0,1,2
2464861,4917.290755,112,e,0,0,0,1
2464862,6202.638207,112,e,1,0,0,2
2464863,6269.348141,112,e,0,2,0,1
2464864,6308.388418,112,e,1,0,0,1
2464881,9132.247946,112,e,1,1,1,2
2464884,9273.432629,112,e,1,1,1,1
2475279,5597.351181,112,f,0,1,0,1
2475289,8555.883865,112,f,0,2,1,1
2484875,6357.732838,113,f,0,2,0,1
2484879,7982.187024,113,f,0,1,1,1
2494317,7314.245379,113,e,0,0,1,1
2494324,8578.958406,113,e,1,0,1,2
2494325,8642.393359,113,e,0,2,1,1
2494326,8682.35952,113,e,1,0,1,1
2504536,5092.893538,114,e,0,0,0,1
2504537,6378.127861,114,e,1,0,0,2
2504538,6445.479612,114,e,0,2,0,1
2504539,6484.230988,114,e,1,0,0,1
2514754,5773.393421,114,f,0,1,0,1
2514764,8730.722569,114,f,0,2,1,1
2524161,6535.463502,115,f,0,2,0,1
2524165,8158.352191,115,f,0,1,1,1
2533409,5854.473598,115,e,0,1,0,1
2533413,7489.961667,115,e,0,0,1,1
2533420,8754.591697,115,e,1,0,1,2
2533422,8858.305345,115,e,1,0,1,1
2543439,5271.534417,116,e,0,0,0,1
2543441,6624.651283,116,e,0,2,0,1
2543449,8239.632065,116,e,0,1,1,1
2553457,5952.480427,116,f,0,1,0,1
2562684,8337.53637,117,f,0,1,1,1
2571746,6034.80388,117,e,0,1,0,1
2571750,7668.690209,117,e,0,0,1,1
2571757,8933.228483,117,e,1,0,1,2
2571759,9037.278123,117,e,1,0,1,1
2581577,5453.210456,118,e,0,0,0,1
2581587,8420.056071,118,e,0,1,1,1
2591401,6134.609207,118,f,0,1,0,1
2600449,8519.736554,119,f,0,1,1,1
2609334,6218.169929,119,e,0,1,0,1
2609338,7850.42805,119,e,0,0,1,1
2609345,9114.865543,119,e,1,0,1,2
2609347,9219.275482,119,e,1,0,1,1
2618978,5637.918664,120,e,0,0,0,1
2618988,8603.490415,120,e,0,1,1,1
2628612,6319.776718,120,f,0,1,0,1
2637482,8704.949688,121,f,0,1,1,1
2646191,6404.56869,121,e,0,1,0,1
2646195,8035.172188,121,e,0,0,1,1
2655648,5825.656004,122,e,0,0,0,1
2655658,8789.932038,122,e,0,1,1,1
2665103,6507.979866,122,f,0,1,0,1
2682346,6593.997054,123,e,0,1,0,1
2682350,8222.91957,123,e,0,0,1,1
2691624,6016.419384,124,e,0,0,0,1
2717825,8413.667091,125,e,0,0,1,1
2726930,6210.205667,126,e,0,0,0,1
2752654,8607.4116,127,e,0,0,1,1
2761595,6407.011663,128,e,0,0,0,1
2786816,8804.149893,129,e,0,0,1,1
