isotope_id,J,polyad,energy,true_class_id,pred_class_id,correct
626,0,3,2671.143088,4,4,True
626,1,1,3004.789006,9,9,True
626,1,4,6864.332665,16,16,True
626,1,6,7594.461774,54,54,True
626,1,7,8832.243288,64,64,True
626,1,15,12180.708,77,77,True
626,2,5,4199.711076,88,88,True
626,2,7,8084.204226,21,21,True
626,2,7,8427.319683,23,23,True
626,2,9,9290.416615,27,27,True
626,2,5,10147.78969,29,29,True
626,2,9,10548.88135,103,103,True
626,2,4,5064.108781,107,107,True
626,2,7,6106.020842,109,109,True
626,2,4,7903.784151,57,57,True
626,2,12,9332.284457,118,118,True
626,3,7,9474.048473,101,101,True
626,3,11,9991.964031,28,28,True
626,3,4,5066.440235,107,107,True
626,3,7,5104.310173,43,43,True
626,3,3,5320.328507,44,44,True
626,3,10,6507.735175,48,48,True
626,4,6,5640.505244,13,13,True
626,4,4,8157.745792,126,126,True
626,4,9,8594.447315,128,128,True
626,4,5,10153.11592,29,29,True
626,4,10,13266.68437,104,104,True
626,4,4,4598.944796,145,145,True
626,4,7,6111.472516,109,109,True
626,4,6,6545.672908,49,49,True
626,4,12,9337.749095,118,118,True
626,5,3,2596.780547,83,83,True
626,5,3,4019.6567,86,86,True
626,5,6,5644.40835,13,13,True
626,5,4,8374.52646,127,127,True
626,5,5,8875.180698,129,129,True
626,5,9,7628.319257,155,155,True
626,5,12,7932.487978,58,58,True
626,5,15,9361.513595,67,67,True
626,6,3,1301.808196,1,1,True
626,6,4,3958.905162,139,87,False
626,6,7,5806.846597,14,14,True
626,6,9,6451.906672,141,141,True
626,6,10,8504.529995,96,98,False
626,6,15,9095.925959,100,100,True
626,6,11,10003.42577,28,28,True
626,6,9,10562.47585,103,103,True
626,6,4,7521.561239,111,111,True
626,6,6,7813.339079,135,135,True
626,6,4,7917.657383,57,57,True
626,6,12,9346.337451,118,118,True
626,7,3,2606.97115,83,83,True
626,7,4,5752.402384,123,123,True
626,7,10,6710.028687,15,15,True
626,7,5,7623.909685,19,19,True
626,7,13,7910.991018,20,20,True
626,7,5,8885.146808,129,129,True
626,7,5,10166.90313,29,29,True
626,7,3,1954.351803,33,33,True
626,7,6,4999.480073,42,42,True
626,7,6,6310.249792,154,154,True
626,7,4,6369.492063,47,47,True
626,7,4,7527.00163,111,111,True
626,7,8,8315.275798,61,61,True
626,7,6,8929.198253,116,116,True
626,7,12,9351.799006,118,118,True
626,8,4,3970.591956,139,87,False
626,8,7,5818.468409,14,14,True
626,8,7,8109.751856,21,21,True
626,8,10,8634.725596,98,98,True
626,8,8,10065.74198,130,130,True
626,8,9,10573.8051,103,103,True
626,8,6,6316.4649,154,154,True
626,8,7,6502.514275,146,146,True
626,8,6,7771.525421,56,56,True
626,8,9,9936.45185,147,147,True
626,9,4,6898.504888,16,16,True
626,9,4,7058.604146,17,17,True
626,9,5,8898.182228,129,129,True
626,9,11,10331.48734,30,30,True
626,9,4,3749.616613,40,40,True
626,9,4,4922.990701,106,106,True
626,9,7,5865.900668,108,108,True
626,9,3,6714.292974,50,50,True
626,9,7,7495.381634,53,55,False
626,9,4,7936.055841,57,57,True
626,9,7,12082.96907,76,76,True
626,9,14,14099.43627,81,81,True
626,10,3,2713.992652,4,4,True
626,10,4,5574.167393,148,148,True
626,10,4,7066.21893,17,17,True
626,10,6,7208.497346,93,93,True
626,10,10,7246.459166,18,18,True
626,10,3,7380.56148,94,94,True
626,10,6,7419.986013,6,6,True
626,10,10,7975.192692,160,160,True
626,10,9,8629.537142,128,128,True
626,10,9,8799.129942,7,7,True
626,10,8,8845.264132,25,25,True
626,10,4,6440.935666,173,173,True
626,10,6,9906.144514,121,121,True
626,10,5,10818.17718,171,171,True
626,11,2,2812.406422,84,84,True
626,11,3,4059.581119,86,86,True
626,11,4,4299.011231,10,10,True
626,11,4,5781.983488,123,123,True
626,11,7,5841.87174,14,14,True
626,11,7,6788.259106,125,125,True
626,11,10,7255.191633,18,18,True
626,11,13,7940.69764,20,20,True
626,11,9,9339.508504,27,27,True
626,11,2,3493.984175,133,133,True
626,11,4,7952.196502,57,112,False
626,11,5,8283.381744,114,114,True
626,11,15,8531.758228,62,62,True
626,11,9,8727.935147,63,63,True
626,11,6,9914.406431,121,121,True
626,11,11,11006.22799,177,68,False
626,11,7,12098.94991,76,76,True
626,11,11,12824.1682,79,79,True
626,12,5,4258.445804,88,88,True
626,12,4,5592.094631,148,148,True
626,12,6,5975.194937,90,90,True
626,12,7,6936.116838,149,149,True
626,12,5,7662.025443,19,19,True
626,12,10,7993.157154,160,160,True
626,12,6,9305.887092,8,8,True
626,12,8,10097.97813,130,130,True
626,12,0,2064.453536,132,132,True
626,12,4,7565.859076,111,111,True
626,12,7,9168.555334,117,117,True
626,13,1,3074.658687,9,9,True
626,13,2,2147.906121,34,34,True
626,13,4,4662.078362,145,145,True
626,13,7,5170.181901,43,43,True
626,13,15,8551.272506,62,62,True
626,13,11,11025.36079,177,177,True
626,14,2,1470.118811,2,2,True
626,14,4,4471.970031,11,11,True
626,14,11,5104.735827,158,158,True
626,14,7,5556.494992,12,12,True
626,14,6,5714.031478,13,13,True
626,14,4,5812.341305,123,123,True
626,14,4,7104.88692,17,17,True
626,14,4,8625.33681,97,97,True
626,14,9,8668.532315,128,128,True
626,14,5,10225.46981,29,29,True
626,14,5,3263.855173,36,36,True
626,14,7,6556.142232,146,146,True
626,14,6,6618.953693,49,49,True
626,14,10,7389.529024,110,110,True
626,14,8,9499.622886,119,119,True
626,14,5,9575.567807,163,163,True
626,15,2,2854.688447,84,84,True
626,15,4,4340.985108,10,10,True
626,15,7,5568.528936,12,12,True
626,15,3,6051.049959,91,91,True
626,15,6,7258.67955,93,93,True
626,15,12,8722.204638,24,24,True
626,15,5,10237.21643,29,29,True
626,15,10,13349.59561,104,104,True
626,15,4,3705.832396,39,39,True
626,15,6,6381.720138,154,154,True
626,15,5,7064.007978,51,51,True
626,15,11,9480.741799,68,68,True
626,15,5,9587.08279,163,163,True
626,15,10,10148.39729,72,72,True
626,15,15,12004.06369,156,156,True
626,16,7,5580.543383,12,12,True
626,16,6,5738.022246,13,13,True
626,16,4,7128.86236,17,17,True
626,16,12,7228.2021,159,159,True
626,16,6,7238.60474,92,92,True
626,16,0,773.791119,32,32,True
626,16,5,3288.173947,36,36,True
626,16,6,7848.817912,56,59,False
626,16,7,9213.508036,117,117,True
626,17,3,4127.681055,86,86,True
626,17,3,6076.495082,91,91,True
626,17,7,6994.794619,149,149,True
626,17,7,8200.857313,21,21,True
626,17,4,8269.119082,126,126,True
626,17,6,8369.288874,22,22,True
626,17,12,8747.928488,24,24,True
626,17,9,9407.274108,27,27,True
626,17,6,9683.548696,150,150,True
626,17,8,10155.53979,130,130,True
626,17,1,2467.595608,35,35,True
626,17,2,3562.220226,133,133,True
626,17,9,6507.504036,134,134,True
626,17,10,7426.962891,110,110,True
626,17,6,7711.665688,54,54,True
626,17,12,8039.72352,58,58,True
626,17,7,8830.76703,115,115,True
626,17,7,9226.620893,117,117,True
626,17,10,9229.098657,187,187,True
626,17,15,9469.00956,67,67,True
626,17,8,9706.939366,120,120,True
626,17,12,10958.2062,74,74,True
626,17,15,12029.24969,156,156,True
626,18,9,7037.473299,169,169,True
626,18,13,8022.055895,20,20,True
626,18,4,8496.007772,127,127,True
626,18,8,8933.839673,25,25,True
626,18,3,4810.902626,176,176,True
626,18,4,6531.392913,173,173,True
626,18,4,8033.281086,57,57,True
626,19,3,2733.938325,83,83,True
626,19,10,8080.640492,160,160,True
626,19,4,3760.069174,39,39,True
626,19,7,6251.644446,109,109,True
626,19,4,6374.842037,46,46,True
626,19,9,6536.380327,134,134,True
626,19,5,8378.245408,114,114,True
626,19,6,9054.906896,116,116,True
626,19,9,9285.139261,66,66,True
626,19,13,13967.48557,168,168,True
626,19,13,14099.51396,80,80,True
626,20,3,2834.735514,4,4,True
626,20,8,3957.186195,190,190,True
626,20,4,5694.956951,148,148,True
626,20,4,5894.06558,123,123,True
626,20,9,6599.567561,141,141,True
626,20,9,9450.77807,27,27,True
626,20,6,9727.907992,150,150,True
626,20,9,10705.2175,103,103,True
626,20,3,8156.5754,136,136,True
626,20,13,8665.182587,162,162,True
626,20,7,9270.830295,117,117,True
626,20,5,9656.218483,163,163,True
626,20,6,10023.61365,121,121,True
626,21,7,5654.956457,12,12,True
626,21,4,5910.409241,123,123,True
626,21,5,7779.001436,19,19,True
626,21,6,8905.458258,99,99,True
626,21,11,13572.85243,31,31,True
626,21,1,2527.973728,35,35,True
626,21,5,3362.081154,36,36,True
626,21,1,3838.793522,105,105,True
626,21,4,7684.746646,111,111,True
626,21,7,9286.930475,117,117,True
626,21,15,9529.765241,67,67,True
626,21,11,9565.602634,68,70,False
626,21,10,10233.89408,72,72,True
626,22,1,3200.099709,9,9,True
626,22,7,5986.574561,14,14,True
626,22,6,7361.340517,93,93,True
626,22,3,7533.18775,94,94,True
626,22,6,8555.882507,165,165,True
626,22,7,8620.704813,23,23,True
626,22,12,8825.096993,24,24,True
626,22,6,8922.415348,99,99,True
626,22,8,9137.0193,26,26,True
626,22,9,10636.42147,102,102,True
626,22,2,2274.839841,34,34,True
626,22,3,3439.269522,144,144,True
626,22,4,4789.109629,145,145,True
626,22,11,5837.751812,172,172,True
626,22,10,9306.799404,187,187,True
626,22,11,10786.46715,167,167,True
626,23,0,1551.289537,82,82,True
626,23,2,2976.819973,84,84,True
626,23,5,4413.484755,88,88,True
626,23,8,5264.033316,188,188,True
626,23,6,8464.665555,22,22,True
626,23,4,8757.14091,97,97,True
626,23,5,9075.259898,129,129,True
626,23,2,2292.323775,34,34,True
626,23,4,3826.69444,39,39,True
626,23,7,5313.530626,43,43,True
626,23,6,6215.313452,153,153,True
626,23,9,6603.497244,134,134,True
626,23,13,7498.950762,52,52,True
626,23,7,9321.672736,117,117,True
626,23,11,9599.999836,68,70,False
626,23,10,12879.58494,78,78,True
626,24,5,2782.967026,3,3,True
626,24,0,2907.509828,157,157,True
626,24,5,3031.464433,85,85,True
626,24,8,4027.667674,190,190,True
626,24,8,5282.903035,188,188,True
626,24,9,6669.858044,141,141,True
626,24,8,6958.62849,175,175,True
626,24,7,7109.75499,149,149,True
626,24,6,7397.615898,93,93,True
626,24,7,8314.082995,21,21,True
626,24,8,8335.166871,189,189,True
626,24,10,8718.646437,96,96,True
626,24,2,2311.612672,34,34,True
626,24,4,7738.347601,111,111,True
626,24,4,7927.332982,112,112,True
626,25,1,3256.278868,9,9,True
626,25,3,4262.288856,86,86,True
626,25,2,4377.578492,164,164,True
626,25,7,6043.133938,14,14,True
626,25,3,6209.098697,91,91,True
626,25,7,6727.56527,124,124,True
626,25,4,7115.910283,16,16,True
626,25,4,8794.904448,97,127,False
626,25,9,8840.086474,128,128,True
626,25,15,9334.132,100,100,True
626,25,2,3697.097605,133,133,True
626,25,4,5006.713747,151,151,True
626,25,4,5314.260923,107,107,True
626,25,5,7220.166928,51,51,True
626,25,9,7312.04862,174,174,True
626,25,7,7712.214375,53,53,True
626,25,6,7994.086662,56,56,True
626,25,4,8151.541749,57,57,True
626,25,7,11740.03335,75,75,True
626,26,5,2822.836115,3,3,True
626,26,3,4282.632152,86,86,True
626,26,3,4942.874408,5,5,True
626,26,7,5747.335344,12,12,True
626,26,6,6185.074298,90,90,True
626,26,9,7178.038474,169,169,True
626,26,6,7436.975487,93,93,True
626,26,9,8605.149939,95,95,True
626,26,15,9352.850915,100,100,True
626,26,11,10255.72881,28,28,True
626,26,9,10811.68711,103,103,True
626,26,0,941.97363,32,32,True
626,26,2,2351.512897,34,34,True
626,26,4,5334.459783,107,107,True
626,26,10,7581.304289,110,110,True
626,26,7,8984.695797,115,115,True
626,27,0,1631.152752,82,82,True
626,27,2,3056.661472,84,84,True
626,27,7,6769.061829,124,124,True
626,27,10,6983.099837,15,15,True
626,27,7,7170.78833,149,149,True
626,27,9,7398.209409,170,170,True
626,27,10,8227.448387,160,160,True
626,27,4,8444.305412,126,127,False
626,27,15,9375.625198,100,100,True
626,27,9,9582.470469,27,27,True
626,27,7,7416.592055,191,191,True
626,27,10,7602.388369,110,110,True
626,27,12,8214.546405,58,58,True
626,27,5,8522.03775,114,114,True
626,27,6,9200.751677,116,116,True
626,27,12,9624.903274,118,118,True
626,27,8,9708.713893,119,119,True
626,27,5,9804.531458,69,69,True
626,27,12,11129.11619,74,74,True
626,28,0,1653.074155,82,82,True
626,28,8,4542.530061,140,140,True
626,28,4,5847.655893,148,148,True
626,28,9,7420.01721,170,170,True
626,28,4,8678.909002,127,127,True
626,28,4,8857.322404,97,127,False
626,28,0,984.988989,32,32,True
626,28,7,6419.782266,109,109,True
626,28,3,6992.357005,50,50,True
626,28,10,7624.169412,110,110,True
626,28,4,8009.61144,112,112,True
626,28,6,8057.438088,56,59,False
626,28,10,8212.793601,113,113,True
626,28,8,9900.396191,120,120,True
626,28,11,10903.8603,167,167,True
626,29,2,3101.274029,84,84,True
626,29,15,9420.244242,100,100,True
626,29,7,9806.696283,101,101,True
626,29,11,5979.15023,172,172,True
626,29,10,6840.562877,48,48,True
626,29,4,7843.220567,111,111,True
626,29,6,8078.806369,56,56,True
626,29,13,8840.885117,162,162,True
626,29,12,9669.364333,118,118,True
626,29,11,9962.949154,70,70,True
626,29,12,11055.33718,73,74,False
626,29,13,14282.93686,80,80,True
626,30,0,362.78828,0,0,True
626,30,4,4608.214439,10,10,True
626,30,3,5030.392186,5,5,True
626,30,4,6092.491412,123,123,True
626,30,10,8295.371792,160,160,True
626,30,7,8441.743781,21,21,True
626,30,9,9114.713071,7,7,True
626,30,9,9648.235835,27,27,True
626,30,5,10499.71492,29,29,True
626,30,8,6049.398703,183,183,True
626,30,6,6649.650686,154,154,True
626,30,6,8156.667793,135,135,True
626,30,7,9468.031981,117,117,True
626,31,7,6175.982338,14,14,True
626,31,7,7263.067892,149,149,True
626,31,9,9674.316925,27,27,True
626,31,1,2733.056169,35,35,True
626,31,10,8283.88465,113,113,True
626,31,7,9494.355661,117,117,True
626,31,5,11154.85339,171,171,True
626,31,13,14197.79311,168,168,True
626,32,2,3174.040055,84,84,True
626,32,7,5884.622023,12,12,True
626,32,10,7098.281383,15,15,True
626,32,4,8773.828512,127,127,True
626,32,4,8951.320079,97,97,True
626,32,8,9206.337525,25,25,True
626,32,8,10443.25611,130,130,True
626,32,0,2417.441044,132,132,True
626,32,1,4069.519309,105,105,True
626,32,4,8307.134849,57,57,True
626,32,3,8402.121943,136,136,True
626,32,7,9122.25657,115,115,True
626,33,1,3439.390923,9,9,True
626,33,7,6226.473699,14,14,True
626,33,4,7299.078526,16,16,True
626,33,10,8370.311844,160,160,True
626,33,9,9024.087431,128,128,True
626,33,11,10725.99758,30,28,False
626,33,5,3619.985566,36,36,True
626,33,3,3680.996051,144,144,True
626,33,1,4095.150818,105,105,True
626,33,6,5411.354894,42,42,True
626,33,5,7399.88507,51,51,True
626,33,9,9111.889031,63,63,True
626,33,7,9147.949957,115,115,True
626,33,12,11151.25996,73,74,False
626,34,5,3013.531249,3,3,True
626,34,7,5939.788557,89,89,True
626,34,8,8361.508314,192,192,True
626,34,4,8825.944793,127,127,True
626,34,5,9319.697879,129,129,True
626,34,6,9696.475468,8,8,True
626,34,2,3908.758032,133,133,True
626,35,6,6121.577555,13,13,True
626,35,7,6280.068292,14,14,True
626,35,4,8853.168918,127,127,True
626,35,4,5244.296317,151,151,True
626,35,4,6889.212479,173,173,True
626,35,7,7948.265835,53,53,True
626,35,4,7994.656957,111,112,False
626,35,7,9201.572287,115,115,True
626,35,5,9996.160338,69,69,True
626,35,12,11203.76177,73,74,False
626,35,7,11968.54221,75,75,True
626,36,3,1805.252359,1,1,True
626,36,2,1907.712185,2,2,True
626,36,3,3189.801452,4,4,True
626,36,3,4529.050877,86,86,True
626,36,7,5995.156071,89,89,True
626,36,7,6306.401141,14,14,True
626,36,3,6471.901441,91,91,True
626,36,4,9057.626581,97,127,False
626,36,5,10652.83678,29,29,True
626,36,11,10804.88243,30,30,True
626,36,2,2597.8983,34,34,True
626,36,1,4176.692337,105,105,True
626,36,3,5828.46426,44,44,True
626,36,6,6805.68814,154,154,True
626,36,4,8413.58999,57,57,True
626,36,10,9623.151026,187,187,True
626,36,6,10369.05966,121,121,True
626,37,2,3310.987025,84,84,True
626,37,8,5599.187885,188,188,True
626,37,6,7708.546695,93,93,True
626,37,5,3730.918645,36,36,True
626,37,8,4966.052792,198,198,True
626,37,4,5139.047673,145,151,False
626,37,11,6188.861673,172,172,True
626,37,4,6771.295971,46,47,False
626,37,3,7219.810009,50,50,True
626,37,6,8135.59153,54,55,False
626,37,10,8444.571377,113,113,True
626,37,12,11376.0327,74,74,True
626,38,2,1966.192315,2,2,True
626,38,5,3127.594174,3,3,True
626,38,0,3253.944264,157,157,True
626,38,5,4403.176318,182,182,True
626,38,3,4587.704387,86,86,True
626,38,9,7682.020445,170,170,True
626,38,5,8167.613352,19,19,True
626,38,3,2512.611999,33,33,True
626,38,7,6680.437767,109,109,True
626,38,3,7250.214392,50,50,True
626,39,5,4433.664505,182,88,False
626,39,4,7628.861578,17,142,False
626,39,6,7767.9381,93,93,True
626,39,3,7939.229457,94,94,True
626,39,9,9194.80441,128,128,True
626,39,6,9328.671385,99,99,True
626,39,5,9461.405227,129,129,True
626,39,3,3852.803615,144,144,True
626,39,4,4216.963265,39,39,True
626,39,8,5026.24171,198,198,True
626,39,7,5703.926186,43,43,True
626,39,7,7080.449892,146,146,True
626,39,7,8337.880477,55,55,True
626,39,8,10016.4618,119,119,True
626,39,14,11581.79959,138,138,True
626,40,3,1925.377459,1,1,True
626,40,1,3639.302007,9,9,True
626,40,8,4434.617987,190,190,True
626,40,4,6368.615277,123,123,True
626,40,6,8007.831028,6,6,True
626,40,4,8788.270439,126,127,False
626,40,9,9225.578339,128,128,True
626,40,8,10861.78085,131,131,True
626,40,3,2574.422158,33,33,True
626,40,0,2646.370744,132,132,True
626,40,4,5698.618847,107,107,True
626,40,7,6472.88537,108,108,True
626,40,6,8687.989098,59,59,True
626,40,8,10216.82082,120,120,True
626,41,6,6300.702383,13,13,True
626,41,3,8001.612817,94,94,True
626,41,15,9753.51285,100,100,True
626,41,3,2604.890705,33,33,True
626,41,3,4010.589215,37,37,True
626,41,4,5730.408645,107,107,True
626,41,7,6773.875629,109,109,True
626,41,6,6957.018086,154,154,True
626,41,4,7013.038002,47,47,True
626,41,3,8659.140805,136,136,True
626,41,15,10020.43081,67,67,True
626,41,12,10549.6275,71,71,True
626,42,3,4714.373954,86,86,True
626,42,3,5366.516221,5,5,True
626,42,7,6179.950904,89,89,True
626,42,6,6609.156793,90,90,True
626,42,10,7389.319854,15,15,True
626,42,7,7580.98223,149,149,True
626,42,6,7862.849752,93,93,True
626,42,5,8291.074043,19,19,True
626,42,6,9929.032721,8,8,True
626,42,5,3889.474842,36,36,True
626,43,3,3326.030873,83,83,True
626,43,4,4982.576274,10,10,True
626,43,7,6211.260224,12,12,True
626,43,4,6466.587314,123,123,True
626,43,3,6687.591326,91,91,True
626,43,3,8067.072948,94,94,True
626,43,1,3081.138321,35,35,True
626,43,7,6568.111428,108,108,True
626,43,6,8322.803124,54,54,True
626,43,12,8585.173191,185,185,True
626,43,7,9447.081541,115,115,True
626,44,3,3360.516041,83,83,True
626,44,7,6557.198934,14,14,True
626,44,9,7876.595284,170,92,False
626,44,6,7929.948484,93,93,True
626,44,4,8018.58063,142,142,True
626,44,8,9558.757039,25,25,True
626,44,8,10797.54262,130,130,True
626,44,9,11293.97207,103,103,True
626,44,3,2707.40506,33,33,True
626,44,1,4428.233726,105,105,True
626,44,3,7441.805637,50,50,True
626,45,2,3570.679505,84,84,True
626,45,4,7826.585522,17,16,False
626,45,12,9435.179502,24,24,True
626,45,8,11026.3907,131,131,True
626,45,5,3990.180996,36,36,True
626,45,4,4515.514605,40,40,True
626,45,4,7027.682322,46,47,False
626,45,7,9516.209241,115,117,False
626,45,10,13449.1694,78,78,True
626,46,1,3841.358065,9,9,True
626,46,8,4638.706802,190,190,True
626,46,5,4669.635767,182,88,False
626,46,5,5043.230988,88,88,True
626,46,4,5227.532268,11,11,True
626,46,4,6571.536039,123,123,True
626,46,3,6791.561225,91,91,True
626,46,9,7947.672042,170,170,True
626,46,6,8000.136038,93,93,True
626,46,4,8088.279137,142,142,True
626,46,7,8918.0295,21,21,True
626,46,6,9085.068886,22,22,True
626,46,5,9691.896364,129,129,True
626,46,9,11262.6769,102,102,True
626,46,1,4498.862482,105,105,True
626,46,7,6944.832522,109,109,True
626,46,6,7127.71238,154,154,True
626,46,3,7511.810272,50,50,True
626,46,4,8733.072038,57,57,True
626,47,5,4706.289673,182,88,False
626,47,0,2887.738664,132,132,True
626,47,4,4486.248287,39,39,True
626,47,7,6981.543274,109,109,True
626,47,7,7350.548941,146,146,True
626,47,10,7377.983146,48,48,True
626,47,5,7831.424591,51,51,True
626,47,10,8186.789479,110,110,True
626,47,6,8462.984656,54,54,True
626,47,5,9095.30091,114,114,True
626,47,10,13518.91158,78,78,True
626,48,8,5144.307871,140,190,False
626,48,7,7393.592916,124,124,True
626,48,6,7859.527242,181,181,True
626,48,13,8802.616137,20,20,True
626,48,9,11334.47577,102,102,True
626,48,9,14594.85942,143,143,True
626,48,0,2925.344281,132,132,True
626,48,4,5801.978143,106,106,True
626,48,3,6220.788465,44,44,True
626,48,5,9131.956735,114,114,True
626,49,7,6428.141509,12,12,True
626,49,6,6582.842475,13,13,True
626,49,3,6902.427735,91,91,True
626,49,4,7973.875149,17,16,False
626,49,5,8537.778849,19,19,True
626,49,7,9033.512296,21,21,True
626,49,0,1623.633639,32,32,True
626,49,1,3296.841322,35,35,True
626,49,6,7239.389924,154,154,True
626,49,6,8997.159219,59,59,True
626,49,9,9626.24196,63,63,True
626,49,8,10526.16701,120,120,True
626,49,11,13691.70267,79,79,True
626,49,13,14873.90832,80,80,True
626,50,5,5194.866082,88,88,True
626,50,7,7471.01736,124,124,True
626,50,7,9067.926164,21,21,True
626,50,3,4335.931488,37,37,True
626,50,5,4498.840688,38,38,True
626,50,4,6051.695952,107,107,True
626,51,7,6506.627319,12,12,True
626,51,6,8189.035735,93,93,True
626,51,4,4740.473225,40,40,True
626,51,8,5452.787339,198,198,True
626,51,6,6001.978433,42,42,True
626,51,10,8340.974313,110,110,True
626,51,6,9074.696963,59,59,True
626,51,15,9513.366299,62,62,True
626,51,11,13767.2459,79,79,True
626,52,5,3624.896972,3,3,True
626,52,11,6101.879237,158,158,True
626,52,7,6550.221968,89,89,True
626,52,9,7510.618061,141,141,True
626,52,6,8016.506961,181,13,False
626,52,6,8194.288824,92,6,False
626,52,13,8959.327547,20,20,True
626,52,6,10287.48637,8,8,True
626,52,9,11586.6369,103,103,True
626,53,4,5500.774471,11,11,True
626,53,2,3193.179449,34,34,True
626,53,4,6172.60135,107,107,True
626,53,8,7467.749139,179,179,True
626,53,13,8396.949967,52,52,True
626,53,7,8567.499581,53,55,False
626,53,8,10514.47351,119,119,True
626,54,4,5540.009643,11,11,True
626,54,7,6633.613678,89,89,True
626,54,7,8035.219037,149,149,True
626,54,6,8518.475831,6,6,True
626,54,6,10368.20139,8,8,True
626,54,3,4405.500022,144,144,True
626,54,7,7258.798475,109,146,False
626,55,4,8058.181302,16,16,True
626,55,0,1869.264919,32,32,True
626,55,3,4539.363004,37,37,True
626,55,6,9238.956128,59,59,True
626,55,8,10597.81566,119,119,True
626,56,3,2530.233869,1,1,True
626,56,7,6712.204626,12,12,True
626,56,6,6866.768292,13,13,True
626,56,7,7026.0321,14,14,True
626,56,9,8150.068017,169,169,True
626,56,6,10451.9202,8,8,True
626,56,2,3324.760739,34,34,True
626,57,1,4285.886691,9,9,True
626,57,4,5672.82234,11,11,True
626,57,10,8489.338383,18,18,True
626,57,1,4942.605609,105,105,True
626,58,0,1333.767928,0,0,True
626,58,0,2673.791068,82,82,True
626,58,3,5345.690174,86,5,False
626,58,6,8450.159017,92,6,False
626,58,6,9570.817371,22,22,True
626,59,0,2719.903179,82,82,True
626,59,1,4376.505853,9,9,True
626,59,7,6851.485701,12,12,True
626,59,4,6909.032678,148,148,True
626,59,3,8701.257944,94,94,True
626,59,4,5083.561982,40,40,True
626,59,7,6225.590973,41,43,False
626,59,9,7768.559638,134,134,True
626,59,8,9541.30267,60,60,True
626,59,7,10193.50487,64,64,True
626,60,0,1426.415348,0,0,True
626,60,4,8277.783654,16,17,False
626,60,4,8437.591486,17,142,False
626,60,5,8997.027986,19,19,True
626,60,6,10628.36347,8,8,True
626,60,2,4875.886226,133,133,True
626,60,5,4932.897306,38,38,True
626,61,4,7200.850537,123,123,True
626,61,10,8674.257627,18,18,True
626,61,7,7303.430759,108,108,True
626,61,10,7543.861511,45,45,True
626,61,4,7808.050013,47,47,True
626,61,11,11071.87745,70,70,True
626,62,1,5833.692225,122,122,True
626,62,10,8716.278538,18,18,True
626,62,6,7803.731704,154,154,True
626,62,6,9560.257584,59,59,True
626,62,5,9725.160008,114,114,True
626,63,6,9812.171382,22,22,True
626,63,8,10482.57022,26,26,True
626,63,6,9146.562782,54,54,True
626,63,4,9257.510493,112,57,False
626,63,6,9295.679793,56,59,False
626,64,5,4420.400949,85,3,False
626,64,10,8301.695236,15,15,True
626,64,5,9187.255836,19,19,True
626,64,5,10456.1369,129,129,True
626,64,2,5071.455938,133,133,True
626,64,8,11178.83151,120,120,True
626,65,6,7295.305352,13,13,True
626,65,3,7610.251551,91,91,True
626,65,5,4855.954165,36,36,True
626,65,4,7883.831773,46,46,True
626,65,10,8166.177905,48,45,False
626,65,5,9871.669015,114,114,True
626,66,5,4274.351467,3,3,True
626,66,7,7188.11386,12,12,True
626,66,10,8915.863908,18,18,True
626,66,3,9040.184536,94,94,True
626,66,3,7016.105219,44,44,True
626,67,5,9340.41828,19,19,True
626,67,4,5375.055328,39,39,True
626,67,3,7064.928742,44,44,True
626,67,7,7875.064015,109,43,False
626,67,7,8242.072986,146,43,False
626,67,5,8705.636386,51,51,True
626,68,2,3216.440616,2,2,True
626,68,7,7605.822249,14,12,False
626,68,1,5479.727946,105,105,True
626,69,6,7504.224009,13,13,True
626,69,8,10648.2973,25,25,True
626,69,7,9326.870399,53,53,True
626,70,4,8942.910339,17,17,True
626,70,1,5587.400447,105,105,True
626,71,3,6005.262227,86,5,False
626,71,8,10237.69671,61,61,True
626,72,1,5037.477764,9,9,True
626,72,6,7663.258674,13,13,True
626,72,2,4130.368067,34,34,True
626,72,4,7100.387638,107,107,True
626,73,8,10866.31829,25,25,True
626,73,1,4436.601318,35,35,True
626,73,10,8596.8465,48,45,False
626,73,6,9673.279006,54,54,True
626,74,4,6536.695449,11,11,True
626,74,6,8044.524615,90,90,True
626,75,0,3563.149324,82,82,True
626,75,4,6599.674892,11,11,True
626,75,3,8866.331171,50,50,True
626,75,5,9139.940471,51,51,True
626,76,1,5267.592364,9,9,True
626,76,0,2952.344686,32,32,True
626,77,4,6718.042433,11,11,True
626,78,2,5167.919991,84,84,True
626,78,0,3073.124009,32,32,True
626,79,2,4539.241064,34,34,True
626,79,7,7544.897727,43,41,False
626,80,3,3809.184198,1,1,True
626,80,1,5509.957534,9,9,True
626,80,3,7156.50635,5,5,True
626,80,3,7805.659585,44,44,True
626,81,0,3256.038548,32,32,True
626,82,3,3935.826031,1,1,True
626,82,2,4038.546405,2,2,True
626,83,4,6306.930531,39,39,True
626,83,4,6407.898253,40,40,True
626,83,8,10943.49123,61,61,True
626,84,0,3454.001983,32,32,True
626,85,0,4190.838352,82,82,True
626,85,6,7796.477805,42,42,True
626,87,1,5968.044083,9,9,True
626,87,1,5305.307918,35,35,True
626,87,4,6570.43016,39,39,True
626,87,5,9881.710793,51,51,True
626,88,0,3048.022128,0,0,True
626,88,3,8323.735483,44,44,True
626,92,1,6310.398208,9,122,False
626,95,4,7133.928622,39,39,True
626,104,0,4245.309371,0,0,True
626,105,0,4998.452808,32,32,True
626,107,0,5163.562308,32,32,True
636,1,4,4148.010343,10,10,True
636,1,6,5520.695838,13,13,True
636,1,9,7046.805022,18,18,True
636,1,3,1897.318754,33,33,True
636,1,4,8089.782257,61,136,False
636,1,10,9404.885754,70,69,False
636,1,13,10492.20833,73,73,True
636,2,6,2509.873662,3,3,True
636,2,10,6555.256956,15,15,True
636,2,9,6967.461668,92,92,True
636,2,9,7048.348246,18,18,True
636,2,5,7395.881664,19,19,True
636,2,3,6517.430118,50,50,True
636,3,0,1301.963405,82,82,True
636,3,9,6741.35957,16,16,True
636,3,6,8933.244519,117,117,True
636,4,6,2515.355801,3,3,True
636,4,3,4551.233489,5,5,True
636,4,8,7114.081362,142,142,True
636,4,13,7946.864753,21,21,True
636,4,10,9918.425695,29,29,True
636,4,11,13066.17775,31,31,True
636,4,0,1954.196221,132,132,True
636,4,4,4778.758725,106,106,True
636,5,8,8199.650968,127,127,True
636,5,10,9922.281705,29,29,True
636,5,1,3568.975926,105,105,True
636,5,4,4782.652357,106,106,True
636,5,10,7170.956755,110,110,True
636,5,6,7493.13311,54,54,True
636,5,9,7731.763443,113,113,True
636,5,5,9247.41443,163,163,True
636,5,13,10742.42021,138,138,True
636,6,1,4211.062536,122,122,True
636,6,13,7753.75566,20,20,True
636,6,10,10066.53907,30,29,False
636,6,7,5767.045912,108,108,True
636,6,9,7736.420169,113,113,True
636,6,6,8761.869989,116,116,True
636,6,6,9611.182247,121,121,True
636,7,1,2941.982598,9,9,True
636,7,10,6574.815585,15,15,True
636,7,8,6913.763447,17,17,True
636,7,4,8740.784356,26,26,True
636,7,4,3654.566373,40,40,True
636,7,13,7164.004906,52,52,True
636,7,3,7813.180832,136,136,True
636,7,6,7889.332417,59,59,True
636,8,0,28.096396,0,0,True
636,8,3,5821.773213,91,91,True
636,8,9,6764.581589,16,16,True
636,8,13,7765.436262,20,20,True
636,8,13,7967.031464,21,21,True
636,8,6,8295.405659,23,23,True
636,8,11,8586.266996,7,7,True
636,8,3,6542.836096,50,50,True
636,8,10,7387.697079,111,111,True
636,8,8,7568.453681,112,112,True
636,8,8,7754.716648,57,112,False
636,8,13,8580.491314,115,115,True
636,8,8,9207.105011,119,119,True
636,9,7,5392.111054,12,12,True
636,9,6,5554.859964,13,13,True
636,9,7,5697.174607,14,14,True
636,9,8,6926.945071,17,17,True
636,9,9,7080.968998,18,18,True
636,9,13,7772.671938,20,20,True
636,9,6,8554.190781,99,99,True
636,9,8,9817.502179,130,130,True
636,9,1,2318.340631,35,35,True
636,9,7,4783.054764,41,41,True
636,9,7,5026.154416,43,43,True
636,9,10,5986.666633,45,45,True
636,9,7,6006.033723,109,109,True
636,9,7,6360.968673,146,146,True
636,9,13,7177.266267,52,52,True
636,9,8,7575.436152,112,112,True
636,9,5,8041.791201,114,114,True
636,9,8,13759.31127,81,80,False
636,10,4,5630.830685,123,123,True
636,10,8,6934.5537,17,17,True
636,10,9,7088.579273,18,18,True
636,10,8,9825.186646,130,130,True
636,10,10,10092.44133,30,29,False
636,10,1,3600.070016,105,105,True
636,10,1,4875.322907,152,152,True
636,10,10,7202.207051,110,110,True
636,10,12,9164.272851,118,118,True
636,11,3,2583.429204,83,83,True
636,11,7,5713.467327,14,14,True
636,11,3,7205.122906,94,94,True
636,11,12,8490.497411,24,24,True
636,11,10,10100.93846,30,29,False
636,11,11,13108.30557,31,31,True
636,11,1,3608.620213,105,105,True
636,11,4,4990.085913,107,107,True
636,11,7,5802.101316,108,108,True
636,11,10,6003.028963,45,45,True
636,12,6,2568.620786,3,3,True
636,12,3,2705.852036,4,5,False
636,12,1,4255.450765,122,122,True
636,12,3,5932.410892,201,201,True
636,12,8,8248.669753,127,127,True
636,12,10,9970.291288,29,29,True
636,12,11,13117.23023,31,31,True
636,12,1,4893.264497,152,152,True
636,12,6,7927.880605,59,59,True
636,12,12,9182.251128,118,118,True
636,13,7,6446.504218,124,124,True
636,13,11,13127.10677,31,31,True
636,13,1,2353.966467,35,35,True
636,13,4,3703.290035,40,40,True
636,13,3,5238.619115,44,44,True
636,13,5,8077.012286,114,114,True
636,13,13,8623.360758,115,115,True
636,13,8,9249.303384,119,119,True
636,13,4,9416.165287,120,120,True
636,13,6,9664.200562,121,121,True
636,13,8,13692.21826,80,80,True
636,14,3,1347.912869,1,1,True
636,14,0,1379.497176,82,82,True
636,14,6,6836.506178,149,149,True
636,14,9,7046.202417,92,92,True
636,14,6,7068.20808,93,93,True
636,14,10,8067.740717,126,126,True
636,14,8,8269.680076,127,127,True
636,14,6,8348.677786,23,23,True
636,14,5,8521.891681,98,98,True
636,14,6,9072.964785,8,8,True
636,14,10,9990.883676,29,29,True
636,14,9,13428.38419,143,143,True
636,14,7,6052.813566,109,109,True
636,14,6,6455.612836,49,49,True
636,14,9,7801.608121,113,113,True
636,15,3,2625.776173,83,83,True
636,15,10,6646.740486,15,15,True
636,15,6,8204.477301,22,22,True
636,15,8,8443.105329,97,97,True
636,15,6,8611.977703,99,99,True
636,15,0,742.217003,32,32,True
636,15,3,3383.290883,37,37,True
636,15,7,4841.373633,41,41,True
636,15,6,6248.653683,154,154,True
636,15,10,7252.989065,110,110,True
636,15,6,7574.051662,54,54,True
636,15,9,7580.156203,155,155,True
636,15,9,8796.024136,64,64,True
636,15,10,9495.481024,70,69,False
636,15,6,9686.172596,121,121,True
636,15,6,10708.13132,74,74,True
636,16,6,4251.974855,140,140,True
636,16,6,5870.928624,90,90,True
636,16,10,6658.737224,15,15,True
636,16,9,7070.132747,92,92,True
636,16,11,8421.826014,96,96,True
636,16,6,8624.300503,99,99,True
636,16,8,9887.436176,130,130,True
636,16,1,4938.506843,152,152,True
636,16,6,6029.014583,153,153,True
636,16,7,6076.983816,109,109,True
636,16,6,7707.031738,135,135,True
636,17,3,2651.649322,83,83,True
636,17,5,7510.591805,19,19,True
636,17,13,7857.301601,20,20,True
636,17,6,8230.074915,22,23,False
636,17,6,8637.399279,99,99,True
636,17,10,10027.87419,29,29,True
636,17,5,3553.018787,38,38,True
636,17,4,4890.079464,106,106,True
636,17,9,7605.827854,155,155,True
636,17,13,8671.682841,115,115,True
636,17,7,8953.340596,65,65,True
636,17,8,9296.867656,119,119,True
636,18,3,4674.967628,5,5,True
636,18,7,5794.553271,14,14,True
636,18,3,6003.775403,201,201,True
636,18,4,8849.773482,26,26,True
636,18,10,7292.820418,110,110,True
636,18,9,7695.732076,56,56,True
636,19,3,2680.659036,83,83,True
636,19,6,5667.425058,13,13,True
636,19,7,6524.120712,124,124,True
636,19,5,3581.851398,38,38,True
636,19,9,6266.878678,46,46,True
636,19,13,7479.811415,53,53,True
636,19,6,8893.106234,116,116,True
636,19,6,9076.144086,117,117,True
636,20,2,2864.536652,84,84,True
636,20,1,4358.231896,122,122,True
636,20,13,7900.886679,20,20,True
636,20,13,8101.967188,21,21,True
636,20,8,8351.369874,127,127,True
636,20,9,8553.092625,128,128,True
636,20,6,8681.304637,99,99,True
636,20,6,9152.410059,8,8,True
636,20,10,10070.96274,29,29,True
636,20,1,3720.542304,105,105,True
636,20,1,4996.229935,152,152,True
636,21,3,2712.800926,83,83,True
636,21,6,7165.012854,93,93,True
636,21,5,7570.229266,19,19,True
636,21,13,7918.40776,20,20,True
636,21,0,828.911379,32,32,True
636,21,3,3469.847201,37,37,True
636,21,1,3736.864046,105,105,True
636,21,4,3811.551146,40,40,True
636,21,9,6298.648739,46,46,True
636,21,6,6334.884349,154,154,True
636,21,9,6542.408544,48,48,True
636,21,13,7511.654704,53,53,True
636,21,8,8157.759447,60,60,True
636,21,7,9013.374771,65,65,True
636,21,11,12514.94999,78,78,True
636,21,8,13898.63794,81,80,False
636,22,7,5857.983169,14,14,True
636,22,10,8183.131792,126,126,True
636,22,11,8752.933068,7,7,True
636,22,8,8771.859866,25,25,True
636,22,5,8815.514609,129,129,True
636,22,4,8912.284715,26,26,True
636,22,9,7759.220678,56,56,True
636,22,9,7916.431259,113,113,True
636,22,6,9787.215778,121,121,True
636,23,6,7199.812195,93,93,True
636,23,3,7366.944635,94,94,True
636,23,8,8402.715676,127,127,True
636,23,10,10121.97761,29,29,True
636,23,4,4985.805896,106,106,True
636,23,4,5153.125518,107,107,True
636,23,7,6186.137747,109,109,True
636,23,9,6577.233011,48,48,True
636,23,8,7754.637367,112,112,True
636,23,11,12548.82527,78,78,True
636,24,3,2766.906342,83,83,True
636,24,3,2878.830766,4,4,True
636,24,4,8948.111363,26,26,True
636,24,7,6204.826518,109,109,True
636,24,6,8098.771501,59,59,True
636,24,6,9161.578943,117,116,False
636,25,9,8642.846216,128,128,True
636,25,11,13303.04582,31,31,True
636,25,3,3543.138167,37,37,True
636,25,4,4936.08054,151,151,True
636,25,6,5138.776819,42,42,True
636,25,4,5191.16408,107,107,True
636,25,9,7403.380362,184,174,False
636,25,6,7853.312529,135,135,True
636,26,2,1643.584764,2,2,True
636,26,4,5670.909929,148,148,True
636,26,6,7028.51374,149,149,True
636,26,11,8587.232741,96,96,True
636,26,8,8846.782446,25,25,True
636,26,9,10439.04413,102,102,True
636,26,1,3830.110866,105,105,True
636,26,7,6244.573288,109,109,True
636,27,3,6085.56597,91,91,True
636,27,13,8233.634373,21,21,True
636,27,4,9008.110011,26,26,True
636,27,7,6045.66499,108,108,True
636,27,7,6265.653322,109,109,True
636,27,6,6449.06184,154,154,True
636,27,5,8296.707791,114,114,True
636,27,14,8823.257313,63,63,True
636,27,13,8846.984923,115,115,True
636,27,15,9438.697964,67,67,True
636,27,4,9635.636167,120,120,True
636,28,6,2825.440731,3,3,True
636,28,1,4510.810719,122,122,True
636,28,7,5672.464075,12,12,True
636,28,6,5834.137362,13,13,True
636,28,7,5976.317667,14,14,True
636,28,6,8424.92147,22,22,True
636,28,11,13363.41734,31,31,True
636,28,4,5086.9518,106,106,True
636,28,3,5481.409595,44,44,True
636,28,9,7877.659868,56,56,True
636,28,8,8040.035535,57,57,True
636,28,13,8868.826326,115,115,True
636,28,6,9243.870643,117,116,False
636,28,4,9657.040374,120,120,True
636,29,9,7291.056255,170,92,False
636,29,6,7322.693755,93,93,True
636,29,4,9051.63478,26,26,True
636,29,0,2287.534457,132,132,True
636,29,7,6090.14704,108,108,True
636,29,7,6310.084082,109,109,True
636,29,9,6700.268772,48,46,False
636,30,4,5759.753958,148,148,True
636,30,3,7405.809987,205,205,True
636,30,1,5195.087374,152,152,True
636,30,4,5299.825298,107,107,True
636,30,7,6333.408641,109,109,True
636,30,9,8080.835886,113,113,True
636,31,1,3305.291929,9,9,True
636,31,8,7276.557575,17,17,True
636,31,2,2423.898979,34,34,True
636,31,5,3820.269228,38,38,True
636,31,6,4914.194836,145,145,True
636,31,4,5069.127213,151,151,True
636,31,7,5374.876196,43,43,True
636,31,8,6624.630266,47,47,True
636,31,9,8104.70925,113,113,True
636,31,8,8360.247003,60,60,True
636,31,15,9530.355439,67,67,True
636,31,10,9680.085964,69,69,True
636,31,13,11108.94116,138,138,True
636,31,8,11555.78403,75,75,True
636,31,11,12714.38997,78,78,True
636,32,4,4556.714976,10,10,True
636,32,1,4605.76426,122,122,True
636,32,6,6172.72702,90,90,True
636,32,12,7386.725907,159,159,True
636,32,9,7454.423507,18,18,True
636,32,5,7796.643015,19,19,True
636,32,10,8182.146241,160,160,True
636,32,8,8598.706031,127,127,True
636,32,8,8757.683352,97,97,True
636,32,9,8801.150393,128,128,True
636,32,7,6735.757451,146,146,True
636,32,8,7950.069601,112,112,True
636,32,5,9641.660392,163,163,True
636,32,6,9995.799024,121,121,True
636,33,5,7822.470873,19,19,True
636,33,8,8783.099409,97,97,True
636,33,8,12195.88677,202,202,True
636,33,11,13480.44358,31,31,True
636,33,3,3727.092803,37,37,True
636,33,4,3962.91602,39,39,True
636,33,4,5119.690578,151,151,True
636,33,8,6674.761579,47,47,True
636,33,10,7597.433405,110,110,True
636,33,12,8183.854377,58,58,True
636,33,14,8965.256929,63,63,True
636,33,6,9181.062742,116,116,True
636,33,15,9580.840862,67,67,True
636,34,3,1730.793826,1,1,True
636,34,4,4608.696864,10,10,True
636,34,1,4657.90138,122,122,True
636,34,4,6050.775431,123,123,True
636,34,6,7033.936167,203,203,True
636,34,9,7197.435392,16,16,True
636,34,8,7563.147698,142,142,True
636,34,8,8650.805788,127,127,True
636,34,9,8181.594383,113,113,True
636,35,7,5848.261182,12,12,True
636,35,4,5888.339834,148,148,True
636,35,9,7226.450504,16,16,True
636,35,10,8476.951792,126,126,True
636,35,6,8599.929455,22,22,True
636,35,8,8678.029334,127,127,True
636,35,2,3854.91943,133,133,True
636,35,1,5323.7307,152,152,True
636,35,10,6442.180728,45,45,True
636,35,10,7849.57592,111,111,True
636,35,13,9043.244566,115,115,True
636,35,8,9662.70527,119,119,True
636,35,10,9883.611219,70,69,False
636,35,6,11096.2796,74,74,True
636,35,13,11211.0156,138,138,True
636,35,8,14197.43062,81,80,False
636,36,2,3221.08597,84,84,True
636,36,3,6383.472848,201,201,True
636,36,8,7406.521065,17,17,True
636,36,8,7617.622372,142,142,True
636,36,5,7901.936873,19,19,True
636,36,5,9132.184592,129,129,True
636,36,0,1169.373987,32,32,True
636,36,2,2557.576153,34,34,True
636,36,3,5681.636545,44,44,True
636,36,7,6842.800433,146,146,True
636,36,10,7679.275836,110,110,True
636,36,9,8078.854787,56,56,True
636,37,0,1847.595316,82,82,True
636,37,0,3147.94359,157,157,True
636,37,4,5945.21625,148,148,True
636,37,5,7930.974096,19,19,True
636,37,10,8533.82635,126,126,True
636,37,8,9117.132243,25,25,True
636,37,4,4176.407722,40,40,True
636,37,7,5534.879517,43,43,True
636,37,6,6469.391955,153,153,True
636,37,13,7689.936464,52,52,True
636,37,13,7878.047041,53,53,True
636,37,8,9718.678982,119,119,True
636,37,13,11266.63526,138,138,True
636,38,6,4723.899258,140,140,True
636,38,6,6093.278557,13,13,True
636,38,10,8348.564715,160,160,True
636,38,8,9144.833028,25,25,True
636,38,8,8298.441338,57,57,True
636,38,6,9320.804188,116,117,False
636,39,4,4753.917898,10,10,True
636,39,1,4801.840422,122,122,True
636,39,6,7178.356816,203,203,True
636,39,13,8546.614338,21,21,True
636,39,6,8872.094335,23,23,True
636,39,4,4132.691231,39,39,True
636,39,7,5354.216548,41,41,True
636,39,7,6359.282084,108,108,True
636,39,9,6967.173225,48,48,True
636,39,8,9777.714027,119,119,True
636,39,11,12928.03157,78,78,True
636,40,3,3283.776126,4,4,True
636,40,1,3555.671075,9,9,True
636,40,3,2539.033197,33,33,True
636,40,1,4194.404777,105,105,True
636,40,6,7007.564796,49,49,True
636,40,6,8498.890376,59,59,True
636,40,5,8634.867719,114,114,True
636,41,12,9108.334218,24,24,True
636,41,5,9281.639316,129,129,True
636,41,10,10569.3467,29,29,True
636,41,3,2569.333845,33,33,True
636,41,1,2949.977907,35,35,True
636,41,5,4104.533342,38,38,True
636,41,4,5353.007405,151,151,True
636,41,10,8029.101708,111,111,True
636,41,8,8208.187012,112,112,True
636,41,6,8264.360427,55,55,True
636,41,11,9818.243326,68,68,True
636,41,13,11148.83968,73,73,True
636,41,11,12988.94592,78,78,True
636,42,0,2004.084098,82,82,True
636,42,4,6290.165514,123,123,True
636,42,9,7744.34536,18,18,True
636,42,12,9139.474879,24,24,True
636,42,8,9268.586181,25,25,True
636,42,0,2654.368264,132,132,True
636,42,1,4258.849652,105,105,True
636,42,6,7071.595353,49,49,True
636,42,3,8488.555798,136,136,True
636,43,6,9000.677787,23,22,False
636,43,6,9248.035144,99,99,True
636,43,3,2635.70582,33,33,True
636,43,9,7886.539418,184,155,False
636,44,2,2141.233444,2,2,True
636,44,0,3373.223311,157,157,True
636,44,8,7656.641076,17,17,True
636,44,12,7747.326235,159,159,True
636,44,8,9335.035796,25,25,True
636,44,5,9380.487484,129,129,True
636,44,4,9473.829077,26,26,True
636,44,9,14087.17316,143,143,True
636,44,3,5931.051035,44,44,True
636,44,8,8490.708449,57,57,True
636,45,8,7694.117347,17,17,True
636,45,13,8745.017589,21,21,True
636,45,1,3084.57372,35,35,True
636,45,3,4096.355071,37,37,True
636,45,4,4432.916797,40,40,True
636,45,7,6558.099805,108,108,True
636,45,9,6921.169938,46,46,True
636,45,6,6959.088661,154,154,True
636,45,8,9973.197259,119,119,True
636,45,11,13119.77438,78,78,True
636,46,3,5373.811297,5,5,True
636,46,6,7413.334921,203,203,True
636,46,9,7573.449761,16,16,True
636,46,9,7798.881735,92,92,True
636,46,6,7821.540547,93,93,True
636,46,6,8945.775614,22,22,True
636,46,8,9028.569553,127,127,True
636,47,7,6630.587431,108,108,True
636,47,10,6829.463931,45,45,True
636,47,7,6850.037448,109,109,True
636,47,10,8040.066864,110,110,True
636,47,9,8363.344003,155,155,True
636,47,15,10021.02498,67,67,True
636,47,11,13297.45284,79,79,True
636,48,1,3831.316501,9,9,True
636,48,9,7955.338434,18,18,True
636,48,8,8452.304849,112,112,True
636,48,8,8630.943515,57,57,True
636,49,6,7710.298876,149,149,True
636,49,8,7841.238977,17,17,True
636,49,12,9391.095243,24,24,True
636,49,7,5699.63387,41,41,True
636,49,6,5834.278796,42,42,True
636,49,6,8545.034,55,55,True
636,49,8,8666.618462,57,57,True
636,49,11,13262.58926,78,78,True
636,50,2,3696.903808,84,84,True
636,50,5,3743.751475,85,85,True
636,50,4,5274.060608,11,11,True
636,50,7,6347.009621,12,12,True
636,50,13,8926.94059,21,21,True
636,50,3,6150.347614,44,44,True
636,50,9,8711.100602,113,113,True
636,51,7,6390.351069,12,12,True
636,51,7,6690.365769,14,14,True
636,51,6,8010.405993,93,93,True
636,51,9,8074.9999,18,18,True
636,51,3,6188.012839,44,44,True
636,51,9,7389.40075,48,48,True
636,51,5,7790.62392,51,51,True
636,51,8,8568.420311,112,112,True
636,51,11,10173.60676,68,68,True
636,51,10,10412.98376,70,69,False
636,52,0,2375.541326,82,82,True
636,52,2,3777.344517,84,84,True
636,52,12,8050.177757,159,159,True
636,52,4,9769.244346,26,26,True
636,52,0,3026.437613,132,132,True
636,52,6,8927.996356,59,59,True
636,53,1,4030.423412,9,9,True
636,53,10,7670.191965,15,15,True
636,53,13,9052.922365,21,21,True
636,53,0,1765.298757,32,32,True
636,53,1,4668.683929,105,105,True
636,53,4,6049.034546,107,107,True
636,53,3,6268.653547,44,44,True
636,53,7,6866.670806,108,108,True
636,53,3,7613.692156,50,50,True
636,53,8,8824.773156,57,57,True
636,54,2,2526.468256,2,2,True
636,54,3,5683.785533,5,5,True
636,54,10,7706.914031,15,15,True
636,54,9,7885.800381,16,16,True
636,54,1,4710.52859,105,105,True
636,55,2,3903.876841,84,84,True
636,55,4,5481.401482,11,11,True
636,55,1,3475.028797,35,35,True
636,55,7,5943.970568,41,41,True
636,55,13,8526.891989,53,53,True
636,55,9,8683.067931,155,155,True
636,55,6,9049.435367,59,59,True
636,56,4,5384.479342,10,10,True
636,56,6,8432.958905,6,6,True
636,56,8,9797.646579,25,25,True
636,56,0,1895.944176,32,32,True
636,57,8,8172.520076,17,17,True
636,57,7,7039.564164,108,166,False
636,57,9,7399.060504,46,46,True
636,57,4,9346.446101,61,61,True
636,58,7,6685.146379,12,12,True
636,58,5,9932.632138,129,129,True
636,58,6,10286.82695,8,8,True
636,58,6,7694.499553,49,49,True
636,59,7,7034.284051,14,14,True
636,59,4,6311.72079,107,107,True
636,59,9,7489.475272,46,46,True
636,59,8,7606.52144,47,47,True
636,59,9,7634.040253,134,134,True
636,59,9,7732.55084,48,48,True
636,59,6,7736.776682,49,49,True
636,61,2,4177.859243,84,84,True
636,61,7,6829.930027,12,12,True
636,61,7,7127.981547,14,14,True
636,61,3,7251.069242,91,91,True
636,61,0,3427.998264,132,132,True
636,61,6,6348.333896,42,42,True
636,61,8,7699.703284,47,47,True
636,61,6,7829.813767,49,49,True
636,62,0,1522.233941,0,0,True
636,62,8,8399.436214,17,142,False
636,62,2,3562.137601,34,34,True
636,63,4,5849.892391,11,11,True
636,63,4,5190.246583,40,40,True
636,63,7,6549.010487,43,43,True
636,63,10,7518.985204,45,45,True
636,63,6,9034.43147,54,55,False
636,63,6,9414.243741,59,59,True
636,65,8,8553.114211,17,17,True
636,65,7,6412.849844,41,41,True
636,65,10,7619.043938,45,45,True
636,65,9,9152.265434,155,155,True
636,67,10,7722.177767,45,45,True
636,67,6,7922.755453,154,154,True
636,67,9,8124.738853,48,46,False
636,67,8,9719.616909,60,60,True
636,68,1,6018.759764,122,122,True
636,69,4,5398.298922,39,39,True
636,69,4,5498.011067,40,40,True
636,69,3,8367.927443,50,50,True
636,69,12,9619.698343,58,58,True
636,70,4,6072.416261,10,10,True
636,70,1,5485.745806,105,105,True
636,71,1,5540.88018,105,105,True
636,72,3,4689.244427,4,5,False
636,72,1,4954.168106,9,9,True
636,72,1,5596.511202,105,105,True
636,72,3,7190.231709,44,44,True
636,72,3,8535.151075,50,50,True
636,73,0,4061.436964,132,32,False
636,73,1,4371.662385,35,35,True
636,73,5,8836.417114,51,51,True
636,75,0,2870.570351,32,32,True
636,75,1,4486.630475,35,35,True
636,76,3,3548.097094,1,1,True
636,76,2,3646.608982,2,2,True
636,77,1,5247.430457,9,122,False
636,77,1,5887.063085,105,35,False
636,77,3,7474.573251,44,44,True
636,78,3,3668.700689,1,1,True
636,78,1,5304.013851,9,122,False
636,79,2,5167.397983,84,84,True
636,79,4,5973.892544,39,39,True
636,79,7,7198.333395,41,41,True
636,79,6,7326.407384,42,42,True
636,79,3,7594.865075,44,44,True
636,80,2,3890.440682,2,2,True
636,80,2,4565.083261,34,34,True
636,81,4,6196.302229,40,40,True
636,81,9,8686.341182,46,46,True
636,83,4,6323.395749,40,40,True
636,83,1,7545.482534,152,152,True
636,84,0,2779.506034,0,0,True
636,84,3,7280.782649,5,5,True
636,86,3,4181.903279,1,1,True
636,87,1,5240.671576,35,35,True
636,88,0,5664.693797,157,82,False
636,89,0,4425.223177,82,82,True
636,89,0,3768.608848,32,32,True
636,89,4,6625.918139,39,39,True
636,89,1,6662.251043,105,152,False
636,91,1,5516.437445,35,152,False
636,94,3,7964.897557,5,5,True
636,95,0,4199.61868,32,32,True
636,98,1,6668.858218,9,122,False
636,99,0,4502.290898,32,32,True
636,101,4,7508.815771,39,39,True
636,102,3,5355.604571,1,1,True
636,103,1,7705.679673,105,35,False
636,104,3,5516.06943,1,1,True
636,104,3,8724.44726,5,5,True
636,118,0,5453.47331,0,0,True
636,120,0,5638.19181,0,0,True
636,123,1,8159.32041,35,35,True
727,0,3,1364.940558,2,2,True
727,0,2,2330.593018,35,35,True
727,0,5,4787.572217,41,41,True
727,0,4,8114.65479,60,60,True
727,1,5,5724.210582,14,14,True
727,1,1,1900.98963,33,33,True
727,1,8,5989.645,45,45,True
727,1,8,6425.94858,48,48,True
727,1,7,8215.758035,61,61,True
727,1,10,12562.6588,78,78,True
727,1,0,0.73439,0,0,True
727,1,3,1365.675623,2,2,True
727,2,0,2.20316,0,0,True
727,2,0,664.274867,32,32,True
727,2,2,4835.482405,106,106,True
727,3,0,1328.953683,82,82,True
727,3,3,2731.150267,84,84,True
727,3,4,8118.959907,60,60,True
727,3,1,1262.641231,1,1,True
727,4,4,7550.030102,19,19,True
727,4,3,5561.843419,13,13,True
727,4,3,2055.475876,34,34,True
727,5,5,4354.413367,11,11,True
727,5,8,6933.644839,17,17,True
727,5,5,3683.63545,40,40,True
727,5,3,4911.949604,42,42,True
727,5,5,5734.426712,14,14,True
727,6,5,4358.765841,11,11,True
727,6,5,5738.806184,14,14,True
727,6,5,5417.399605,12,12,True
727,6,5,5738.855889,14,14,True
727,6,4,8129.721814,60,60,True
727,7,3,5574.995571,13,13,True
727,7,3,4921.410045,42,42,True
727,7,3,5294.139208,44,44,True
727,7,4,2776.109808,85,84,False
727,7,4,7562.956556,19,19,True
727,7,3,3299.105097,37,37,True
727,8,0,26.437403,0,0,True
727,8,5,5749.755733,14,14,True
727,8,8,6948.90854,17,17,True
727,8,5,5035.922839,107,107,True
727,8,1,1926.716121,33,33,True
727,8,8,6148.877843,46,46,True
727,8,8,6276.181282,47,47,True
727,9,4,7575.208997,19,19,True
727,9,2,3601.259032,39,39,True
727,9,5,3705.51077,40,40,True
727,9,1,1291.27582,1,1,True
727,9,4,2788.623038,85,84,False
727,9,8,6955.46435,17,17,True
727,10,8,6797.478492,16,16,True
727,10,8,6465.428941,48,48,True
727,11,0,1373.178766,82,82,True
727,11,5,5771.809222,14,14,True
727,11,2,2378.678991,35,35,True
727,11,4,3173.29537,36,36,True
727,11,5,3720.823019,40,40,True
727,11,5,4835.717692,41,41,True
727,11,5,6072.986746,109,109,True
727,11,10,12608.57511,78,78,True
727,11,1,1306.693772,1,1,True
727,11,8,6805.48567,16,16,True
727,11,1,1948.869232,33,33,True
727,11,3,6255.05782,154,154,True
727,12,5,4400.348697,11,11,True
727,12,4,7598.858264,19,19,True
727,12,5,5780.596692,14,14,True
727,12,2,2387.421464,35,35,True
727,12,8,6179.411535,46,46,True
727,12,8,6306.783553,47,47,True
727,13,2,3046.764264,9,9,True
727,13,3,2115.030178,34,34,True
727,13,3,3345.306401,37,37,True
727,13,2,3634.772644,39,39,True
727,13,0,66.825491,0,0,True
727,13,5,4409.831981,11,11,True
727,13,2,4899.874431,106,106,True
727,14,8,6833.873386,16,16,True
727,14,5,6101.535575,109,109,True
727,14,5,6478.601032,146,146,True
727,14,5,5478.876607,12,12,True
727,14,4,3529.106339,38,38,True
727,14,5,3749.259241,40,40,True
727,15,2,4285.897681,10,10,True
727,15,8,6845.081131,16,16,True
727,15,2,4921.093742,106,106,True
727,15,0,88.119878,0,0,True
727,15,0,750.417634,32,32,True
727,16,4,2855.604719,85,85,True
727,16,8,6856.437878,16,16,True
727,16,2,4932.800873,106,106,True
727,16,3,6306.240661,154,154,True
727,16,5,6501.299783,146,146,True
727,16,0,1424.772997,82,82,True
727,16,5,4442.884707,11,11,True
727,16,4,7640.635944,19,19,True
727,16,3,2148.115911,34,34,True
727,16,2,2429.674789,35,35,True
727,16,5,5109.081483,107,107,True
727,16,8,6088.275248,45,45,True
727,17,2,4310.016046,10,10,True
727,17,8,6869.181483,16,16,True
727,17,1,2012.704934,33,33,True
727,17,5,6513.744769,146,146,True
727,17,3,1477.395989,2,2,True
727,17,2,3091.888315,9,9,True
727,17,3,2160.882987,34,34,True
727,17,3,3391.142454,37,37,True
727,17,2,4945.239483,106,106,True
727,18,0,1450.567467,82,82,True
727,18,4,2881.365787,85,85,True
727,18,3,5679.121128,13,13,True
727,18,3,3404.042667,37,37,True
727,18,2,3755.45826,105,105,True
727,18,5,4912.301713,41,41,True
727,18,3,6331.829108,154,154,True
727,18,8,6374.539151,47,47,True
727,18,6,7583.26795,54,54,True
727,19,3,5693.339242,13,13,True
727,19,0,801.740998,32,32,True
727,19,4,8250.954329,60,60,True
727,19,7,8351.340807,61,61,True
727,19,4,2895.352098,85,85,True
727,19,5,6540.833029,146,146,True
727,20,0,1479.308653,82,82,True
727,20,3,1519.286269,2,2,True
727,20,2,4351.347284,10,10,True
727,20,4,7693.834354,19,19,True
727,21,3,5441.038775,44,44,True
727,21,5,6570.8511,146,146,True
727,21,4,8280.360596,60,60,True
727,21,7,8380.749306,61,61,True
727,21,0,169.618649,0,0,True
727,21,2,3148.77544,9,9,True
727,22,8,6941.595832,16,16,True
727,22,0,1510.996774,82,82,True
727,22,2,4383.094824,10,10,True
727,22,4,7724.744761,19,19,True
727,22,3,3464.241136,37,37,True
727,22,4,3637.950152,38,38,True
727,22,5,6209.866612,109,109,True
727,22,5,6586.94591,146,146,True
727,22,6,7642.850549,54,54,True
727,22,10,12740.62498,78,78,True
727,23,4,7741.277296,19,19,True
727,23,3,2251.029878,34,34,True
727,23,4,7115.69108,51,51,True
727,23,1,1460.846869,1,1,True
727,23,4,7740.998326,19,19,True
727,24,3,6426.133513,154,154,True
727,25,4,7776.166037,19,19,True
727,25,5,5247.330321,107,107,True
727,25,3,5509.385605,44,44,True
727,25,5,6262.558616,109,109,True
727,26,4,3013.835904,85,85,True
727,26,2,4454.159345,10,10,True
727,26,2,4454.70124,10,10,True
727,26,1,2158.193602,33,33,True
727,27,2,5109.888107,106,106,True
727,27,5,5315.382525,43,43,True
727,27,3,5547.389675,44,44,True
727,27,8,6525.330607,47,46,False
727,27,0,940.326934,32,32,True
727,27,3,3556.771847,37,37,True
727,28,0,298.084059,0,0,True
727,28,2,4494.257662,10,10,True
727,28,2,3927.284158,105,105,True
727,28,2,4494.883962,10,10,True
727,28,3,5196.425568,42,42,True
727,29,3,2367.889514,34,34,True
727,29,4,3444.502709,36,36,True
727,29,2,3948.480099,105,105,True
727,29,2,5151.641345,106,106,True
727,29,8,6438.871999,46,46,True
727,29,4,8426.645734,60,60,True
727,29,5,4660.722208,11,11,True
727,29,3,3598.723536,37,37,True
727,29,5,5327.776983,107,107,True
727,30,5,5741.272335,12,12,True
727,30,3,2390.759547,34,34,True
727,30,2,3319.895103,9,9,True
727,30,8,7096.981421,16,16,True
727,30,2,3970.410122,105,105,True
727,30,3,5239.340142,42,42,True
727,30,5,5378.895519,43,43,True
727,31,4,8470.378688,60,61,False
727,31,10,12912.16409,78,78,True
727,31,0,1027.163149,32,32,True
727,31,1,2265.490598,33,33,True
727,31,5,5372.38296,107,107,True
727,32,3,3667.16627,37,37,True
727,32,1,2288.215474,33,33,True
727,32,2,2715.165883,35,35,True
727,32,8,6634.58192,47,46,False
727,33,5,4081.652501,40,40,True
727,33,8,6398.611767,45,45,True
727,33,8,6835.407076,48,48,True
727,33,0,1737.90966,82,82,True
727,33,5,5811.279082,12,12,True
727,33,3,3691.450027,37,37,True
727,33,2,5243.414999,106,106,True
727,34,2,4632.026019,10,10,True
727,34,8,7190.440317,16,16,True
727,34,3,5704.966556,44,44,True
727,34,5,5837.31875,12,12,True
727,34,3,2485.464505,34,34,True
727,34,2,4001.814106,39,39,True
727,34,3,5333.88727,42,42,True
727,34,5,5444.749908,107,107,True
727,34,8,6860.257853,48,48,True
727,34,4,8541.345269,60,60,True
727,35,0,1788.736288,82,82,True
727,35,3,3191.089868,84,84,True
727,35,2,3440.351539,9,9,True
727,35,5,5862.910607,12,14,False
727,35,4,3587.760861,36,36,True
727,35,5,5470.336842,107,107,True
727,35,3,6013.394572,13,13,True
727,35,1,2364.114689,33,33,True
727,36,2,3466.629249,9,9,True
727,36,5,5889.23179,12,12,True
727,36,5,6211.039119,14,14,True
727,36,4,3941.59379,38,38,True
727,37,4,8618.750588,60,60,True
727,38,4,3300.777995,85,85,True
727,38,1,2445.797194,33,33,True
727,38,3,2594.040547,34,34,True
727,38,5,5327.800454,41,41,True
727,38,5,5551.475173,107,107,True
727,38,8,6966.983386,48,48,True
727,39,5,5356.214342,41,41,True
727,39,2,5403.617093,106,106,True
727,40,8,7354.097617,16,16,True
727,40,5,5609.253992,107,107,True
727,40,2,3579.026004,9,9,True
727,40,5,4942.765744,11,11,True
727,40,6,6315.632349,108,108,True
727,40,8,7024.728555,48,48,True
727,40,4,7505.490719,51,51,True
727,40,4,8702.594329,60,60,True
727,41,2,5462.837647,106,106,True
727,41,5,6029.982957,12,12,True
727,41,3,2682.405249,34,34,True
727,42,5,5669.92138,107,107,True
727,42,8,6648.156199,45,45,True
727,43,3,2743.31131,34,34,True
727,43,2,3669.961167,9,9,True
727,44,5,5065.282559,11,11,True
727,44,0,1390.55274,32,32,True
727,44,2,4354.049764,105,105,True
727,44,0,2053.822222,82,82,True
727,44,2,5557.116129,106,106,True
727,44,6,6440.144318,108,108,True
727,45,5,6158.933511,12,12,True
727,45,4,3885.158924,36,36,True
727,45,3,2125.297861,2,2,True
727,46,0,793.322599,0,0,True
727,46,5,6512.110965,14,14,True
727,46,0,1457.467269,32,32,True
727,46,2,4987.766091,10,10,True
727,46,1,2694.233232,33,33,True
727,46,4,3918.925667,36,36,True
727,46,5,5575.447496,41,41,True
727,46,5,5828.449477,43,43,True
727,47,2,3803.751289,9,9,True
727,47,0,1490.787751,32,32,True
727,47,1,2728.726271,33,33,True
727,47,5,4494.724433,40,40,True
727,47,1,2085.778781,1,1,True
727,48,3,2914.298163,34,34,True
727,48,1,2763.950942,33,33,True
727,49,2,5092.849974,10,10,True
727,49,3,2948.188901,34,34,True
727,49,3,5791.874312,42,42,True
727,49,6,6612.206203,108,108,True
727,49,1,2156.877536,1,1,True
727,50,5,6331.6278,12,12,True
727,50,3,6482.796296,13,13,True
727,50,3,5828.208291,42,42,True
727,51,2,3948.169328,9,9,True
727,51,2,5166.541146,10,10,True
727,51,5,6693.867512,14,14,True
727,51,1,2874.01249,33,33,True
727,51,4,7867.812,51,51,True
727,51,0,1637.582278,32,32,True
727,52,5,6409.482375,12,12,True
727,52,5,4676.773045,40,40,True
727,52,4,7905.031998,51,51,True
727,53,2,5243.138955,10,10,True
727,53,1,2951.0414,33,33,True
727,53,3,3099.416087,34,34,True
727,53,0,1049.943638,0,0,True
727,53,5,5386.551221,11,11,True
727,54,2,5280.276109,10,10,True
727,54,3,3141.692667,34,34,True
727,54,2,4064.116248,9,9,True
727,54,2,5282.527615,10,10,True
727,54,2,3411.534833,35,35,True
727,55,2,5322.642213,10,10,True
727,55,0,1793.173331,32,32,True
727,55,3,4408.230946,37,37,True
727,55,5,4794.713906,40,40,True
727,55,5,5909.542273,41,43,False
727,55,3,2495.978633,2,2,True
727,56,2,4143.342156,9,9,True
727,56,2,4145.039965,9,9,True
727,56,2,5363.482997,10,10,True
727,56,8,7412.022455,47,47,True
727,57,3,3262.346874,34,34,True
727,58,5,6287.955919,43,43,True
727,59,5,5636.382729,11,11,True
727,59,5,6330.975405,43,43,True
727,59,0,1298.389167,0,0,True
727,60,5,5677.075961,11,11,True
727,61,5,6164.851614,41,43,False
727,63,2,5035.182804,39,39,True
727,63,2,4449.007677,9,9,True
727,63,5,5812.461817,11,11,True
727,64,2,4497.779052,9,9,True
727,64,5,6302.260793,41,41,True
727,66,0,1621.425996,0,0,True
727,69,2,4741.795129,9,9,True
727,70,2,6007.681575,10,10,True
727,70,2,4792.768004,9,9,True
727,78,0,2258.167814,0,0,True
727,78,2,4570.959411,35,34,False
727,80,2,5923.552065,39,39,True
737,1,2,2265.087724,35,34,False
737,1,4,6724.433224,51,51,True
737,1,2,2896.509347,9,9,True
737,2,2,4238.027728,11,11,True
737,3,4,6728.022198,51,51,True
737,3,2,2900.148505,9,9,True
737,4,5,4107.865051,10,10,True
737,4,1,2011.502897,34,34,True
737,5,0,11.016256,0,0,True
737,5,5,4111.512528,10,10,True
737,6,1,2019.602568,34,34,True
737,6,5,4115.927052,10,10,True
737,8,4,6749.553151,51,51,True
737,9,1,2037.197181,34,34,True
737,9,0,676.131154,32,32,True
737,10,2,4275.93826,11,11,True
737,10,0,683.493442,32,32,True
737,10,1,2044.541634,34,34,True
737,10,2,3624.960744,40,40,True
737,11,5,3535.961554,39,39,True
737,11,1,2052.732324,34,34,True
737,12,5,3544.716503,39,39,True
737,13,4,6789.026056,51,41,False
737,14,2,2972.381966,9,9,True
737,14,5,4177.396689,10,10,True
737,14,5,4998.08539,43,43,True
737,15,5,4188.372509,10,10,True
737,16,0,743.126718,32,32,True
737,17,6,4922.030663,42,42,True
737,19,2,4374.350199,11,11,True
737,20,6,4963.502065,42,42,True
737,21,5,5089.941141,43,43,True
737,21,0,813.058825,32,32,True
737,22,1,2190.388418,34,34,True
737,22,5,4285.685344,10,10,True
737,23,4,6921.774365,51,51,True
737,24,5,4320.067977,10,10,True
737,24,2,2482.974038,35,35,True
737,25,2,3133.214955,9,9,True
737,25,2,2501.188598,35,35,True
737,25,6,5047.164443,42,42,True
737,26,6,5066.076942,42,42,True
737,27,2,3171.925148,9,84,False
737,27,4,6994.951191,51,51,True
737,28,5,5217.498694,43,43,True
737,30,8,6804.459563,15,15,True
737,30,6,5148.995638,42,42,True
737,31,2,3258.102115,9,84,False
737,31,2,4598.13298,11,11,True
737,31,2,3257.566707,9,9,True
737,31,5,4462.572504,10,10,True
737,32,3,1631.873963,1,1,True
737,32,8,6852.205057,15,15,True
737,33,0,1055.281965,32,32,True
737,33,4,7126.213941,51,51,True
737,33,5,4509.996938,10,10,True
737,35,8,6927.075244,15,15,True
737,35,2,2723.352535,35,35,True
737,35,2,4043.676935,40,40,True
737,35,3,1706.787804,1,1,True
737,36,5,4587.733685,10,10,True
737,37,0,516.067418,0,0,True
737,37,5,4613.581471,10,10,True
737,38,2,4775.850074,11,11,True
737,38,2,3437.002016,9,9,True
737,38,5,5461.624552,43,43,True
737,39,0,1216.141861,32,32,True
737,39,2,2832.581044,35,35,True
737,39,2,4804.265856,11,11,True
737,40,0,601.91081,0,0,True
737,40,0,1245.525703,32,32,True
737,40,2,4181.975757,40,40,True
737,41,2,4211.815373,40,40,True
737,42,2,3554.264428,9,9,True
737,42,2,4893.847292,11,11,True
737,43,5,4792.402883,10,10,True
737,43,5,4177.616286,39,39,True
737,43,2,4925.164144,11,11,True
737,44,0,1370.351505,32,32,True
737,44,5,4209.676522,39,39,True
737,46,5,4891.049529,10,10,True
737,48,2,3120.843229,35,35,True
737,50,2,4513.046604,40,40,True
737,51,5,4454.430615,39,39,True
737,56,5,4651.015839,39,39,True
737,56,2,4746.515112,40,40,True
737,57,0,1212.714398,0,0,True
828,0,6,7232.508952,6,6,True
828,1,5,5332.266564,12,12,True
828,1,6,5485.268778,13,13,True
828,1,5,7490.315627,19,19,True
828,1,5,6869.655729,51,51,True
828,2,1,1232.404574,1,1,True
828,2,3,1349.177162,2,2,True
828,2,8,6661.576911,16,16,True
828,2,3,7030.098708,93,93,True
828,2,5,7491.671551,19,19,True
828,2,9,8000.690403,22,22,True
828,3,6,7211.180279,94,94,True
828,3,1,1872.869044,33,33,True
828,3,6,4837.380795,42,42,True
828,3,9,6170.759861,47,47,True
828,4,6,7213.924139,94,94,True
828,4,9,7727.755174,160,160,True
828,4,0,1980.223519,132,132,True
828,4,5,4971.534074,107,107,True
828,5,8,6669.860617,16,16,True
828,5,8,7056.131888,18,18,True
828,5,9,7837.487622,21,21,True
828,5,8,7737.558711,113,113,True
828,5,6,7864.308314,136,136,True
828,5,6,7908.306919,59,59,True
828,5,5,8120.986514,114,114,True
828,6,6,6986.530285,92,92,True
828,6,6,7221.470607,94,94,True
828,6,8,8802.832723,26,26,True
828,6,5,8125.067054,114,114,True
828,6,9,8465.601297,115,115,True
828,7,11,8456.841999,24,24,True
828,7,8,8807.626198,26,26,True
828,7,2,2333.316972,35,35,True
828,7,5,4983.979211,107,107,True
828,7,8,7315.094204,111,111,True
828,7,9,8470.433959,115,115,True
828,8,2,2983.931451,9,9,True
828,8,5,4328.189362,11,11,True
828,8,8,7070.59385,18,18,True
828,8,11,8225.7739,23,23,True
828,8,4,9883.779818,130,130,True
828,8,8,7320.618842,111,111,True
828,8,6,7922.763862,59,59,True
828,9,2,3556.149643,39,39,True
828,9,5,3669.082538,40,40,True
828,9,3,6440.062017,49,49,True
828,9,6,6588.822242,50,50,True
828,9,8,7758.354664,113,113,True
828,9,5,8141.388982,114,114,True
828,9,9,8682.174005,116,115,False
828,9,12,8713.207753,65,65,True
828,9,10,12590.697817,79,79,True
828,10,8,8394.968899,97,97,True
828,10,6,6595.745771,50,50,True
828,11,2,3004.665339,9,9,True
828,11,5,4348.978494,11,11,True
828,11,6,5530.139519,13,13,True
828,11,5,5712.442284,14,14,True
828,11,8,6705.039616,16,16,True
828,11,1,1914.506914,33,33,True
828,11,6,7899.359269,136,136,True
828,11,11,8428.642921,63,63,True
828,12,2,3012.867644,9,9,True
828,12,6,7260.574558,94,94,True
828,12,5,6003.54875,109,109,True
828,12,6,6611.513805,50,50,True
828,12,8,7781.229582,113,113,True
828,13,9,8061.461455,22,22,True
828,13,8,8850.471081,26,26,True
828,13,3,5298.763117,44,44,True
828,13,6,6620.288592,50,50,True
828,13,11,7585.145331,55,55,True
828,13,15,8286.964415,62,62,True
828,13,7,11387.190767,75,75,True
828,14,2,4223.528192,10,10,True
828,14,8,6731.71689,16,16,True
828,14,9,8070.844241,22,22,True
828,14,8,7368.259093,111,111,True
828,14,3,7721.860224,135,135,True
828,15,0,1398.62563,82,82,True
828,15,8,6742.285267,16,16,True
828,15,9,7803.967214,160,160,True
828,15,6,4915.795179,42,42,True
828,15,6,7651.928679,56,56,True
828,15,8,7810.337122,113,113,True
828,15,4,8122.776298,60,60,True
828,15,7,9279.204182,68,68,True
828,15,7,12540.051726,78,78,True
828,16,0,1409.763846,82,82,True
828,16,6,7065.052266,92,92,True
828,16,6,7300.361401,94,94,True
828,16,12,7751.45279,20,20,True
828,16,9,7815.051224,160,160,True
828,16,2,3698.600574,105,105,True
828,16,5,6043.631054,109,109,True
828,16,3,6502.422122,49,49,True
828,16,3,7743.15173,135,135,True
828,16,6,7991.449417,59,59,True
828,17,5,4409.097117,11,11,True
828,17,9,6605.939953,15,15,True
828,17,9,7826.826814,160,160,True
828,17,2,3710.343742,105,105,True
828,17,3,5341.143096,44,44,True
828,17,12,7175.261086,52,52,True
828,17,6,7214.824164,210,210,True
828,17,14,9000.256738,66,66,True
828,17,7,9301.566938,68,68,True
828,18,0,1434.127664,82,82,True
828,18,1,2630.846015,83,83,True
828,18,5,5784.750002,14,14,True
828,18,3,7145.262687,93,93,True
828,18,2,3722.777449,105,105,True
828,18,8,7413.824686,111,111,True
828,19,5,7618.663129,19,19,True
828,19,5,4852.625539,41,41,True
828,19,8,6154.951239,46,46,True
828,19,9,6297.561623,47,47,True
828,19,6,7240.617935,210,210,True
828,19,7,9326.635838,68,68,True
828,20,4,2592.604918,3,3,True
828,20,2,3103.808671,9,9,True
828,20,2,4295.82715,10,10,True
828,20,8,7190.7763,18,18,True
828,20,6,6702.000819,50,50,True
828,21,5,4462.991834,11,11,True
828,21,6,5644.027487,13,13,True
828,21,3,7186.386219,93,93,True
828,21,8,7205.952234,18,18,True
828,21,8,8093.177826,126,126,True
828,21,12,9145.803296,27,27,True
828,21,2,2472.995423,35,35,True
828,21,9,7267.07243,110,110,True
828,21,9,8610.543234,115,115,True
828,21,4,9406.736146,119,119,True
828,22,1,2687.909446,83,83,True
828,22,5,5841.329512,14,14,True
828,22,9,6674.475365,15,15,True
828,22,8,6833.473115,16,16,True
828,22,9,8000.950913,21,21,True
828,22,8,8530.693428,97,97,True
828,22,9,7282.272911,110,110,True
828,22,8,7894.100926,57,57,True
828,23,5,4494.082659,11,11,True
828,23,0,2165.737333,132,132,True
828,23,5,3828.284898,40,40,True
828,23,3,5425.20934,44,44,True
828,23,5,6140.378237,109,109,True
828,23,10,6422.16249,134,134,True
828,23,9,7398.334886,53,53,True
828,23,11,7688.368537,112,112,True
828,23,9,8841.678734,116,116,True
828,23,14,9085.32311,66,66,True
828,24,8,6865.783571,16,16,True
828,24,9,8204.939803,22,21,False
828,24,0,2182.470126,132,132,True
828,24,2,3811.872481,105,105,True
828,24,6,5988.499754,153,153,True
828,24,9,8658.157954,115,115,True
828,25,9,6724.792506,15,15,True
828,25,12,7882.608029,20,20,True
828,25,11,8382.911376,127,127,True
828,25,0,882.980634,32,32,True
828,25,9,7564.964095,54,53,False
828,26,0,1559.409993,82,82,True
828,26,11,7076.473191,17,17,True
828,26,6,7447.82101,94,93,False
828,26,9,7963.962783,160,160,True
828,27,5,5928.421387,14,14,True
828,27,3,7287.125455,93,93,True
828,27,3,2287.151043,34,34,True
828,27,3,3486.39898,37,37,True
828,27,6,5093.224283,42,42,True
828,27,9,6427.098739,47,47,True
828,27,3,6667.573558,49,49,True
828,27,8,7556.701793,111,111,True
828,28,6,6413.893872,154,154,True
828,29,11,8739.656786,24,24,True
828,29,3,3525.932487,37,37,True
828,29,3,5533.861503,44,44,True
828,29,5,7163.518804,51,51,True
828,29,9,7408.057491,110,110,True
828,29,9,7507.367462,53,53,True
828,29,9,7640.574801,54,54,True
828,30,3,7346.736824,93,93,True
828,30,5,9049.222258,129,129,True
828,30,8,8039.23422,57,57,True
828,30,5,8426.94696,114,114,True
828,31,3,7367.976341,93,93,True
828,31,5,5063.045651,41,41,True
828,31,3,5575.540051,44,44,True
828,31,8,6364.976971,46,46,True
828,31,3,6748.169539,49,49,True
828,31,6,7453.87658,210,210,True
828,31,9,7682.501022,54,53,False
828,31,4,8377.258638,60,60,True
828,31,11,8723.654424,63,63,True
828,31,9,8793.382367,115,115,True
828,31,9,8993.53138,116,116,True
828,32,6,5338.037124,209,209,True
828,32,11,7198.369037,17,17,True
828,32,11,8753.02016,98,98,True
828,32,3,2392.215262,34,34,True
828,32,5,5329.597265,107,107,True
828,32,6,6919.938482,50,50,True
828,33,2,3346.090221,9,9,True
828,33,5,5718.769496,12,12,True
828,33,8,7046.360833,16,16,True
828,33,8,7434.787158,18,18,True
828,33,9,8385.879445,22,22,True
828,33,0,2364.429333,132,132,True
828,33,3,2414.254067,34,34,True
828,33,9,6553.170146,47,47,True
828,33,8,8115.841546,113,113,True
828,33,11,8133.02773,58,58,True
828,34,8,7068.541396,16,16,True
828,34,11,7244.503314,17,17,True
828,34,5,7893.045101,19,19,True
828,34,11,8611.161321,23,23,True
828,34,0,2388.129176,132,132,True
828,34,3,5643.733336,44,44,True
828,34,6,6965.846136,50,50,True
828,34,11,7908.839504,112,112,True
828,34,6,8306.632724,59,59,True
828,34,9,9061.899504,116,116,True
828,35,0,1094.66598,32,32,True
828,35,3,3661.161236,37,37,True
828,35,6,5266.480908,42,42,True
828,35,10,6668.466506,134,134,True
828,35,6,8000.351536,56,59,False
828,35,6,8329.330036,59,59,True
828,35,11,8815.540255,63,63,True
828,36,3,1809.670557,2,2,True
828,36,8,7505.642496,18,18,True
828,36,6,6593.409413,154,154,True
828,36,3,6865.117756,49,49,True
828,37,3,7509.776837,93,93,True
828,38,3,7535.804237,93,93,True
828,38,0,2489.882916,132,132,True
828,38,11,8009.713143,112,112,True
828,38,6,8077.428273,56,56,True
828,38,5,8614.517613,114,114,True
828,39,2,4689.145949,10,10,True
828,39,8,8891.778706,97,97,True
828,39,9,7877.670566,54,54,True
828,40,8,7223.137651,16,16,True
828,40,12,8222.777123,20,20,True
828,40,9,8390.277455,21,21,True
828,40,4,9807.143491,119,119,True
828,41,11,7429.758358,17,17,True
828,41,2,4116.978053,39,39,True
828,41,10,6829.15368,134,134,True
828,41,9,7933.326717,54,53,False
828,41,6,8158.07948,56,56,True
828,41,7,9781.024564,68,68,True
828,41,4,9835.003203,119,119,True
828,42,8,7280.155873,16,16,True
828,42,5,8101.750709,19,19,True
828,42,6,7176.839479,50,50,True
828,42,6,7737.361339,210,210,True
828,43,9,8479.089559,21,21,True
828,43,0,1313.90196,32,32,True
828,43,6,5483.677093,42,42,True
828,43,9,6554.155155,45,45,True
828,43,5,7509.317396,51,51,True
828,43,9,7761.051868,110,110,True
828,43,8,8366.720929,57,57,True
828,43,8,8382.351685,113,113,True
828,43,8,8788.834122,61,61,True
828,44,1,1915.984057,1,1,True
828,44,6,7647.70466,92,92,True
828,44,6,7885.83271,94,94,True
828,44,8,9460.110487,26,26,True
828,44,11,8181.711739,112,112,True
828,45,2,4864.879437,10,10,True
828,45,5,5786.268833,211,211,True
828,45,8,7373.000521,16,16,True
828,45,6,7916.731184,94,94,True
828,45,11,8917.604946,23,23,True
828,45,0,1375.633309,32,32,True
828,45,2,4319.218321,105,105,True
828,45,5,5433.439065,41,41,True
828,45,8,5703.59393,43,43,True
828,45,6,6496.702655,153,153,True
828,45,9,7822.507668,110,110,True
828,45,9,8052.871515,54,53,False
828,45,8,8443.935568,113,113,True
828,46,8,9521.799636,26,26,True
828,47,2,4928.955071,10,10,True
828,47,12,8437.751814,20,20,True
828,47,11,9220.993333,24,24,True
828,47,4,9408.774414,25,25,True
828,47,9,7982.285139,53,53,True
828,47,10,13312.815296,79,79,True
828,48,3,2163.676037,2,2,True
828,48,2,3768.860665,9,9,True
828,48,5,5884.156418,211,211,True
828,48,6,6293.724788,13,13,True
828,48,0,1474.576413,32,32,True
828,48,6,7927.406683,210,210,True
828,49,6,6329.646453,13,13,True
828,49,8,7526.917213,149,149,True
828,49,8,7895.018713,18,18,True
828,49,8,6865.024908,46,46,True
828,49,6,6979.080548,154,154,True
828,49,3,7245.797898,49,49,True
828,49,5,7698.026335,51,51,True
828,49,4,8870.270479,60,60,True
828,50,2,3836.974646,9,9,True
828,50,5,6546.092118,14,14,True
828,50,11,7712.552923,17,17,True
828,50,9,8874.982418,22,22,True
828,50,3,7281.54296,49,49,True
828,50,5,8977.219992,114,114,True
828,51,9,7415.784685,15,15,True
828,51,8,8210.492813,111,111,True
828,51,11,8413.458685,112,112,True
828,51,11,8437.417222,55,55,True
828,51,8,9046.266598,61,61,True
828,52,6,6432.597242,13,13,True
828,52,1,2825.979447,33,33,True
828,52,2,4555.828616,105,105,True
828,52,4,10186.164158,119,119,True
828,53,0,2310.508658,82,82,True
828,53,6,6471.635665,13,13,True
828,53,5,5705.36398,41,41,True
828,53,6,6770.794516,153,153,True
828,53,9,8324.873028,54,53,False
828,53,6,8547.04923,56,56,True
828,54,6,6506.145212,13,13,True
828,54,5,6690.813863,14,14,True
828,54,9,7522.194576,15,15,True
828,54,6,8249.142665,6,6,True
828,55,12,8722.251465,20,20,True
828,55,6,7196.286403,154,154,True
828,55,12,8130.497915,52,52,True
828,55,8,8771.912603,57,57,True
828,56,0,1105.9663,0,0,True
828,56,5,6175.768585,211,211,True
828,57,8,7798.572956,16,16,True
828,57,6,5403.1736,198,198,True
828,57,5,5857.733151,41,41,True
828,57,6,7687.8091,50,50,True
828,57,7,10316.70906,68,68,True
828,58,0,1185.573999,0,0,True
828,59,8,8272.558614,18,18,True
828,59,9,9219.638219,22,22,True
828,59,6,5484.163399,198,198,True
828,59,4,9238.515935,60,60,True
828,60,3,2617.356708,2,2,True
828,60,0,1928.553008,32,32,True
828,61,11,8140.936808,17,17,True
828,61,8,7666.60694,48,48,True
828,61,9,8504.625529,53,53,True
828,62,5,8812.644052,19,19,True
828,62,3,6571.92342,44,44,True
828,63,0,2055.618802,32,32,True
828,63,2,4909.728933,39,39,True
828,63,5,5026.216254,40,40,True
828,63,5,6106.76254,41,41,True
828,63,8,6380.08401,43,43,True
828,63,8,7752.95446,48,48,True
828,63,11,8913.31272,55,55,True
828,64,0,1440.9357,0,0,True
828,64,11,8266.204457,17,17,True
828,64,5,8898.565002,19,19,True
828,64,3,7831.4446,49,49,True
828,65,9,7980.252542,15,15,True
828,65,0,2144.974057,32,32,True
828,65,2,4998.192382,39,39,True
828,65,8,9600.748647,61,61,True
828,67,2,5089.38339,39,39,True
828,67,2,5176.106482,105,105,True
828,68,8,8270.497883,16,16,True
828,69,5,6995.957831,12,12,True
828,69,2,5183.299445,39,39,True
828,69,5,6380.327872,41,41,True
828,69,6,7451.34751,153,153,True
828,69,6,8207.893386,50,50,True
828,70,0,3042.443572,82,82,True
828,73,9,7759.196671,45,45,True
828,76,0,2025.96686,0,0,True
828,77,6,6336.76586,198,198,True
828,79,2,5693.706881,39,39,True
828,80,0,2242.954181,0,0,True
828,82,0,2355.559537,0,0,True
828,83,0,3073.016372,32,32,True
828,83,5,9224.918804,51,51,True
828,84,0,2470.907104,0,0,True
828,87,2,4942.25119,35,34,False
828,88,2,5650.918997,9,2,False
828,93,0,3684.64017,32,32,True
838,1,4,3545.712973,40,40,True
838,2,2,1222.465077,1,1,True
838,2,8,6381.099534,15,15,True
838,2,8,8422.842834,25,25,True
838,2,0,640.199927,32,32,True
838,3,0,642.282938,32,32,True
838,3,5,4634.338607,41,41,True
838,4,1,2880.834086,9,9,True
838,4,4,8559.999085,26,26,True
838,5,1,2257.616557,35,35,True
838,5,4,3555.35674,40,40,True
838,6,2,1234.952284,1,1,True
838,6,8,6705.911912,17,17,True
838,7,4,4379.507943,145,145,True
838,8,8,6716.235239,17,17,True
838,9,1,2904.997735,9,9,True
838,9,6,6414.499481,50,50,True
838,11,8,6737.03333,17,17,True
838,11,1,2292.724036,35,35,True
838,13,4,3607.695895,40,40,True
838,13,8,6106.100182,47,47,True
838,13,11,7008.429879,52,52,True
838,14,8,6763.717897,17,17,True
838,15,4,4138.946591,10,10,True
838,15,8,6126.050664,47,46,False
838,17,1,2352.608223,35,35,True
838,17,3,4845.379252,42,42,True
838,19,8,6822.65295,17,17,True
838,19,8,8550.096384,25,25,True
838,19,0,770.039594,32,32,True
838,19,5,6802.088766,51,51,True
838,19,11,7231.692375,53,53,True
838,19,4,8058.650158,61,61,True
838,20,8,6682.381672,16,16,True
838,20,8,8563.406072,25,25,True
838,20,4,8695.715772,26,26,True
838,20,0,784.135318,32,32,True
838,21,5,4789.473001,41,41,True
838,21,11,7259.885678,53,53,True
838,21,4,8086.443663,61,61,True
838,22,2,1395.87023,1,2,False
838,22,5,7448.803501,19,19,True
838,22,4,8724.890417,26,26,True
838,23,8,6728.371503,16,16,True
838,23,4,8740.868996,26,26,True
838,24,2,1428.463598,1,1,True
838,24,3,1526.8772,2,2,True
838,24,9,8060.170317,22,22,True
838,25,9,8078.202127,22,22,True
838,25,8,6150.539114,46,46,True
838,25,5,6893.579512,51,51,True
838,25,9,7444.310726,54,54,True
838,26,1,3115.800785,9,9,True
838,26,8,6621.17502,15,15,True
838,26,5,7515.301857,19,19,True
838,27,5,7533.975502,19,19,True
838,27,8,6055.780705,45,45,True
838,27,11,7626.270326,55,55,True
838,28,8,8696.464345,25,25,True
838,29,5,7572.700782,19,19,True
838,29,8,6342.719561,47,46,False
838,30,8,6699.802234,15,15,True
838,31,4,4398.563158,10,10,True
838,31,8,7033.893616,17,17,True
838,31,1,2588.641406,35,35,True
838,31,6,6722.838458,50,50,True
838,33,2,3834.59,39,39,True
838,33,8,6589.164291,48,48,True
838,35,1,3308.593245,9,9,True
838,35,0,1075.424268,32,32,True
838,35,11,7381.045924,52,52,True
838,37,8,7022.896006,16,16,True
838,37,8,6280.052187,45,45,True
838,38,0,513.775477,0,0,True
838,38,8,7047.445671,16,17,False
838,38,5,7779.854092,19,19,True
838,39,4,4900.40909,145,145,True
838,39,8,6333.167433,45,45,True
838,39,8,6579.95579,47,46,False
838,40,0,568.52339,0,0,True
838,40,8,8977.396666,25,25,True
838,41,8,6975.242101,15,15,True
838,43,1,2898.156087,35,35,True
838,45,1,2959.351073,35,35,True
838,45,2,4160.640109,39,39,True
838,45,4,5076.923285,145,145,True
838,45,8,6755.258784,47,46,False
838,45,8,8537.303618,60,60,True
838,47,5,8043.303244,19,19,True
838,47,0,1420.867617,32,32,True
838,47,8,6819.184885,47,46,False
838,49,8,7382.721544,16,17,False
838,51,11,8279.157253,55,55,True
838,53,5,8248.936946,19,19,True
838,53,9,8202.690796,54,53,False
838,57,5,8399.549767,19,19,True
838,57,2,4585.415245,39,39,True
838,57,4,5504.466174,145,145,True
838,59,9,8434.998674,54,54,True
838,59,4,9128.847355,61,61,True
838,61,4,9210.732376,61,61,True
838,63,8,7429.306876,47,46,False
838,67,8,9378.651311,60,60,True
838,69,5,8308.051469,51,51,True
838,73,5,8501.327191,51,51,True
627,0,5,4821.514677,41,41,True
627,1,4,4224.178153,10,10,True
627,1,3,5295.828927,44,44,True
627,1,7,5069.677387,43,43,True
627,1,4,7573.830047,19,19,True
627,1,13,7677.17715,55,55,True
627,2,3,1274.558721,1,1,True
627,2,7,5071.182374,43,43,True
627,2,3,5297.318237,44,44,True
627,2,8,6465.741173,48,48,True
627,2,4,6947.81547,51,51,True
627,2,6,7132.991115,93,93,True
627,2,3,2064.375049,34,34,True
627,3,1,3649.522707,105,105,True
627,3,6,6509.79219,49,49,True
627,3,7,8766.813318,25,25,True
627,3,4,4371.312886,11,11,True
627,3,7,5761.051213,14,14,True
627,3,6,5990.602223,201,90,False
627,3,10,6180.452417,46,46,True
627,3,13,7402.262398,53,53,True
627,3,7,8158.903628,60,60,True
627,3,7,8766.802814,25,25,True
627,4,0,7.572297,0,0,True
627,4,0,672.309614,32,32,True
627,4,3,2069.677438,34,34,True
627,4,6,5993.583263,201,90,False
627,4,6,7345.339376,6,6,True
627,4,0,672.320118,32,32,True
627,4,7,5764.082593,14,14,True
627,4,7,6255.236247,154,154,True
627,4,13,8191.300915,22,22,True
627,4,13,8371.8058,23,23,True
627,5,1,3003.601677,9,9,True
627,5,4,4872.383779,106,106,True
627,5,7,6259.005751,154,154,True
627,5,4,7584.210895,19,19,True
627,5,13,8375.582336,23,23,True
627,5,7,8913.678116,26,26,True
627,5,3,1387.390631,2,2,True
627,5,4,4234.708343,10,10,True
627,5,10,6187.201094,46,46,True
627,5,10,6983.993018,17,17,True
627,5,7,8165.564592,60,60,True
627,6,9,3914.113285,139,139,True
627,6,6,6520.980597,49,49,True
627,6,4,5051.352455,107,107,True
627,6,7,6263.529551,154,154,True
627,6,7,8777.948918,25,25,True
627,7,1,3013.393632,9,9,True
627,7,5,5460.44467,12,12,True
627,7,7,6268.8089,154,154,True
627,7,10,6831.985366,16,16,True
627,7,4,7593.851058,19,19,True
627,7,3,1937.916874,33,33,True
627,7,3,2083.318983,34,34,True
627,7,6,2796.8307,85,85,True
627,7,6,3329.949554,37,37,True
627,7,4,3612.314373,39,40,False
627,7,9,4044.605933,87,87,True
627,7,6,4960.366127,42,42,True
627,7,3,5315.970316,44,44,True
627,7,7,8275.092981,61,61,True
627,8,0,27.259503,0,0,True
627,8,6,3336.005322,37,37,True
627,8,1,3672.146203,105,105,True
627,8,6,5912.170158,90,90,True
627,8,4,6972.212872,51,51,True
627,8,7,8181.105854,60,61,False
627,8,6,3503.010229,38,38,True
627,8,4,4250.566903,10,10,True
627,8,6,6532.237407,49,49,True
627,9,4,4257.352513,10,10,True
627,9,3,5328.709128,44,44,True
627,9,7,8795.765064,25,25,True
627,9,6,4973.118409,42,42,True
627,9,7,6281.621306,154,154,True
627,9,10,6331.88964,47,47,True
627,9,8,6497.387868,48,48,True
627,9,13,7431.544708,53,53,True
627,10,3,1958.386921,33,33,True
627,10,5,4862.915316,41,41,True
627,10,3,5336.122239,44,44,True
627,10,5,5480.706563,12,12,True
627,10,10,6339.395352,47,47,True
627,10,6,6687.97096,50,50,True
627,10,10,7014.026755,17,17,True
627,10,6,7378.929778,6,6,True
627,10,13,7566.996472,54,54,True
627,10,6,3517.461548,38,38,True
627,10,1,3686.473689,105,105,True
627,10,10,6852.324114,16,16,True
627,10,10,7014.174379,17,17,True
627,10,6,7171.932185,93,93,True
627,11,4,4273.185287,10,10,True
627,11,4,4910.880154,106,106,True
627,11,6,6554.683192,49,49,True
627,11,6,7749.466878,56,56,True
627,11,13,8066.796113,21,21,True
627,11,7,8811.358159,25,25,True
627,11,0,714.758554,32,32,True
627,11,1,2389.594448,35,35,True
627,11,6,3203.783914,36,36,True
627,11,9,3948.114174,139,139,True
627,11,13,8233.255809,22,22,True
627,12,6,3367.796777,37,37,True
627,12,4,3751.970757,40,40,True
627,12,8,4962.957754,212,212,True
627,12,4,5094.340086,107,107,True
627,12,7,6496.571983,146,146,True
627,12,6,7396.098178,6,6,True
627,12,4,4919.936758,106,106,True
627,13,0,733.814002,32,32,True
627,13,0,1399.002641,82,82,True
627,13,1,3713.622129,105,105,True
627,13,4,5104.143491,107,107,True
627,13,3,5363.084589,44,44,True
627,13,7,6506.379927,146,146,True
627,13,13,8252.27146,22,22,True
627,13,7,8829.917447,25,25,True
627,13,7,8970.041271,26,26,True
627,13,3,4723.021003,5,5,True
627,13,6,5662.016288,13,13,True
627,13,12,5842.115843,108,108,True
627,13,6,6573.234052,49,49,True
627,13,10,6879.202916,16,16,True
627,13,8,7280.622166,142,142,True
627,13,8,7921.894914,57,57,True
627,14,6,2855.23355,85,85,True
627,14,4,3772.259093,40,40,True
627,14,9,4102.868409,87,139,False
627,14,8,4274.201385,140,140,True
627,14,6,6064.394743,201,201,True
627,14,7,6516.942667,146,146,True
627,14,13,8262.494458,22,22,True
627,14,1,3724.177028,105,105,True
627,14,6,7209.373455,93,93,True
627,14,4,7650.93499,19,19,True
627,14,8,7932.551862,57,57,True
627,14,13,8443.4918,23,23,True
627,14,7,8840.310184,25,25,True
627,15,6,3399.844921,37,37,True
627,15,7,5847.086381,14,14,True
627,15,3,2834.599684,84,84,True
627,15,1,3082.553573,9,9,True
627,15,1,3735.487927,105,105,True
627,15,7,5846.798266,14,14,True
627,15,7,6528.258461,146,146,True
627,15,10,7062.831664,17,17,True
627,15,11,7962.972162,58,58,True
627,16,0,767.815894,32,32,True
627,16,3,2019.780958,33,33,True
627,16,6,2878.745704,85,85,True
627,16,4,3795.55234,40,40,True
627,16,3,4756.554309,5,5,True
627,16,6,5986.744999,90,90,True
627,16,7,6350.220963,154,154,True
627,16,6,6606.824474,49,49,True
627,16,7,8863.099421,25,25,True
627,16,6,3411.989403,37,37,True
627,16,10,7075.209213,17,17,True
627,16,6,7801.926581,56,56,True
627,17,6,3591.995256,38,38,True
627,17,4,4482.104169,11,11,True
627,17,4,4976.568229,106,106,True
627,17,4,5150.895515,107,107,True
627,17,10,6926.136139,16,16,True
627,17,10,7088.018823,17,17,True
627,17,13,8479.708832,23,23,True
627,17,6,2640.269353,3,3,True
627,17,6,2891.638543,85,85,True
627,17,4,3808.325782,40,40,True
627,17,13,7346.413167,52,52,True
627,17,13,7512.621128,53,53,True
627,17,11,7987.873124,58,58,True
627,17,7,9015.783775,26,26,True
627,18,0,129.471267,0,0,True
627,18,3,1401.784708,1,1,True
627,18,8,5033.455942,212,212,True
627,18,13,7526.132459,53,53,True
627,18,13,7804.978011,55,54,False
627,18,11,8001.454891,58,58,True
627,18,13,8492.716842,23,23,True
627,18,7,5885.566504,14,14,True
627,18,7,8889.30982,25,25,True
627,19,3,2206.42273,34,33,False
627,19,6,6647.445337,49,49,True
627,19,3,2060.706971,33,33,True
627,19,6,2919.699585,85,85,True
627,19,8,4338.737691,140,140,True
627,19,6,5081.876138,42,42,True
627,19,6,5736.364375,13,13,True
627,19,5,6208.323414,109,109,True
627,19,6,6788.671567,50,50,True
627,20,3,2221.232696,34,33,False
627,20,6,3312.978518,36,36,True
627,20,8,4353.924015,140,140,True
627,20,8,6621.704969,48,48,True
627,20,8,7369.16938,142,142,True
627,20,13,7555.404645,53,53,True
627,20,7,8917.904502,25,25,True
627,20,0,1489.432713,82,82,True
627,20,3,2076.226182,33,33,True
627,20,3,5452.000713,44,44,True
627,20,4,7728.767405,19,19,True
627,20,6,7857.379671,56,56,True
627,20,8,8011.135771,57,57,True
627,20,4,8356.920774,114,114,True
627,21,3,2237.561973,34,33,False
627,21,3,2918.947522,84,84,True
627,21,7,6421.824599,154,154,True
627,21,10,7146.787034,17,17,True
627,21,8,4369.868562,140,140,True
627,21,9,4885.8242,151,145,False
627,21,6,5112.624615,42,42,True
627,21,6,6158.300499,201,90,False
627,21,6,6677.728283,49,49,True
627,21,4,7116.358906,51,51,True
627,21,6,7266.374127,92,92,True
627,22,0,856.486416,32,32,True
627,22,6,3345.579847,36,36,True
627,22,7,5946.824763,14,14,True
627,22,5,6255.891331,109,109,True
627,22,6,6694.146718,49,49,True
627,22,13,8373.437465,22,22,True
627,22,0,1522.104483,82,82,True
627,22,1,3835.767664,105,105,True
627,22,4,4414.150549,10,10,True
627,22,4,5051.701214,106,106,True
627,22,13,8374.199621,22,22,True
627,23,4,4431.485661,10,10,True
627,23,4,5069.103163,106,106,True
627,23,5,5647.687962,12,12,True
627,23,10,7018.765259,16,16,True
627,23,4,7777.685312,19,19,True
627,23,13,8572.50427,23,23,True
627,23,3,2271.23748,34,33,False
627,23,5,6273.258353,109,109,True
627,23,8,6671.427379,48,48,True
627,23,8,7418.27378,142,142,True
627,24,4,3918.767531,40,40,True
627,24,3,4878.747711,5,5,True
627,24,6,5164.368372,42,42,True
627,24,3,5518.909535,44,44,True
627,24,7,5982.168864,14,14,True
627,24,7,6664.039786,146,146,True
627,24,6,7355.375701,93,93,True
627,24,4,8423.711672,114,114,True
627,24,3,2144.580907,33,33,True
627,24,4,5087.24033,106,106,True
627,24,13,8409.568133,22,22,True
627,25,1,3237.066631,9,9,True
627,25,4,4611.699834,11,11,True
627,25,10,6278.470778,45,45,True
627,25,10,6419.625337,46,46,True
627,25,6,6889.357457,50,49,False
627,25,6,7580.447175,6,6,True
627,25,13,7641.708112,53,53,True
627,25,11,8117.654178,58,58,True
627,25,7,8394.931638,60,60,True
627,26,0,930.746696,32,32,True
627,26,6,3041.790913,85,85,True
627,26,9,4163.396003,139,139,True
627,26,6,5202.610798,42,42,True
627,26,10,7236.249168,17,17,True
627,26,8,7474.069479,142,142,True
627,26,4,7832.89148,19,19,True
627,26,6,3575.156049,37,37,True
627,26,1,3909.642944,105,105,True
627,27,3,2203.814598,33,33,True
627,27,3,3030.63346,84,84,True
627,27,1,3276.972253,9,9,True
627,27,6,5878.313902,13,13,True
627,27,6,2926.975451,4,4,True
627,27,6,5877.524802,13,13,True
627,28,5,5127.030845,41,41,True
627,28,7,6553.692321,154,154,True
627,28,13,7829.720814,54,54,True
627,28,6,8003.288384,56,56,True
627,28,13,8488.106936,22,22,True
627,28,13,8669.211286,23,23,True
627,28,10,12913.87956,78,78,True
627,28,0,972.891,32,32,True
627,28,4,5167.254303,106,106,True
627,28,3,5598.420114,44,44,True
627,28,6,5899.393192,13,13,True
627,28,6,6950.417341,50,50,True
627,28,7,9063.700144,25,25,True
627,29,6,3806.425319,38,38,True
627,29,4,4551.307269,10,11,False
627,29,6,5190.5818,208,208,True
627,29,6,6830.671137,49,49,True
627,29,4,7895.514705,19,19,True
627,29,13,8344.903004,21,21,True
627,29,6,3105.483564,85,4,False
627,29,6,3805.2823,38,38,True
627,29,6,4305.897484,86,86,True
627,29,13,7851.423135,54,54,True
627,30,4,3940.64438,39,40,False
627,30,9,4110.920395,190,139,False
627,30,4,5211.768564,106,106,True
627,30,6,7478.881185,93,93,True
627,30,13,7873.873171,54,54,True
627,30,4,7917.244337,19,19,True
627,30,13,8532.319486,22,22,True
627,30,7,9246.613736,26,25,False
627,30,3,2269.87511,33,33,True
627,30,1,3995.572333,105,105,True
627,30,13,8715.074451,23,23,True
627,31,0,1706.698694,82,82,True
627,31,5,5813.722435,12,12,True
627,31,9,4134.447051,190,190,True
627,31,5,5812.583472,12,12,True
627,31,13,7605.291021,52,52,True
627,31,6,8070.493521,56,56,True
627,32,3,5048.581543,5,5,True
627,32,4,5259.287772,106,106,True
627,32,6,5335.3154,42,42,True
627,32,7,5466.157746,43,43,True
627,32,6,5990.128093,13,13,True
627,32,6,7526.035262,93,93,True
627,32,8,7605.724607,142,142,True
627,32,11,8270.808882,58,58,True
627,32,4,13002.70374,78,78,True
627,32,6,7526.022195,93,93,True
627,33,3,2488.140612,34,34,True
627,33,6,4401.548169,86,86,True
627,33,7,5490.9782,43,43,True
627,33,7,6178.407191,14,14,True
627,33,7,6670.466941,154,154,True
627,33,8,6886.112833,48,48,True
627,33,13,7945.708155,54,54,True
627,34,6,3226.788153,85,85,True
627,34,5,5269.177938,41,41,True
627,34,10,6621.964961,46,46,True
627,34,7,6696.082832,154,154,True
627,34,5,5888.416929,12,12,True
627,34,4,8014.055538,19,19,True
627,35,0,1808.467014,82,82,True
627,35,4,5336.192197,106,106,True
627,35,3,5765.708719,44,44,True
627,35,6,7117.793333,50,50,True
627,35,0,1808.465211,82,82,True
627,35,3,1853.117469,2,2,True
627,35,6,3001.779349,3,4,False
627,35,4,5510.443844,107,107,True
627,35,7,8620.488089,60,61,False
627,36,5,5940.456808,12,12,True
627,36,6,7591.12043,92,92,True
627,36,0,1835.805547,82,82,True
627,36,1,3493.764948,9,9,True
627,36,1,4147.043478,105,105,True
627,36,6,6095.089146,13,13,True
627,36,13,8866.670796,23,23,True
627,37,0,1198.213038,32,32,True
627,37,3,2595.935084,34,33,False
627,37,3,3277.449948,84,84,True
627,37,5,5968.283956,12,12,True
627,37,11,8402.827863,58,58,True
627,37,7,8773.951396,61,61,True
627,38,1,3549.371042,9,9,True
627,38,6,3869.410346,37,37,True
627,38,7,13256.22734,79,79,True
627,38,3,3306.337266,84,84,True
627,38,6,6151.528644,13,13,True
627,39,0,1256.615216,32,32,True
627,39,3,3335.955622,84,84,True
627,39,6,7229.844334,50,50,True
627,39,6,5524.198855,42,42,True
627,39,3,5876.845875,44,44,True
627,39,6,6567.308363,201,201,True
627,39,7,8830.835472,61,61,True
627,40,3,5266.012088,5,5,True
627,40,5,5438.338036,41,41,True
627,40,4,5479.44671,106,106,True
627,40,7,6373.084188,14,14,True
627,40,8,7081.17523,48,48,True
627,40,7,8860.382335,61,61,True
627,40,13,8980.038944,23,23,True
627,40,6,4099.068596,38,38,True
627,40,4,4984.514243,11,11,True
627,40,6,6210.972112,13,13,True
627,40,4,8180.714416,19,19,True
627,41,7,6405.977139,14,14,True
627,41,3,1923.973755,1,1,True
627,41,1,3639.532508,9,9,True
627,41,6,4127.960332,38,37,False
627,41,10,6682.169344,45,45,True
627,41,4,7581.800999,51,51,True
627,42,0,683.366672,0,0,True
627,42,4,4269.500787,39,40,False
627,42,5,5500.722315,41,41,True
627,42,4,5542.005953,106,107,False
627,42,13,8201.562343,54,53,False
627,42,7,8921.688777,61,61,True
627,42,3,2602.316144,33,34,False
627,42,4,4903.817761,10,10,True
627,43,7,6470.058916,14,14,True
627,43,4,8274.021586,19,19,True
627,43,6,4024.419027,37,37,True
627,43,4,5077.751409,11,10,False
627,43,13,8233.725872,54,54,True
627,43,7,8953.449082,61,61,True
627,43,16,9455.348721,64,64,True
627,44,0,1414.713748,32,32,True
627,44,6,3389.303948,4,85,False
627,44,3,3495.318075,84,84,True
627,44,1,3736.439263,9,9,True
627,44,4,4436.921447,40,40,True
627,44,4,8305.544405,19,19,True
627,44,3,2813.741908,34,33,False
627,45,0,2115.935217,82,82,True
627,45,1,4425.006537,105,105,True
627,45,3,6068.044549,44,44,True
627,45,6,7905.303309,93,93,True
627,45,3,2700.700576,33,33,True
627,45,13,8174.109973,53,53,True
627,46,3,2735.517904,33,33,True
627,46,4,5850.172276,107,107,True
627,46,10,7109.123098,47,47,True
627,46,4,8372.822025,19,19,True
627,46,6,6407.315545,13,13,True
627,47,6,7974.849424,93,93,True
627,47,0,853.513249,0,0,True
627,47,3,3600.044588,84,84,True
627,47,4,5214.434597,11,10,False
627,47,4,5885.560839,107,107,True
627,47,10,6883.101098,45,45,True
627,47,10,7021.141545,46,47,False
627,48,6,6862.170949,201,90,False
627,48,13,8279.753396,53,53,True
627,48,3,2809.411589,33,33,True
627,48,1,3877.461533,9,9,True
627,49,4,5146.20832,10,11,False
627,49,4,5958.677973,107,107,True
627,49,5,6360.707462,12,12,True
627,49,10,7217.09636,47,47,True
627,50,3,3027.629842,34,33,False
627,50,6,3742.127304,85,85,True
627,50,4,4548.627497,39,40,False
627,51,6,6591.560402,13,13,True
627,51,1,3335.304527,35,35,True
627,51,4,5363.098832,11,11,True
627,51,6,6588.800958,13,13,True
627,51,7,9234.041018,61,61,True
627,52,0,1708.37481,32,32,True
627,52,0,2376.190586,82,82,True
627,52,6,3682.230494,4,85,False
627,52,6,4197.726559,36,37,False
627,52,1,4683.253747,105,9,False
627,52,6,6911.983264,90,90,True
627,52,10,7331.801561,47,47,True
627,53,4,5301.217965,10,11,False
627,53,4,6113.667026,107,107,True
627,53,10,7247.916364,46,47,False
627,54,6,3649.00733,3,3,True
627,54,6,4278.69524,36,37,False
627,54,6,6708.01119,13,13,True
627,54,10,7412.010924,47,47,True
627,55,0,1830.941443,32,32,True
627,55,3,3082.800876,33,34,False
627,55,3,3912.577923,84,84,True
627,56,1,4191.454175,9,9,True
627,56,4,4789.3574,39,40,False
627,56,1,4847.322,105,105,True
627,57,3,3313.586647,34,34,True
627,57,6,3889.760626,4,85,False
627,57,6,6178.085987,42,42,True
627,57,4,8166.368742,51,51,True
627,57,7,9475.403487,61,61,True
627,58,6,4602.489303,37,37,True
627,58,3,5928.946998,5,5,True
627,58,5,6107.54773,41,41,True
627,58,1,4279.682556,9,9,True
627,59,4,5022.174568,40,40,True
627,59,10,7625.614558,47,47,True
627,60,0,2050.281534,32,32,True
627,60,6,4023.296666,4,4,True
627,60,8,7841.508686,48,48,True
627,61,0,2098.59837,32,32,True
627,61,4,5112.917642,40,40,True
627,61,3,6062.778791,5,5,True
627,62,4,5837.011043,11,11,True
627,63,0,1524.52947,0,0,True
627,63,0,2190.919081,32,32,True
627,63,10,7809.942801,47,47,True
627,64,3,3636.452104,34,34,True
627,64,6,4881.11309,37,37,True
627,64,8,8029.63457,48,48,True
627,65,4,5200.796124,39,40,False
627,66,0,2338.319803,32,32,True
627,66,4,6030.970411,11,11,True
627,67,5,6532.862741,41,41,True
627,67,10,8006.216504,47,47,True
627,68,6,6696.66009,42,42,True
627,71,6,6853.72334,42,42,True
627,73,0,2041.608372,0,0,True
627,73,4,5617.125144,39,40,False
627,74,1,4420.905501,35,35,True
627,74,4,5672.509312,39,40,False
627,76,0,2211.349047,0,0,True
627,78,1,4649.895641,35,35,True
627,82,0,2571.031517,0,0,True
627,82,1,4890.756061,35,35,True
628,0,10,6429.171915,48,48,True
628,0,4,6922.196674,51,51,True
628,1,6,6476.536909,49,49,True
628,1,10,6763.406376,16,16,True
628,1,0,0.736369,0,0,True
628,1,1,2332.842791,35,35,True
628,1,6,2757.916333,85,85,True
628,1,2,4201.880417,10,10,True
628,1,7,5559.293363,13,13,True
628,1,10,5994.315182,45,45,True
628,1,13,7626.283934,55,55,True
628,1,13,7778.193136,20,20,True
628,1,6,7976.608436,59,59,True
628,1,7,8120.820931,60,60,True
628,2,6,2759.392426,85,85,True
628,2,5,4793.454066,41,41,True
628,2,10,6256.782683,47,47,True
628,2,8,7124.842836,18,18,True
628,2,10,7212.868105,110,110,True
628,2,13,8585.653622,115,115,True
628,2,16,8822.083858,65,65,True
628,2,7,5560.762008,13,13,True
628,2,6,6477.990977,49,49,True
628,2,6,7274.728124,94,94,True
628,2,9,8453.664236,97,97,True
628,3,3,1906.169816,33,33,True
628,3,1,3636.92985,105,105,True
628,3,6,6480.174473,49,49,True
628,3,8,7127.059276,18,18,True
628,3,13,8315.016372,23,23,True
628,3,0,666.797656,32,32,True
628,3,0,1329.581422,82,82,True
628,3,4,3679.51929,40,40,True
628,3,9,4172.339458,140,140,True
628,3,5,4795.648322,41,41,True
628,3,7,5731.422302,14,14,True
628,3,12,6134.081773,214,214,True
628,3,7,6409.989451,146,146,True
628,3,10,6602.100163,15,15,True
628,3,13,7469.470317,54,54,True
628,3,8,7814.767127,113,113,True
628,3,13,7961.411187,21,21,True
628,4,4,3578.445916,39,39,True
628,4,2,4208.465009,10,10,True
628,4,13,7472.384394,54,54,True
628,4,13,7632.870762,55,55,True
628,4,13,7964.330056,21,21,True
628,4,14,8542.605109,63,63,True
628,4,7,8873.697065,26,26,True
628,5,3,1912.816525,33,33,True
628,5,8,7822.564556,57,57,True
628,5,6,7986.8074,59,59,True
628,5,4,8184.148496,114,114,True
628,5,6,3292.068885,37,37,True
628,5,4,5023.624289,107,107,True
628,5,3,5288.040237,44,44,True
628,5,15,6453.971342,213,213,True
628,5,6,6629.443625,50,50,True
628,5,10,7412.515233,111,111,True
628,5,11,7841.208492,58,58,True
628,5,13,7967.981334,21,21,True
628,6,0,15.463542,0,0,True
628,6,0,1340.667381,82,82,True
628,6,1,2347.454061,35,35,True
628,6,6,3142.836896,36,36,True
628,6,6,5975.183967,201,201,True
628,6,8,7186.220993,142,142,True
628,6,13,7196.623535,52,52,True
628,6,10,7610.261534,112,112,True
628,6,13,8794.1116,116,116,True
628,6,7,8881.617673,26,26,True
628,6,10,12584.80409,78,79,False
628,6,6,3142.882646,36,36,True
628,6,6,3296.520597,37,37,True
628,6,1,3647.930451,105,105,True
628,6,6,7287.828649,94,94,True
628,6,13,8326.032712,23,23,True
628,7,0,683.046167,32,32,True
628,7,0,1345.841056,82,82,True
628,7,8,4360.548894,198,198,True
628,7,7,5747.588436,14,14,True
628,7,6,7680.391588,56,56,True
628,7,7,8745.949991,25,25,True
628,7,0,20.618294,0,0,True
628,7,1,3002.592737,9,9,True
628,7,9,3877.333153,139,139,True
628,7,9,4188.596913,140,140,True
628,7,4,4857.102617,106,106,True
628,7,10,6014.098123,45,45,True
628,7,6,6496.132813,49,49,True
628,7,15,6616.263375,175,175,True
628,7,10,6783.114114,16,16,True
628,7,18,7531.097305,217,217,True
628,7,16,8377.360351,62,62,True
628,7,12,8517.745167,98,98,True
628,7,7,11433.44987,75,75,True
628,8,0,688.912508,32,32,True
628,8,9,4194.508104,140,140,True
628,8,7,5753.377671,14,14,True
628,8,10,7237.11915,110,110,True
628,8,10,7621.262049,112,112,True
628,8,13,8149.839784,22,22,True
628,8,4,8199.309972,114,114,True
628,8,7,8751.672185,25,25,True
628,8,7,9362.839851,119,119,True
628,8,6,3153.973844,36,36,True
628,8,6,6501.994064,49,49,True
628,8,6,7298.746757,94,94,True
628,8,13,7983.411739,21,21,True
628,9,0,1358.405959,82,82,True
628,9,0,2021.627836,132,132,True
628,9,6,3314.242473,37,37,True
628,9,8,4997.736789,188,188,True
628,9,3,5309.852873,44,44,True
628,9,6,6508.540286,49,49,True
628,9,10,6795.631564,16,16,True
628,9,7,8898.962889,26,26,True
628,9,0,695.546896,32,32,True
628,9,6,2790.391316,85,85,True
628,9,9,4020.734807,87,87,True
628,9,3,4672.116071,5,5,True
628,9,7,5075.532946,43,43,True
628,9,7,6438.622892,146,146,True
628,9,16,8389.852929,62,62,True
628,9,4,8832.115953,129,129,True
628,10,3,5317.069951,44,44,True
628,10,5,5446.316789,12,12,True
628,10,15,6346.811397,141,141,True
628,10,10,6802.821785,16,16,True
628,10,10,7251.082385,110,110,True
628,10,6,7312.57733,94,94,True
628,10,6,7343.618361,6,6,True
628,10,10,7441.839287,111,111,True
628,10,6,8015.824296,59,59,True
628,10,13,8163.69854,22,22,True
628,10,9,8277.874516,95,95,True
628,10,16,8712.674585,64,64,True
628,10,4,8839.351427,129,129,True
628,10,4,4386.509677,11,11,True
628,10,10,7441.838901,111,111,True
628,10,8,7851.688995,57,57,True
628,10,13,7997.332389,21,21,True
628,10,9,8491.496808,97,97,True
628,10,4,8839.350096,129,129,True
628,11,0,2037.176257,132,132,True
628,11,7,5606.91275,13,13,True
628,11,7,6259.470281,154,154,True
628,11,7,6454.039698,146,146,True
628,11,8,7171.187077,18,18,True
628,11,10,7449.902269,111,111,True
628,11,11,8579.134561,24,24,True
628,11,13,8827.083398,116,116,True
628,11,16,9362.294624,101,101,True
628,11,7,9384.512798,119,119,True
628,11,4,3723.386676,40,40,True
628,11,2,4249.422754,10,10,True
628,11,5,4839.537403,41,41,True
628,11,6,5905.873105,90,90,True
628,11,13,8171.721982,22,22,True
628,11,9,8499.503108,97,97,True
628,11,4,8847.308993,129,129,True
628,12,3,2106.842397,34,34,True
628,12,3,2785.906989,84,84,True
628,12,6,2814.746571,85,85,True
628,12,9,4225.541714,140,140,True
628,12,5,4848.314542,41,41,True
628,12,4,4893.786831,106,106,True
628,12,5,5463.14676,12,12,True
628,12,10,6050.729692,45,45,True
628,12,10,6311.573587,47,47,True
628,12,13,8013.951928,21,21,True
628,12,16,8414.103605,62,62,True
628,12,0,719.958961,32,32,True
628,12,0,1382.794998,82,82,True
628,12,3,1959.347124,33,33,True
628,12,1,3689.732231,105,105,True
628,12,4,4893.787175,106,106,True
628,12,3,5333.833511,44,44,True
628,12,7,5615.703015,13,13,True
628,12,7,6268.267011,154,154,True
628,12,10,7267.983845,110,110,True
628,12,4,7603.763202,19,19,True
628,12,6,8032.699212,59,59,True
628,12,9,8508.233709,97,97,True
628,12,11,8587.976912,24,24,True
628,13,4,5079.376757,107,107,True
628,13,12,6838.871561,149,149,True
628,13,8,7189.573266,18,18,True
628,13,6,7338.779546,94,94,True
628,13,8,7877.098705,113,113,True
628,13,6,8042.167761,59,59,True
628,13,16,9380.587509,101,101,True
628,13,0,2055.688595,132,132,True
628,13,1,3048.671263,9,9,True
628,13,4,3637.621492,39,39,True
628,13,4,3741.663981,40,40,True
628,13,7,6277.798051,154,154,True
628,13,15,6662.584704,175,175,True
628,14,6,2834.673031,85,85,True
628,14,9,4064.91905,87,87,True
628,14,6,5934.144772,90,90,True
628,14,7,6288.060251,154,154,True
628,14,7,6482.669537,146,146,True
628,14,15,6672.877871,175,175,True
628,14,4,6997.686492,51,51,True
628,14,9,8314.232472,95,59,False
628,14,13,8387.372435,23,23,True
628,14,16,8433.943227,62,62,True
628,14,10,8450.189455,96,96,True
628,14,14,8611.999478,63,63,True
628,14,7,9583.880727,120,120,True
628,14,0,739.890925,32,32,True
628,14,1,3059.022989,9,9,True
628,14,7,6482.669825,146,146,True
628,14,10,6674.889484,15,15,True
628,14,12,6849.220096,149,149,True
628,14,13,8459.558497,162,162,True
628,14,11,8607.867219,24,24,True
628,14,4,8875.520873,129,129,True
628,15,7,6299.060003,154,154,True
628,15,13,8398.732577,23,23,True
628,15,13,8671.439039,115,115,True
628,15,3,1990.173664,33,33,True
628,15,4,3762.864521,40,40,True
628,15,8,4428.333501,198,198,True
628,15,5,5493.877832,12,12,True
628,15,15,6394.621801,141,141,True
628,15,6,7186.397375,93,93,True
628,15,10,7489.48488,111,111,True
628,15,9,8538.789661,97,97,True
628,16,0,762.624588,32,32,True
628,16,0,1425.65933,82,82,True
628,16,4,3774.5613,40,40,True
628,16,9,4087.746339,87,87,True
628,16,2,4300.615631,10,10,True
628,16,4,5112.385479,107,107,True
628,16,12,5819.535397,108,108,True
628,16,6,6058.581672,201,201,True
628,16,5,6128.864422,109,109,True
628,16,7,6505.424271,146,146,True
628,16,9,8336.777025,95,95,True
628,16,10,8472.612954,96,96,True
628,16,14,8634.640002,63,63,True
628,16,16,8771.557236,64,64,True
628,16,16,8919.15284,65,65,True
628,16,7,9435.081164,119,119,True
628,16,3,2149.837505,34,34,True
628,16,6,3227.907214,36,36,True
628,16,5,6128.86466,109,109,True
628,16,13,8056.675332,21,21,True
628,16,4,8271.501315,114,114,True
628,16,7,9435.081397,119,119,True
628,17,6,6587.08507,49,49,True
628,17,6,8087.325249,59,59,True
628,17,7,8976.879291,26,26,True
628,17,0,775.154697,32,32,True
628,17,6,2726.76759,4,4,True
628,17,6,2870.096473,85,85,True
628,17,2,4313.047414,10,10,True
628,17,12,5832.034415,108,108,True
628,17,5,6141.34339,109,109,True
628,17,7,6323.25231,154,154,True
628,17,11,6418.837244,134,134,True
628,17,12,6884.695488,149,149,True
628,17,6,7210.421263,93,93,True
628,17,10,7707.056192,112,112,True
628,17,4,8283.773498,114,114,True
628,17,13,8890.817292,116,116,True
628,18,4,4962.016948,106,106,True
628,18,7,5852.175206,14,14,True
628,18,6,5981.984854,90,90,True
628,18,12,6014.040359,153,108,False
628,18,15,6432.126314,141,141,True
628,18,4,7045.131705,51,51,True
628,18,4,7670.632029,19,19,True
628,18,7,9420.805223,68,68,True
628,18,10,12789.11656,79,79,True
628,18,4,7670.805863,19,19,True
628,18,4,8296.766035,114,114,True
628,18,13,8436.181215,23,23,True
628,18,9,8575.89141,97,97,True
628,19,0,2128.987923,132,132,True
628,19,4,4485.475518,11,11,True
628,19,6,7410.83082,94,94,True
628,19,6,7798.380761,56,56,True
628,19,13,7917.372538,20,20,True
628,19,6,8114.272124,59,59,True
628,19,0,802.425162,32,32,True
628,19,6,2897.401097,85,85,True
628,19,13,7603.525287,54,54,True
628,19,10,7734.184602,112,112,True
628,19,13,7764.583101,55,55,True
628,19,13,8449.506847,23,23,True
628,19,14,8674.075673,63,63,True
628,20,3,2704.611653,83,83,True
628,20,6,2912.15986,85,85,True
628,20,6,3435.618373,37,37,True
628,20,15,6460.807086,141,141,True
628,20,11,6460.889321,134,134,True
628,20,6,7425.383732,94,94,True
628,20,13,7931.357992,20,20,True
628,20,7,8271.152986,60,61,False
628,20,7,8371.406307,61,61,True
628,20,14,8688.680461,63,24,False
628,20,16,8825.345292,64,64,True
628,20,6,9329.98675,8,68,False
628,20,0,1480.34132,82,82,True
628,20,3,2704.611953,83,83,True
628,20,1,3786.524422,105,105,True
628,20,3,5429.753291,44,44,True
628,21,0,832.897159,32,32,True
628,21,2,4370.443161,10,10,True
628,21,7,6380.42822,154,154,True
628,21,0,2159.331416,132,132,True
628,21,3,2219.622232,34,34,True
628,21,6,2670.970506,3,3,True
628,21,6,2927.656348,85,85,True
628,21,6,3451.076094,37,37,True
628,21,4,3844.006208,40,40,True
628,21,9,4157.697692,87,139,False
628,21,4,4515.142168,11,11,True
628,21,6,7827.749904,56,56,True
628,21,6,7893.833708,135,135,True
628,21,7,9032.796034,26,26,True
628,21,6,9344.959845,8,66,False
628,21,10,12831.55932,79,79,True
628,22,3,2235.836752,34,33,False
628,22,6,3467.269407,37,37,True
628,22,9,4042.584987,139,139,True
628,22,5,4976.293694,41,41,True
628,22,3,5460.729837,44,44,True
628,22,6,6041.415865,90,201,False
628,22,6,6802.146719,50,50,True
628,22,6,7487.429438,6,6,True
628,22,15,7687.060252,155,155,True
628,22,8,7994.81904,57,57,True
628,22,13,8141.630682,21,21,True
628,22,13,8964.065717,116,116,True
628,22,10,12847.12033,79,79,True
628,22,6,3641.115338,38,38,True
628,22,8,5151.692959,188,188,True
628,22,7,6396.553576,154,154,True
628,22,8,7996.544204,113,113,True
628,22,11,8716.895823,24,24,True
628,23,12,6975.616439,149,149,True
628,23,10,7129.930081,17,17,True
628,23,8,7325.614557,18,18,True
628,23,13,8159.225167,21,21,True
628,23,7,9065.602712,26,26,True
628,23,1,2533.714773,35,35,True
628,23,7,5244.660595,43,43,True
628,23,10,6799.97472,15,15,True
628,23,13,7383.699808,52,52,True
628,23,6,7504.132917,6,6,True
628,23,4,7746.208885,19,19,True
628,23,8,8011.495489,57,57,True
628,23,16,8559.564361,62,62,True
628,23,4,8999.212613,129,129,True
628,23,5,9610.917942,69,69,True
628,24,6,3501.862628,37,36,False
628,24,10,6981.622531,16,16,True
628,24,12,8714.816462,98,98,True
628,24,7,9082.459732,26,26,True
628,24,3,2271.00639,34,33,False
628,24,4,4566.102838,11,11,True
628,24,5,6249.228671,109,109,True
628,24,6,6693.972316,49,49,True
628,24,6,6836.722263,50,50,True
628,24,10,7431.087331,110,110,True
628,24,10,7814.834574,112,112,True
628,24,7,9082.911824,26,26,True
628,25,7,5796.603559,13,13,True
628,25,6,7509.068734,94,93,False
628,25,6,7896.680645,56,56,True
628,25,6,7962.379676,135,135,True
628,25,0,1565.309521,82,82,True
628,25,6,2853.235399,4,4,True
628,25,3,2968.471311,84,84,True
628,25,4,5074.991539,106,106,True
628,25,12,6127.201343,153,108,False
628,25,6,6854.38294,50,50,True
628,25,10,6999.863975,16,16,True
628,25,4,7781.473499,19,19,True
628,25,13,7863.357298,55,55,True
628,25,18,7901.718474,215,215,True
628,25,16,9057.074182,65,64,False
628,26,1,2588.485514,35,35,True
628,26,6,2872.350404,4,4,True
628,26,7,5983.882439,14,14,True
628,26,15,6853.631093,175,175,True
628,26,8,7425.051103,142,142,True
628,26,13,7438.701841,52,52,True
628,26,7,8372.54569,60,61,False
628,26,4,8426.679399,114,114,True
628,26,13,9035.835421,116,116,True
628,26,7,9550.458461,68,68,True
628,26,16,9569.645401,101,101,True
628,26,1,3889.897431,105,105,True
628,26,4,4603.481005,11,11,True
628,26,3,5532.189334,44,44,True
628,26,8,7380.759873,18,18,True
628,26,4,7800.542494,19,19,True
628,26,13,8568.338733,23,23,True
628,26,13,9035.845848,116,116,True
628,26,13,9246.582611,117,116,False
628,26,7,9590.373585,119,119,True
628,27,3,3007.647769,84,84,True
628,27,4,4623.268501,11,11,True
628,27,8,5244.189067,188,188,True
628,27,8,7400.611426,18,18,True
628,27,10,7488.380389,110,110,True
628,27,13,8055.757501,20,20,True
628,27,13,8588.160434,23,23,True
628,27,11,8808.966834,24,24,True
628,27,1,3909.688056,105,105,True
628,27,8,5244.209581,188,188,True
628,27,7,6488.166161,154,154,True
628,27,15,6584.321174,141,213,False
628,27,8,7399.456564,18,18,True
628,27,10,7871.996413,112,112,True
628,27,18,8084.503474,216,216,True
628,27,7,8391.958888,60,60,True
628,27,10,8647.623875,96,96,True
628,27,9,8726.450681,97,97,True
628,28,3,1665.008402,2,2,True
628,28,1,3279.006394,9,9,True
628,28,1,3930.212394,105,105,True
628,28,6,6770.410765,49,49,True
628,28,4,7214.031786,51,51,True
628,28,13,7922.615288,55,55,True
628,28,6,7954.796284,56,56,True
628,28,13,8253.235904,21,21,True
628,28,12,8791.604672,98,98,True
628,28,16,9116.177817,65,64,False
628,28,7,9590.066842,68,68,True
628,28,3,5572.142356,44,44,True
628,28,7,6508.687765,154,154,True
628,28,10,6896.070631,15,15,True
628,28,6,6913.78966,50,50,True
628,28,10,7699.074159,111,111,True
628,28,6,8021.451953,135,135,True
628,28,8,8108.891054,113,113,True
628,29,0,983.446042,32,32,True
628,29,8,4661.823526,198,198,True
628,29,4,5331.665337,107,107,True
628,29,10,6917.373778,15,15,True
628,29,6,7415.666608,93,93,True
628,29,6,7976.759672,56,56,True
628,29,6,8292.684082,59,59,True
628,29,9,8767.90903,97,97,True
628,29,6,5222.191458,42,42,True
628,29,6,6173.297328,90,90,True
628,29,10,6572.32516,47,47,True
628,29,15,6761.728673,213,141,False
628,29,15,6915.287131,175,175,True
628,29,10,6916.575675,15,15,True
628,29,13,8274.386638,21,21,True
628,29,11,8849.504308,24,24,True
628,29,7,9179.61698,26,26,True
628,30,1,2671.726832,35,35,True
628,30,7,5383.01032,43,43,True
628,30,10,7102.007953,16,16,True
628,30,12,7115.21073,149,149,True
628,30,6,7394.346716,92,92,True
628,30,6,7610.916477,94,93,False
628,30,13,7965.777857,55,55,True
628,30,6,8064.465126,135,135,True
628,30,11,8171.637913,58,58,True
628,30,12,8834.341299,98,98,True
628,30,7,9060.539468,25,25,True
628,30,7,11742.50687,75,75,True
628,30,0,1005.582025,32,32,True
628,30,0,2332.516456,132,132,True
628,30,3,2392.890126,34,33,False
628,30,6,7610.928292,94,94,True
628,30,10,7742.298582,111,111,True
628,30,8,8149.354878,57,57,True
628,30,13,8924.300959,115,23,False
628,31,4,5376.391465,107,107,True
628,31,8,7487.362787,18,18,True
628,31,6,8285.893506,136,136,True
628,31,0,365.12257,0,0,True
628,31,1,3344.798951,9,9,True
628,31,6,3492.895784,36,36,True
628,31,8,4705.565321,198,198,True
628,31,6,5266.677477,42,42,True
628,31,7,5405.700273,43,43,True
628,31,6,6217.490974,90,90,True
628,31,15,6806.413746,213,141,False
628,31,6,6835.692876,49,49,True
628,31,6,6978.427064,50,50,True
628,31,10,7575.074748,110,110,True
628,31,4,7904.52438,19,19,True
628,31,6,8020.120833,56,56,True
628,31,18,8026.850873,215,216,False
628,31,13,8140.854812,20,20,True
628,31,13,8318.874532,21,21,True
628,31,16,9033.18888,64,64,True
628,31,16,9376.800601,66,66,True
628,31,10,13018.98707,79,78,False
628,32,3,2290.747185,33,33,True
628,32,6,2889.71289,3,3,True
628,32,8,4729.153354,198,198,True
628,32,3,5660.203101,44,44,True
628,32,5,6416.529251,109,109,True
628,32,6,7001.637178,50,49,False
628,32,6,8043.344824,56,56,True
628,32,4,9181.419456,129,129,True
628,32,0,2379.134776,132,132,True
628,32,5,5793.421377,12,12,True
628,32,10,7981.962749,112,112,True
628,32,13,8343.762999,21,21,True
628,32,13,8510.153972,22,22,True
628,33,10,7173.393217,16,16,True
628,33,4,7951.862138,19,19,True
628,33,6,8068.468215,56,56,True
628,33,7,9130.477838,25,25,True
628,33,13,9189.626271,116,116,True
628,33,0,412.953932,0,0,True
628,33,6,2914.010714,3,3,True
628,33,1,3392.310957,9,9,True
628,33,6,3693.928103,37,37,True
628,33,12,6131.922439,108,108,True
628,33,5,6440.742219,109,109,True
628,33,11,6719.762054,134,134,True
628,33,10,6840.456663,48,48,True
628,33,10,7007.691056,15,15,True
628,33,10,7337.350364,17,17,True
628,33,13,7592.659365,52,52,True
628,33,10,8006.106365,112,112,True
628,33,4,9205.285326,129,129,True
628,33,10,12967.09665,78,79,False
628,33,10,13064.9498,79,79,True
628,34,6,3718.943094,37,37,True
628,34,6,6289.206683,90,90,True
628,34,10,7032.609831,15,15,True
628,34,10,7837.525692,111,111,True
628,34,18,7948.511644,217,215,False
628,34,4,7975.752157,19,19,True
628,34,13,8557.460133,22,22,True
628,34,7,9294.746062,26,26,True
628,34,4,4782.279549,11,11,True
628,34,6,7532.08172,93,93,True
628,34,13,8392.815215,21,21,True
628,34,9,8884.248625,97,97,True
628,35,0,1127.315605,32,32,True
628,35,3,2514.749358,34,33,False
628,35,5,5868.210795,12,12,True
628,35,10,7673.423971,110,110,True
628,35,8,8269.220544,57,57,True
628,35,13,8773.138097,23,23,True
628,35,0,1790.597458,82,82,True
628,35,6,2964.810861,3,3,True
628,35,6,3077.431767,4,4,True
628,35,4,4031.209402,39,39,True
628,35,1,4094.381996,105,105,True
628,35,6,6416.707914,201,201,True
628,35,10,6454.904615,45,45,True
628,35,10,6891.032052,48,48,True
628,35,10,7058.254453,15,15,True
628,35,15,7964.608789,155,155,True
628,35,13,8086.478612,55,55,True
628,35,6,8433.266953,59,59,True
628,35,13,9045.196717,115,116,False
628,35,16,9130.551678,64,64,True
628,35,10,13113.73888,79,78,False
628,36,0,1817.181988,82,82,True
628,36,8,4830.849694,198,198,True
628,36,12,6209.068134,108,108,True
628,36,8,7610.290234,18,18,True
628,36,15,7991.105144,155,155,True
628,36,13,8112.811916,55,55,True
628,36,18,8151.216844,215,215,True
628,36,7,8699.277603,61,61,True
628,36,16,9156.70416,64,64,True
628,36,0,1817.186828,82,82,True
628,36,2,4689.081812,10,10,True
628,36,5,5894.604078,12,12,True
628,36,6,6959.99666,49,49,True
628,36,6,7102.780342,50,50,True
628,36,13,8611.232971,22,22,True
628,36,7,9346.832274,26,25,False
628,37,0,1181.164936,32,32,True
628,37,10,7727.012928,110,110,True
628,37,6,8487.791872,59,59,True
628,37,0,517.433075,0,0,True
628,37,6,3275.877493,85,85,True
628,37,9,4505.151339,87,139,False
628,37,4,4860.222774,11,11,True
628,37,8,5484.661683,188,188,True
628,37,7,5557.193555,43,43,True
628,37,6,6985.810044,49,49,True
628,37,6,8486.245713,59,59,True
628,37,4,8680.640913,114,114,True
628,37,10,8882.55724,96,96,True
628,37,13,9098.672888,115,116,False
628,38,3,2595.400605,34,34,True
628,38,9,4533.117697,87,139,False
628,38,7,5585.000804,43,43,True
628,38,6,7594.529486,92,92,True
628,38,13,8004.820071,54,55,False
628,38,3,2448.759466,33,33,True
628,38,1,3524.656428,9,9,True
628,38,6,3827.876754,37,37,True
628,38,4,8708.054527,114,114,True
628,39,0,1237.959349,32,32,True
628,39,10,7333.641928,16,16,True
628,39,11,9105.008957,24,24,True
628,39,0,1237.09934,32,32,True
628,39,4,4245.18122,40,40,True
628,39,7,6782.67758,154,154,True
628,39,12,6934.262913,124,124,True
628,39,6,7184.385428,50,50,True
628,39,13,8692.348228,22,22,True
628,39,4,8736.179321,114,114,True
628,39,16,9389.022952,65,64,False
628,40,0,1266.557014,32,32,True
628,40,6,3104.664458,3,4,False
628,40,4,4274.401331,40,40,True
628,40,8,4944.313598,198,198,True
628,40,3,5233.505652,5,5,True
628,40,7,7007.230198,146,146,True
628,40,12,7377.30394,149,149,True
628,40,6,7899.103784,6,6,True
628,40,6,9764.750083,8,8,True
628,40,4,5613.898611,107,107,True
628,40,10,7362.906396,16,16,True
628,40,8,8407.205328,57,57,True
628,41,1,3612.467839,9,9,True
628,41,6,7898.948974,94,93,False
628,41,13,8753.765193,22,22,True
628,41,1,3611.54517,9,9,True
628,41,4,4304.350422,40,40,True
628,41,9,5137.926528,145,145,True
628,41,7,7037.287728,146,146,True
628,41,7,8739.099992,60,61,False
628,42,4,4230.437687,39,39,True
628,42,9,4652.33228,87,139,False
628,42,5,5451.305116,41,41,True
628,42,6,5563.413567,42,42,True
628,42,6,7711.983001,92,92,True
628,42,8,7783.744191,18,18,True
628,42,6,8315.415407,56,56,True
628,42,8,8465.718317,57,57,True
628,42,11,8493.202503,58,58,True
628,42,4,9452.471366,129,129,True
628,42,6,7756.107618,93,93,True
628,43,0,1360.37967,32,32,True
628,43,4,5039.392245,11,11,True
628,43,8,5664.246613,188,188,True
628,43,5,6099.829555,12,12,True
628,43,7,9548.662513,26,26,True
628,43,8,7855.42537,142,142,True
628,43,6,7960.706696,94,93,False
628,43,6,8346.603933,56,56,True
628,43,8,8496.853883,57,57,True
628,43,7,8800.164829,60,61,False
628,43,7,9547.234447,26,26,True
628,44,1,3054.916164,35,35,True
628,44,4,4293.910935,39,39,True
628,44,9,4716.346655,87,139,False
628,44,4,5738.416799,107,107,True
628,44,5,6129.995731,12,12,True
628,44,7,6281.389758,13,13,True
628,44,15,7033.896318,141,141,True
628,44,8,8537.507916,113,113,True
628,44,11,8557.07075,58,58,True
628,44,7,8932.138982,61,61,True
628,44,6,7338.212115,50,50,True
628,44,13,8681.896542,21,21,True
628,45,5,6165.061123,12,12,True
628,45,13,9536.576729,116,23,False
628,45,0,761.633683,0,0,True
628,45,3,2128.227368,2,2,True
628,45,6,3520.722144,85,85,True
628,45,6,3889.806492,36,36,True
628,45,1,4391.076058,105,105,True
628,45,11,5697.370047,158,158,True
628,45,12,6480.079631,108,108,True
628,45,10,6751.169822,45,45,True
628,45,6,7226.482724,49,49,True
628,45,7,8864.093595,60,61,False
628,45,14,9290.589686,63,63,True
628,46,3,2054.667086,1,2,False
628,46,8,5764.176329,188,188,True
628,46,4,5805.083937,107,107,True
628,46,15,7234.783683,213,175,False
628,46,6,7885.532348,93,93,True
628,46,4,8326.376386,19,19,True
628,46,13,9104.078294,23,23,True
628,47,1,4459.201038,105,105,True
628,47,4,5839.592451,107,107,True
628,47,6,7438.462097,50,50,True
628,47,10,7588.181252,16,16,True
628,47,4,8360.213463,19,19,True
628,47,4,4499.35219,40,40,True
628,47,2,5025.538404,10,10,True
628,47,4,5170.769793,11,11,True
628,47,7,6552.118177,14,14,True
628,47,8,7987.008673,142,142,True
628,47,10,8227.774807,111,111,True
628,47,18,8489.024473,215,215,True
628,47,10,13368.14337,78,78,True
628,48,6,3624.683983,85,85,True
628,48,1,4494.331895,105,105,True
628,48,4,5205.835258,11,11,True
628,48,5,5650.65103,41,41,True
628,48,6,6812.304314,201,90,False
628,48,15,7304.320012,213,175,False
628,48,10,7620.460882,16,16,True
628,48,10,7786.234192,17,17,True
628,48,6,7909.839181,92,92,True
628,48,10,8074.274435,110,110,True
628,48,6,8513.382988,56,6,False
628,48,4,5874.754084,107,107,True
628,48,7,6419.435101,13,13,True
628,49,10,7659.107432,16,16,True
628,49,10,7825.20334,17,17,True
628,49,10,8110.017545,110,110,True
628,49,1,3226.354311,35,35,True
628,49,6,3402.622287,3,4,False
628,49,4,4465.320305,39,39,True
628,49,9,4889.237242,87,139,False
628,49,4,5910.551361,107,107,True
628,49,15,7206.376109,141,175,False
628,49,10,7656.17271,16,16,True
628,49,8,8057.125849,142,142,True
628,49,13,8231.364159,53,53,True
628,49,13,8357.149512,54,54,True
628,49,13,9016.466443,22,22,True
628,50,3,2197.250068,1,2,False
628,50,6,3551.287193,4,85,False
628,50,1,3913.945794,9,9,True
628,50,6,7981.566506,92,92,True
628,50,13,8267.754367,53,53,True
628,50,0,2266.736915,82,82,True
628,50,3,2990.888694,34,33,False
628,50,6,7545.229467,50,50,True
628,51,1,3952.605365,9,9,True
628,51,7,6529.147429,13,13,True
628,51,3,3026.155314,34,34,True
628,51,4,8501.393309,19,19,True
628,51,7,9820.459662,26,26,True
628,52,1,3337.943584,35,35,True
628,52,4,4576.886471,39,39,True
628,52,6,5909.549527,42,42,True
628,52,10,7001.900518,45,45,True
628,52,10,7260.680485,47,47,True
628,52,6,8304.032015,6,6,True
628,52,13,9317.381741,23,22,False
628,53,13,9004.423957,21,22,False
628,53,13,9360.807762,23,23,True
628,53,0,1052.772215,0,32,False
628,53,6,8342.481558,6,6,True
628,53,13,8507.059968,54,54,True
628,53,7,9148.438559,60,61,False
628,54,12,6810.369305,108,108,True
628,54,10,7080.083214,45,45,True
628,54,8,7209.204806,46,46,True
628,54,6,7552.511185,49,50,False
628,54,10,7845.623741,16,16,True
628,54,8,8209.529688,18,18,True
628,54,7,6645.420143,13,13,True
628,55,2,5328.662165,10,10,True
628,55,4,9284.040821,114,114,True
628,55,1,4107.424943,9,9,True
628,55,4,5471.671064,11,11,True
628,55,12,7019.236589,153,124,False
628,55,6,7075.904705,201,90,False
628,55,10,7120.264522,45,45,True
628,55,7,7534.864985,146,146,True
628,55,10,7723.801737,15,15,True
628,55,10,7885.689968,16,17,False
628,55,10,8051.783052,17,17,True
628,55,6,8173.505696,92,6,False
628,55,13,8309.459289,52,52,True
628,55,6,8421.551821,6,6,True
628,56,0,2503.504477,82,82,True
628,56,3,5795.051248,5,5,True
628,56,10,8092.62741,17,17,True
628,56,4,9324.374389,114,114,True
628,56,0,2503.541821,82,82,True
628,56,4,5515.256391,11,11,True
628,56,10,8096.821015,17,17,True
628,57,3,3118.605852,33,34,False
628,57,4,4882.61506,40,40,True
628,57,5,5998.734741,41,41,True
628,57,7,6252.07861,43,43,True
628,57,10,7202.804423,45,45,True
628,57,6,7674.17345,49,50,False
628,57,10,7806.351496,15,15,True
628,57,8,8332.390468,18,18,True
628,57,13,9328.138682,22,22,True
628,58,0,1922.318796,32,32,True
628,58,3,3161.270962,33,34,False
628,58,6,7199.702038,201,49,False
628,58,4,8779.763921,19,19,True
628,59,4,9449.734621,114,114,True
628,59,6,3914.704971,4,85,False
628,59,4,4862.612547,39,39,True
628,59,8,6273.261996,188,188,True
628,60,6,7182.936305,90,90,True
628,60,4,5686.476504,11,11,True
628,61,3,2758.102776,2,2,True
628,61,6,4003.503236,4,4,True
628,61,4,4950.774835,39,39,True
628,61,12,7108.164811,108,108,True
628,61,8,7504.466269,46,46,True
628,61,10,8307.744731,17,17,True
628,61,13,8841.708588,54,55,False
628,61,4,8907.320931,19,19,True
628,62,1,3757.116891,35,35,True
628,62,5,6217.510772,41,41,True
628,62,6,7374.859949,201,90,False
628,62,10,7421.854317,45,45,True
628,62,8,8551.743756,18,18,True
628,62,13,8611.399249,52,52,True
628,62,10,8191.108496,16,17,False
628,63,6,8083.156671,50,50,True
628,63,6,7936.951808,49,50,False
628,63,10,8398.873713,17,17,True
628,64,3,2788.45896,1,2,False
628,64,4,5088.452563,39,39,True
628,64,2,5720.268678,10,10,True
628,64,4,5865.828797,11,11,True
628,64,6,7363.649978,90,90,True
628,64,10,7514.548471,45,45,True
628,64,8,8674.828571,142,142,True
628,64,7,9714.919241,61,61,True
628,64,4,5869.355255,11,11,True
628,64,10,8451.0036,17,17,True
628,64,13,9644.944832,22,22,True
628,65,4,5241.58894,40,40,True
628,65,10,7561.980611,45,45,True
628,65,10,8492.90625,17,17,True
628,66,6,6516.12018,42,42,True
628,66,10,8541.013375,17,17,True
628,67,13,9789.579892,22,22,True
628,67,4,5338.591387,40,40,True
628,67,6,6564.88404,42,42,True
628,67,12,7391.84874,108,108,True
628,67,8,7785.756852,46,46,True
628,68,1,4695.486193,9,9,True
628,68,10,8639.399293,17,47,False
628,68,6,8322.567865,50,49,False
628,69,3,3143.38517,2,2,True
628,69,6,6664.587255,42,42,True
628,70,1,4144.663756,35,35,True
628,70,6,6715.52614,42,42,True
628,70,6,7656.26254,90,90,True
628,70,4,9333.755155,19,19,True
628,70,1,4799.480026,9,9,True
628,71,0,2543.522855,32,32,True
628,75,10,8334.032598,47,47,True
628,76,0,3483.63249,82,32,False
628,76,10,9069.642927,17,17,True
628,77,1,5830.428403,105,9,False
628,77,4,5867.133165,40,40,True
628,78,4,5923.973694,40,40,True
628,78,1,5234.471005,9,9,True
628,80,1,4694.199761,35,35,True
628,80,10,8618.183933,47,47,True
628,80,4,9246.797437,51,51,True
628,81,1,4753.122249,35,35,True
628,82,4,6158.563191,40,40,True
628,82,6,8318.858215,90,90,True
628,82,4,9363.482145,51,51,True
628,83,0,3226.415398,32,32,True
628,86,1,5711.795298,9,35,False
628,86,4,6296.749619,39,39,True
628,87,1,5775.11897,9,35,False
628,88,4,6423.880219,39,39,True
628,88,0,4212.050662,82,82,True
628,91,0,3739.871498,32,32,True
628,97,0,3489.236004,0,32,False
628,104,0,4006.429876,0,32,False
628,105,0,4749.99929,32,0,False
628,108,1,6615.871004,35,9,False
637,1,8,5913.483029,45,45,True
637,1,8,6188.801429,47,47,True
637,2,0,2.271759,0,0,True
637,2,7,4721.38437,41,41,True
637,2,10,6688.256857,16,16,True
637,3,10,6690.516094,16,16,True
637,3,4,7367.714483,19,19,True
637,4,10,6693.509761,16,16,True
637,4,8,7005.033276,18,18,True
637,5,0,657.115276,32,32,True
637,5,13,7285.888884,53,53,True
637,6,0,661.664432,32,32,True
637,6,3,5854.577093,201,201,True
637,6,8,5928.593895,45,45,True
637,6,8,7013.29015,18,18,True
637,7,1,2929.27281,9,9,True
637,7,10,6707.114716,16,16,True
637,7,4,4282.573473,11,11,True
637,7,7,4740.234662,41,41,True
637,7,6,5758.985668,90,90,True
637,7,8,6859.291954,17,17,True
637,7,4,7384.016648,19,19,True
637,8,8,6345.50002,48,48,True
637,8,3,6506.664528,50,50,True
637,8,8,6865.294324,17,17,True
637,8,13,7440.90149,54,54,True
637,8,4,4288.641411,11,11,True
637,9,6,4883.162611,42,42,True
637,9,13,7308.479704,53,53,True
637,9,12,7728.640518,58,58,True
637,10,3,2061.83372,34,34,True
637,10,4,7404.020633,19,19,True
637,10,12,7736.171812,58,58,True
637,10,1,2949.616007,9,9,True
637,11,3,2070.162274,34,34,True
637,11,4,3558.049443,39,39,True
637,11,4,4174.091523,10,10,True
637,11,7,4768.892677,41,41,True
637,11,7,5005.161914,43,43,True
637,11,6,6392.270692,49,49,True
637,11,3,6529.037175,50,50,True
637,11,4,8095.070844,61,61,True
637,12,0,704.866225,32,32,True
637,12,3,2079.246512,34,34,True
637,12,13,7593.755641,55,55,True
637,12,0,704.959883,32,32,True
637,12,3,6538.104193,50,50,True
637,13,1,2976.632297,9,9,True
637,13,4,3676.865123,40,40,True
637,13,7,5023.938899,43,43,True
637,13,8,6256.225468,47,47,True
637,13,13,7343.119356,53,53,True
637,14,0,725.329599,32,32,True
637,14,4,3687.374012,40,40,True
637,14,6,6421.418253,49,49,True
637,14,10,6764.883136,16,16,True
637,14,8,6917.047436,17,17,True
637,14,12,7773.815491,58,58,True
637,14,7,8616.110086,25,25,True
637,14,10,6765.184258,16,16,True
637,14,8,6917.317408,17,17,True
637,15,3,4614.36635,5,5,True
637,15,4,6841.207467,51,51,True
637,17,6,5595.515981,13,13,True
637,17,10,6186.550232,46,46,True
637,17,13,7389.804203,53,53,True
637,18,4,4390.020449,11,11,True
637,18,7,4848.065482,41,41,True
637,18,4,5039.342281,107,107,True
637,18,10,6814.464164,16,16,True
637,18,8,6966.546314,17,17,True
637,19,0,789.74697,32,32,True
637,19,4,3651.366323,39,39,True
637,19,13,7677.730011,55,55,True
637,20,4,4903.641291,106,106,True
637,20,8,6995.79997,17,17,True
637,20,4,4903.640934,106,106,True
637,21,1,3082.20185,9,9,True
637,21,1,2447.658665,35,35,True
637,21,4,4298.30865,10,10,True
637,21,3,4697.127263,5,5,True
637,21,7,4893.302756,41,41,True
637,21,8,6361.096249,47,47,True
637,21,8,7011.545176,17,17,True
637,21,13,7708.468673,55,55,True
637,21,7,8709.569862,25,25,True
637,22,10,6261.681786,46,46,True
637,22,8,7028.043666,17,17,True
637,22,13,7724.963047,55,55,True
637,22,4,4452.031764,11,11,True
637,22,3,6668.854144,50,50,True
637,22,10,6876.779977,16,16,True
637,23,8,7045.29146,17,17,True
637,23,13,7742.204857,55,55,True
637,24,0,227.130217,0,0,True
637,24,6,5962.154705,90,90,True
637,24,10,6911.358824,16,16,True
637,24,0,873.459028,32,32,True
637,24,6,6567.676954,49,49,True
637,24,3,6703.966017,50,50,True
637,24,10,6912.215484,16,16,True
637,25,4,3752.941005,39,39,True
637,25,10,6315.768555,46,46,True
637,25,4,6992.868858,51,51,True
637,25,8,7082.03481,17,17,True
637,26,4,4388.628585,10,10,True
637,26,3,4786.583549,5,5,True
637,26,8,6450.973155,47,47,True
637,26,6,6605.229502,49,49,True
637,26,13,7538.827941,53,53,True
637,27,4,4409.653906,10,10,True
637,27,7,5004.107729,41,41,True
637,27,6,6625.40065,49,49,True
637,27,4,7643.274906,19,19,True
637,28,1,3213.532668,9,9,True
637,28,10,6992.120707,16,16,True
637,29,10,7013.978654,16,16,True
637,29,0,975.378618,32,32,True
637,29,13,7602.0355,53,53,True
637,29,4,8367.723962,61,61,True
637,30,8,6667.994001,48,48,True
637,30,8,7188.192792,17,17,True
637,31,1,3281.197086,9,9,True
637,32,0,1045.827336,32,32,True
637,32,3,6873.465749,50,50,True
637,32,8,7234.230459,17,17,True
637,32,13,7672.005714,53,53,True
637,32,7,8335.817006,60,60,True
637,33,1,3330.716728,9,9,True
637,33,4,4683.862273,11,11,True
637,33,4,7167.409729,51,51,True
637,34,0,1097.285417,32,32,True
637,34,3,6924.298554,50,50,True
637,35,0,1123.837261,32,32,True
637,35,10,7160.930417,16,16,True
637,35,4,4598.562391,10,10,True
637,36,8,6819.054635,48,48,True
637,36,10,7186.174905,16,16,True
637,36,10,7188.057355,16,16,True
637,37,0,1178.36666,32,32,True
637,37,4,4136.115269,40,40,True
637,37,4,4789.588809,11,11,True
637,37,6,6263.011775,90,90,True
637,38,8,6875.415466,48,48,True
637,38,8,7393.88339,17,17,True
637,38,13,7832.205045,53,54,False
637,38,4,7912.848921,19,19,True
637,39,4,4712.840459,10,10,True
637,39,8,7585.524966,18,18,True
637,39,4,4095.123518,39,39,True
637,39,7,5306.974112,41,41,True
637,39,6,6320.47391,90,90,True
637,39,8,6904.719819,48,48,True
637,40,4,4741.478616,10,10,True
637,40,4,7358.898325,51,51,True
637,41,4,4773.905956,10,10,True
637,41,4,4254.626952,40,40,True
637,41,3,5166.612655,5,5,True
637,41,8,6562.708494,45,45,True
637,41,8,6965.584732,48,48,True
637,42,3,2703.515162,34,34,True
637,42,4,4286.126415,40,40,True
637,42,8,6997.141162,48,48,True
637,42,3,7152.891677,50,50,True
637,42,3,7154.26036,50,50,True
637,43,0,715.909862,0,0,True
637,43,7,5431.974146,41,41,True
637,44,4,4351.369492,40,40,True
637,44,6,5591.837263,42,42,True
637,44,8,6929.37263,47,47,True
637,44,4,7484.549325,51,51,True
637,44,3,7219.19611,50,50,True
637,45,6,5625.559554,42,42,True
637,45,6,6510.718983,90,90,True
637,45,8,7096.315458,48,48,True
637,46,4,4321.357574,39,39,True
637,46,8,6997.474842,47,47,True
637,47,4,5108.603233,11,11,True
637,47,6,5695.246237,42,42,True
637,48,1,3157.166381,35,35,True
637,48,4,4392.737989,39,39,True
637,48,13,8293.223286,54,54,True
637,49,4,4429.552066,39,39,True
637,50,0,964.680405,0,0,True
637,51,3,6825.953788,201,201,True
637,52,8,7219.70247,47,47,True
637,55,3,3185.087018,34,34,True
637,56,0,1207.298428,0,0,True
637,56,4,4805.644038,40,40,True
637,57,8,7425.408508,47,47,True
637,64,1,3835.056824,35,35,True
637,66,4,5266.338478,40,40,True
637,68,0,1773.753003,0,0,True
637,72,1,4245.598228,35,35,True
637,74,0,2097.517877,0,0,True
637,75,0,2154.098191,0,0,True
638,0,0,0.0,0,0,True
638,0,3,1244.899685,1,1,True
638,0,10,6026.624079,46,46,True
638,1,6,5445.755859,13,13,True
638,1,10,6791.00158,17,17,True
638,1,13,7352.419094,54,54,True
638,1,13,7983.455093,22,21,False
638,2,3,1344.485029,2,2,True
638,2,8,5878.797562,45,45,True
638,2,0,1289.19461,82,82,True
638,2,1,2899.897261,9,9,True
638,2,4,7948.160893,114,114,True
638,3,0,647.747991,32,32,True
638,3,0,1291.409619,82,82,True
638,3,3,6453.485664,50,50,True
638,3,4,7341.306246,19,19,True
638,3,10,7440.626269,112,111,False
638,3,4,3494.785252,39,39,True
638,3,1,3534.184096,105,105,True
638,3,3,6453.472078,50,50,True
638,3,4,8013.567106,61,61,True
638,4,4,4110.830124,10,10,True
638,4,4,4246.071882,11,11,True
638,4,8,6286.806616,48,48,True
638,4,8,6962.620212,18,18,True
638,4,4,4110.845791,10,10,True
638,4,5,5300.596279,12,12,True
638,4,10,7265.366319,111,111,True
638,4,10,7443.557874,112,111,False
638,5,0,1298.058774,82,82,True
638,5,8,6966.314334,18,18,True
638,5,1,2908.672256,9,9,True
638,5,7,4703.173396,41,41,True
638,5,6,6325.457923,49,49,True
638,5,8,6480.27538,15,15,True
638,5,6,7136.230438,6,6,True
638,5,7,7922.382262,60,60,True
638,5,13,7993.662173,22,22,True
638,5,10,9082.739889,68,68,True
638,6,0,15.463746,0,0,True
638,6,3,1260.377799,1,1,True
638,6,1,2913.062244,9,9,True
638,6,4,7352.107981,19,19,True
638,6,7,8517.569055,25,25,True
638,6,3,6464.387444,50,50,True
638,6,10,6654.695702,16,16,True
638,6,4,7352.130169,19,19,True
638,7,1,3550.319463,105,105,True
638,7,4,7357.179825,19,19,True
638,7,3,5149.23802,44,44,True
638,8,4,3516.733976,39,39,True
638,8,5,5319.615538,12,12,True
638,8,8,5903.029695,45,45,True
638,8,4,7971.999179,114,114,True
638,8,5,9224.065021,69,69,True
638,8,7,9328.903531,70,70,True
638,9,0,1320.22732,82,82,True
638,9,8,6172.930478,47,47,True
638,9,10,6823.10668,17,17,True
638,9,10,7291.039018,111,111,True
638,10,0,683.858407,32,32,True
638,10,3,5168.843153,44,44,True
638,10,5,5333.533266,12,12,True
638,10,6,5752.551984,90,90,True
638,10,8,6319.736956,48,48,True
638,10,4,7985.726189,114,114,True
638,10,3,5168.898508,44,44,True
638,10,10,6679.613177,16,16,True
638,11,3,6497.096612,50,50,True
638,11,4,7384.597995,19,19,True
638,11,4,7993.669379,114,114,True
638,11,1,2314.201861,35,35,True
638,11,8,5925.058186,45,45,True
638,11,10,6074.824941,46,46,True
638,11,8,6188.239968,47,47,True
638,11,6,6362.516464,49,49,True
638,11,4,6775.848971,51,51,True
638,11,13,7526.785442,55,55,True
638,12,1,2322.970014,35,35,True
638,12,10,7315.242815,111,111,True
638,12,13,8200.982292,23,23,True
638,12,7,8558.810275,25,25,True
638,13,6,5511.660217,13,13,True
638,13,8,7022.095221,18,18,True
638,13,10,6856.673869,17,17,True
638,13,8,7083.793611,142,142,True
638,13,7,7977.163348,60,60,True
638,13,4,8011.727881,114,114,True
638,13,13,8049.063893,22,22,True
638,13,7,9163.798541,119,119,True
638,13,7,9368.482339,70,70,True
638,14,1,2342.698639,35,35,True
638,14,4,3664.23439,40,40,True
638,14,8,7093.931141,142,142,True
638,14,3,7160.632078,94,94,True
638,14,4,7412.628232,19,19,True
638,14,13,7428.076957,54,54,True
638,14,15,7437.15785,155,155,True
638,14,13,8059.266569,22,22,True
638,14,6,5521.913064,13,13,True
638,14,10,7335.043547,111,111,True
638,14,4,8021.846225,114,114,True
638,15,1,2985.615546,9,9,True
638,15,3,6536.347705,50,50,True
638,15,8,7043.377898,18,18,True
638,15,13,8231.754578,23,22,False
638,15,3,4595.765382,5,5,True
638,15,7,4780.131049,41,41,True
638,15,4,6814.704409,51,51,True
638,16,0,743.556966,32,32,True
638,16,5,2802.138031,85,85,True
638,16,3,4607.366824,5,5,True
638,16,8,6379.013577,48,48,True
638,16,10,6738.615225,16,16,True
638,16,13,7577.862349,55,55,True
638,16,13,8081.8627,22,22,True
638,16,0,1387.464939,82,82,True
638,16,10,6738.975644,16,16,True
638,17,10,6902.294804,17,17,True
638,17,13,7933.250596,21,21,True
638,17,3,2118.120972,34,34,True
638,17,4,4215.497918,10,10,True
638,17,7,5036.854325,43,43,True
638,17,8,6391.452189,48,48,True
638,17,6,6425.724823,49,49,True
638,17,6,7236.318263,6,6,True
638,17,7,8021.848955,60,60,True
638,18,0,769.351208,32,32,True
638,18,0,1413.323621,82,82,True
638,18,5,2827.903798,85,85,True
638,18,5,5418.5007,12,12,True
638,18,10,6151.496155,46,46,True
638,18,8,6404.623491,48,48,True
638,18,13,7173.320842,52,52,True
638,18,10,7383.446997,111,111,True
638,18,1,3022.974942,9,9,True
638,19,5,2841.896219,85,85,True
638,19,6,4953.183692,42,13,False
638,19,3,5266.848323,44,44,True
638,19,8,6016.091363,45,45,True
638,19,6,6452.608024,49,49,True
638,19,11,7786.776295,58,58,True
638,19,4,8145.858669,61,61,True
638,20,4,3644.020415,39,39,True
638,20,6,5865.096088,90,90,True
638,20,12,6798.376532,149,149,True
638,20,13,7374.354314,53,53,True
638,20,13,8297.048537,23,23,True
638,20,0,1442.138091,82,82,True
638,20,3,6601.760758,50,50,True
638,20,10,7412.045974,111,111,True
638,21,10,7427.446894,111,111,True
638,21,4,7503.636978,19,19,True
638,21,3,2039.558597,33,33,True
638,21,3,2175.554395,34,34,True
638,21,5,2872.103851,85,85,True
638,21,4,3659.379074,39,39,True
638,21,3,4676.245014,5,5,True
638,21,8,6638.698921,15,15,True
638,21,4,6894.565263,51,51,True
638,22,0,1473.902957,82,82,True
638,22,15,7545.923149,155,155,True
638,22,1,3083.038881,9,9,True
638,22,4,4289.120929,10,10,True
638,22,6,6498.805132,49,49,True
638,22,4,7519.507563,19,19,True
638,23,6,5647.130287,13,13,True
638,23,8,6672.586705,15,15,True
638,23,6,5913.014938,90,90,True
638,23,3,6009.853403,201,201,True
638,23,6,6515.07816,49,49,True
638,23,8,6671.694879,15,48,False
638,23,6,7979.836608,59,59,True
638,24,4,4458.022303,11,11,True
638,24,6,5930.437811,90,90,True
638,24,8,6358.811188,47,47,True
638,24,8,7174.620443,18,18,True
638,24,6,7997.245454,59,59,True
638,24,10,9288.569006,68,68,True
638,24,7,9518.862819,70,70,True
638,24,1,3117.463301,9,9,True
638,24,4,8162.692186,114,114,True
638,25,1,3135.774036,9,9,True
638,25,7,8737.334648,25,25,True
638,25,4,3824.880367,40,40,True
638,25,7,5162.559902,43,43,True
638,25,8,6115.173387,45,45,True
638,25,3,6684.851222,50,50,True
638,25,9,7130.101187,92,92,True
638,25,13,8380.945925,23,23,True
638,26,0,258.405387,0,0,True
638,26,3,1600.579504,2,2,True
638,26,1,2522.418518,35,35,True
638,26,8,6536.326234,48,48,True
638,26,10,7046.366038,17,17,True
638,26,4,8261.590687,61,61,True
638,26,1,3787.171816,105,105,True
638,26,6,6570.153587,49,49,True
638,26,10,6896.529371,16,16,True
638,26,8,7212.891026,18,18,True
638,27,0,922.307066,32,32,True
638,27,4,4515.614779,11,11,True
638,27,14,6915.729116,218,218,True
638,27,4,8219.021813,114,114,True
638,27,4,3766.883681,39,39,True
638,27,4,4515.017948,11,11,True
638,27,7,5201.290487,43,43,True
638,27,3,5403.29486,44,44,True
638,27,4,8219.021249,114,114,True
638,27,4,8280.995622,61,61,True
638,28,0,1586.91766,82,82,True
638,28,1,3194.644736,9,9,True
638,28,6,8074.116544,59,59,True
638,28,13,8117.579045,21,21,True
638,28,7,8204.149183,60,60,True
638,28,1,3827.494673,105,105,True
638,28,6,6610.19018,49,49,True
638,28,10,7087.498366,17,17,True
638,28,13,8441.287172,23,23,True
638,29,10,6957.990253,16,16,True
638,29,4,7650.776292,19,19,True
638,29,13,8462.520087,23,23,True
638,29,7,5010.916787,41,41,True
638,29,8,6597.782147,48,48,True
638,29,8,7273.292258,18,18,True
638,30,3,1684.450522,2,2,True
638,30,1,3237.783422,9,9,True
638,30,4,3830.496546,39,39,True
638,30,6,6050.199664,90,90,True
638,30,3,6786.367674,50,50,True
638,30,10,7129.521596,17,17,True
638,30,10,7599.020036,111,111,True
638,30,1,3870.747406,105,105,True
638,30,8,7296.532989,18,18,True
638,30,4,7672.410561,19,19,True
638,30,4,8281.844665,114,114,True
638,31,10,7002.73135,16,16,True
638,31,3,1707.255739,2,2,True
638,31,1,3893.470528,105,105,True
638,31,8,6832.980389,15,15,True
638,31,10,7621.740528,111,111,True
638,31,10,7799.484228,112,112,True
638,31,4,8304.227828,114,114,True
638,31,5,9554.585937,69,69,True
638,32,3,1633.915835,1,1,True
638,32,4,3973.076898,40,40,True
638,32,5,5679.915942,12,12,True
638,32,4,7108.190141,51,51,True
638,32,4,8388.798446,61,61,True
638,32,7,9479.84303,119,119,True
638,32,0,1032.979244,32,32,True
638,33,0,412.950545,0,0,True
638,33,4,3997.1652,40,40,True
638,33,3,4915.440511,5,5,True
638,33,6,5223.757522,42,42,True
638,33,6,5854.638332,13,13,True
638,33,12,7057.206909,149,149,True
638,33,4,8412.512637,61,61,True
638,34,3,1683.257264,1,2,False
638,34,8,6573.791679,47,47,True
638,34,8,7448.632846,142,142,True
638,34,0,1082.405789,32,32,True
638,35,0,1107.507965,32,32,True
638,35,3,5586.13872,44,44,True
638,35,8,6931.190272,15,48,False
638,35,7,8956.632426,25,25,True
638,36,3,1832.303252,2,2,True
638,36,9,7378.031139,92,92,True
638,36,6,7608.270489,6,6,True
638,36,17,7707.896774,219,53,False
638,36,10,7746.345145,111,111,True
638,36,13,7836.113661,54,54,True
638,36,11,8135.515797,58,58,True
638,36,4,8487.961773,61,61,True
638,36,5,9676.686094,69,69,True
638,36,4,4591.972604,10,10,True
638,36,10,7127.261383,16,16,True
638,36,10,7277.772672,17,17,True
638,36,4,7817.341405,19,19,True
638,37,6,5959.713759,13,13,True
638,37,8,6986.933104,15,15,True
638,37,10,7304.845231,17,17,True
638,37,4,7844.017045,19,19,True
638,37,1,4045.177319,105,105,True
638,37,4,4100.80629,40,40,True
638,37,3,5639.095563,44,44,True
638,37,6,6222.894999,90,90,True
638,37,8,6392.457007,45,45,True
638,37,8,7469.133951,18,18,True
638,37,6,7635.090853,6,6,True
638,37,13,8494.976826,22,22,True
638,37,7,9009.235753,25,25,True
638,37,10,9579.448216,68,68,True
638,38,9,7432.545305,92,92,True
638,38,4,8481.094775,114,114,True
638,38,4,8541.845319,61,61,True
638,38,10,7332.642272,17,17,True
638,38,10,7978.860572,112,112,True
638,39,10,7829.835081,111,111,True
638,39,4,7899.524009,19,19,True
638,39,4,8509.239122,114,114,True
638,39,6,5383.41178,42,42,True
638,39,7,5494.99667,43,43,True
638,39,8,6850.150134,48,48,True
638,39,6,7690.903222,6,6,True
638,39,15,7933.005367,155,155,True
638,39,13,8047.581543,55,55,True
638,39,7,8473.505329,60,60,True
638,39,4,8569.865274,61,61,True
638,40,1,3497.278172,9,9,True
638,40,1,4130.911075,105,105,True
638,40,8,7554.617566,18,18,True
638,40,10,9663.851876,68,68,True
638,40,6,6045.33367,13,13,True
638,41,8,7587.010813,18,18,True
638,41,7,5322.82402,41,41,True
638,41,8,6767.586761,47,47,True
638,41,4,8567.701395,114,114,True
638,41,13,8610.043243,22,22,True
638,41,4,8628.055884,61,61,True
638,42,0,664.548684,0,0,True
638,42,3,2006.593468,2,1,False
638,42,8,6940.111287,48,48,True
638,42,6,7780.047634,6,6,True
638,42,13,8137.248426,55,55,True
638,42,4,8598.009375,114,114,True
638,42,3,7105.20883,50,50,True
638,43,1,4223.220166,105,105,True
638,43,4,4797.187324,10,10,True
638,43,6,6399.151141,90,90,True
638,43,7,9184.303142,25,25,True
638,44,4,4310.227737,40,40,True
638,44,7,5648.381968,43,43,True
638,44,8,7678.803856,18,18,True
638,45,8,7231.171203,15,15,True
638,45,10,8016.631532,111,111,True
638,45,10,6781.878163,46,46,True
638,45,4,8753.037212,61,61,True
638,46,4,4280.672561,39,39,True
638,46,6,7099.478996,49,49,True
638,46,8,7745.271964,18,18,True
638,46,10,7581.359308,17,17,True
638,47,10,7465.519903,16,16,True
638,47,4,4315.001667,39,39,True
638,47,7,5749.164302,43,43,True
638,48,0,1509.495954,32,32,True
638,48,7,5553.313,41,41,True
638,48,6,7977.871246,6,6,True
638,49,10,7686.670252,17,17,True
638,49,4,4385.844305,39,39,True
638,49,10,6920.379897,46,46,True
638,49,10,7683.605054,17,17,True
638,50,3,2280.070929,2,1,False
638,50,8,6811.647064,45,45,True
638,50,10,7569.785964,16,16,True
638,50,13,8152.429651,53,53,True
638,50,0,1583.798652,32,32,True
638,51,10,7606.972449,16,16,True
638,52,3,5507.186722,5,5,True
638,52,3,7447.983696,50,50,True
638,53,1,3945.188047,9,9,True
638,53,0,1052.764694,0,32,False
638,54,3,6885.169494,201,201,True
638,54,3,7525.477486,50,50,True
638,55,0,1132.87642,0,0,True
638,55,3,5624.443105,5,5,True
638,56,0,1818.519819,32,32,True
638,56,1,3431.098736,35,35,True
638,56,4,4752.202026,40,40,True
638,56,10,7953.90774,17,17,True
638,56,4,8487.409198,19,19,True
638,57,10,7849.621187,16,17,False
638,57,1,4105.698426,9,9,True
638,57,6,6911.588495,90,90,True
638,58,4,4740.636327,39,39,True
638,58,10,7887.615944,16,17,False
638,58,13,8595.574553,54,54,True
638,59,1,4191.106358,9,9,True
638,59,8,7429.441937,47,47,True
638,59,4,8000.627675,51,19,False
638,60,1,3601.72192,35,35,True
638,60,1,4236.907898,9,9,True
638,61,4,4871.973053,39,39,True
638,61,6,7083.969023,90,90,True
638,61,8,7662.425328,48,48,True
638,61,7,9272.729255,60,60,True
638,62,6,7128.869955,90,90,True
638,62,8,7307.90716,45,45,True
638,63,4,8789.739818,19,19,True
638,64,0,2176.772818,32,32,True
638,65,0,2224.627012,32,32,True
638,65,0,1577.318468,0,0,True
638,66,0,1625.775588,0,0,True
638,66,1,3879.422649,35,35,True
638,68,10,7736.665584,46,46,True
638,73,4,8668.647268,51,51,True
638,78,1,4513.030848,35,35,True
638,94,1,5519.491529,35,35,True
728,0,10,6207.759966,47,47,True
728,1,1,2970.536903,9,9,True
728,1,4,4323.946333,11,11,True
728,1,7,5695.491993,14,14,True
728,1,6,5930.992172,201,201,True
728,2,6,2740.388493,85,85,True
728,2,13,7401.735513,54,54,True
728,3,0,663.989945,32,32,True
728,3,4,3551.528835,39,39,True
728,3,7,4759.810483,41,41,True
728,3,6,7017.115891,92,92,True
728,4,3,1251.72886,1,1,True
728,4,3,1362.803429,2,2,True
728,4,9,3818.453103,139,139,True
728,4,4,4994.091177,107,106,False
728,4,3,5832.357355,90,90,True
728,4,7,6177.232638,154,154,True
728,4,13,7278.654459,53,53,True
728,4,11,7791.610665,58,58,True
728,4,7,8188.181085,61,61,True
728,4,0,1326.97964,82,82,True
728,4,10,6885.442201,17,17,True
728,5,1,2980.476275,9,9,True
728,5,3,5266.012426,44,44,True
728,5,7,5705.463982,14,14,True
728,5,10,7092.296986,18,18,True
728,5,13,8068.356024,22,22,True
728,5,3,1895.439401,33,33,True
728,5,6,2748.979936,85,85,True
728,5,3,5265.990405,44,44,True
728,5,10,5957.622659,45,45,True
728,5,10,6402.631781,48,48,True
728,5,6,6596.688631,50,50,True
728,5,6,7023.444905,92,92,True
728,5,6,7072.214069,93,93,True
728,6,6,2600.646412,4,4,True
728,6,4,3562.148843,39,39,True
728,6,8,6088.599867,46,46,True
728,6,10,6222.645765,47,47,True
728,6,4,8154.59095,114,114,True
728,6,7,8195.855028,61,61,True
728,6,0,1334.86147,82,82,True
728,6,13,7730.464476,20,20,True
728,7,0,1339.878067,82,82,True
728,7,1,2989.706389,9,9,True
728,7,7,5539.38751,13,13,True
728,7,10,6728.535279,16,16,True
728,7,13,7735.45821,20,20,True
728,7,6,3271.120257,37,37,True
728,7,2,4827.944738,106,106,True
728,7,6,4886.715629,42,42,True
728,7,6,5949.985198,201,201,True
728,8,8,6099.199209,46,46,True
728,8,10,6233.277597,47,47,True
728,8,6,6611.46954,50,50,True
728,8,13,7425.067464,54,54,True
728,8,13,7596.27164,55,55,True
728,8,4,4348.832819,11,11,True
728,8,10,6734.215216,16,16,True
728,9,3,1276.699753,1,1,True
728,9,3,1387.820318,2,2,True
728,9,6,6472.497647,49,49,True
728,9,10,6910.221939,17,17,True
728,9,10,7113.568089,18,18,True
728,9,7,8110.132098,60,60,True
728,10,3,1394.96801,2,2,True
728,10,7,5406.422243,12,12,True
728,10,9,7304.237785,6,6,True
728,10,4,4362.341871,11,11,True
728,10,4,8178.389183,114,114,True
728,10,13,8291.638867,23,23,True
728,11,0,1367.104992,82,82,True
728,11,6,6632.686085,50,50,True
728,11,0,47.113235,0,0,True
728,11,3,1291.681602,1,1,True
728,11,9,3858.329157,139,139,True
728,11,9,3997.383276,87,139,False
728,11,7,5414.222811,12,12,True
728,11,7,5741.634574,14,14,True
728,11,6,7059.312866,92,92,True
728,11,10,7204.028741,110,110,True
728,12,0,55.678607,0,0,True
728,12,6,2794.081814,85,85,True
728,12,4,4378.567174,11,11,True
728,12,7,5750.15345,14,14,True
728,12,4,7571.007477,19,19,True
728,12,11,7840.053664,58,58,True
728,12,13,7944.56521,21,21,True
728,12,0,715.525055,32,32,True
728,12,4,4378.694517,11,11,True
728,12,7,5574.902243,13,13,True
728,12,6,7116.671504,93,93,True
728,12,10,7212.573229,110,110,True
728,13,3,1949.860021,33,33,True
728,13,1,3682.346164,105,105,True
728,13,6,6650.31831,50,50,True
728,13,6,7125.841974,93,93,True
728,13,0,64.958064,0,0,True
728,13,4,3611.704984,39,39,True
728,13,6,4931.29515,42,42,True
728,13,10,7146.248164,18,110,False
728,13,13,7953.75858,21,21,True
728,13,13,8122.08243,22,22,True
728,14,2,4882.700043,106,106,True
728,14,7,6062.426159,109,109,True
728,14,10,6621.727929,15,15,True
728,14,0,734.847833,32,32,True
728,14,7,5769.562149,14,14,True
728,15,2,4893.365871,106,106,True
728,15,7,5780.243812,14,14,True
728,15,8,7848.127998,57,57,True
728,15,3,4704.639392,5,5,True
728,15,7,5099.177891,43,43,True
728,15,7,6073.106777,109,109,True
728,15,10,7242.471795,110,110,True
728,15,4,7600.321064,19,19,True
728,15,13,7974.265364,21,21,True
728,16,3,1981.869289,33,33,True
728,16,9,3908.170906,139,87,False
728,16,9,4047.393184,87,87,True
728,16,7,4851.918484,41,41,True
728,16,7,5110.541545,43,43,True
728,16,10,6974.709374,17,17,True
728,16,2,4904.742941,106,106,True
728,16,10,6805.200619,16,16,True
728,16,10,7178.625769,18,110,False
728,16,13,7812.476763,20,20,True
728,17,0,1429.435217,82,82,True
728,17,1,3078.467043,9,9,True
728,17,1,3726.423166,105,105,True
728,17,2,4283.739875,10,10,True
728,17,7,6278.894076,154,154,True
728,17,10,6987.144763,17,17,True
728,17,0,109.210678,0,0,True
728,17,3,1465.011733,2,2,True
728,17,6,3360.356593,37,37,True
728,17,4,3655.593446,39,39,True
728,17,8,4406.82386,198,198,True
728,17,6,4975.163823,42,42,True
728,17,13,7507.782591,54,54,True
728,18,3,1477.875931,2,2,True
728,18,3,2158.288515,34,34,True
728,18,5,2595.551434,3,3,True
728,18,6,3373.20544,37,37,True
728,18,4,3776.372453,40,40,True
728,18,4,4444.532659,11,11,True
728,18,3,5375.736983,44,44,True
728,18,10,6328.959545,47,47,True
728,18,10,6513.593859,48,48,True
728,18,9,7385.970782,6,6,True
728,18,4,8259.569776,114,114,True
728,18,7,8300.505111,61,61,True
728,18,14,8577.917449,63,63,True
728,18,0,782.078187,32,32,True
728,18,10,6668.97317,15,15,True
728,18,10,7278.774813,110,110,True
728,19,10,6843.529354,16,16,True
728,19,4,7649.357387,19,19,True
728,19,1,3104.544493,9,9,True
728,19,9,3946.616676,139,139,True
728,19,8,4433.261645,198,198,True
728,19,7,5829.654434,14,14,True
728,19,10,7012.975083,17,17,True
728,19,6,7146.506034,92,92,True
728,19,10,7292.29889,110,110,True
728,19,13,8023.762183,21,21,True
728,19,13,8387.209733,23,23,True
728,20,0,1470.268689,82,82,True
728,20,6,6077.994006,201,201,True
728,20,6,6733.919059,50,50,True
728,20,10,7027.146514,17,17,True
728,20,7,8327.710629,61,61,True
728,20,3,2035.02373,33,33,True
728,20,7,5844.335805,14,14,True
728,20,6,6734.244313,50,50,True
728,20,13,7865.236247,20,20,True
728,21,4,4487.463243,11,11,True
728,21,4,5151.292958,107,107,True
728,21,9,3975.805054,139,139,True
728,21,4,5151.291912,107,107,True
728,21,10,6711.109253,15,15,True
728,21,13,8052.750468,21,21,True
728,21,13,8221.115168,22,22,True
728,21,7,8342.359002,61,61,True
728,22,6,2919.349993,85,85,True
728,22,9,3991.466685,139,139,True
728,22,3,4798.068011,5,5,True
728,22,7,5698.704289,13,13,True
728,22,10,6387.072166,47,47,True
728,22,9,7443.742933,6,6,True
728,22,7,8357.707058,61,61,True
728,22,3,2217.333329,34,33,False
728,22,1,3149.462928,9,9,True
728,22,2,4354.754625,10,10,True
728,22,6,6619.148074,49,49,True
728,22,13,8068.989116,21,21,True
728,22,4,8316.946969,114,114,True
728,23,1,3165.791354,9,9,True
728,23,2,5004.281693,106,106,True
728,23,7,5563.096357,12,12,True
728,23,7,5890.693099,14,14,True
728,23,10,6403.371023,47,47,True
728,23,8,7317.614446,142,142,True
728,23,13,7594.729983,54,54,True
728,24,3,2250.493908,34,33,False
728,24,1,2534.868581,35,35,True
728,24,5,2687.609991,3,3,True
728,24,10,6605.342696,48,15,False
728,24,9,7476.853296,6,6,True
728,24,10,6760.789245,15,15,True
728,24,6,7273.296536,93,93,True
728,24,10,7295.618216,18,18,True
728,24,13,8102.346838,21,21,True
728,25,3,2268.917698,34,33,False
728,25,1,3848.675856,105,105,True
728,25,2,4405.878863,10,10,True
728,25,6,2970.883567,85,85,True
728,25,7,5244.761484,43,43,True
728,25,7,5597.826661,12,12,True
728,25,6,6158.865957,201,201,True
728,25,10,6438.094138,47,47,True
728,25,8,7991.939473,57,57,True
728,25,11,8016.006173,58,58,True
728,25,7,8407.927256,61,61,True
728,26,7,5004.206733,41,41,True
728,26,7,5943.921024,14,14,True
728,26,3,6071.863383,90,90,True
728,26,10,6641.613366,48,48,True
728,26,10,6796.218309,15,15,True
728,26,8,4549.156142,198,198,True
728,26,2,5057.606073,106,106,True
728,26,3,5502.677705,44,44,True
728,26,6,6688.19806,49,49,True
728,26,10,7331.994202,18,18,True
728,27,3,2155.231538,33,33,True
728,27,1,3238.194602,9,9,True
728,27,7,5963.95608,14,14,True
728,27,10,7147.131357,17,17,True
728,27,13,7984.985302,20,20,True
728,27,3,1514.215684,1,2,False
728,27,1,3886.342616,105,105,True
728,27,9,4080.444318,139,139,True
728,27,8,6340.798766,46,46,True
728,27,10,6475.649717,47,47,True
728,28,6,5154.145567,42,42,True
728,28,10,6234.982301,45,45,True
728,28,10,7446.030404,110,110,True
728,28,13,7686.616403,54,54,True
728,28,7,8464.420846,61,61,True
728,29,7,6004.537024,14,14,True
728,29,13,8025.608434,20,20,True
728,29,1,3926.846582,105,105,True
728,29,7,5322.868178,43,43,True
728,29,6,7318.729311,92,92,True
728,29,10,7466.666566,110,110,True
728,29,8,8069.215097,57,57,True
728,30,3,2368.410133,34,33,False
728,30,4,3984.785116,40,40,True
728,30,8,6402.242339,46,46,True
728,30,6,6767.856099,49,49,True
728,30,10,6877.056397,15,15,True
728,30,6,6913.326431,50,49,False
728,30,4,7841.040106,19,19,True
728,30,7,8505.567658,61,61,True
728,30,4,4653.778888,11,11,True
728,30,4,5317.694876,107,107,True
728,31,7,5719.961595,12,12,True
728,31,6,6935.900993,50,49,False
728,31,0,353.966393,0,0,True
728,31,3,2390.561625,34,33,False
728,31,4,7239.32952,51,51,True
728,31,13,8240.0856,21,21,True
728,31,7,8424.402295,60,61,False
728,32,1,3992.926766,105,105,True
728,32,4,5362.474356,107,107,True
728,32,13,8262.705615,21,21,True
728,32,7,8446.694712,60,61,False
728,32,10,7083.375587,16,17,False
728,33,0,1721.649518,82,82,True
728,33,3,2437.969659,34,34,True
728,33,1,4016.379827,105,105,True
728,33,10,7106.788252,16,16,True
728,33,13,8287.534752,21,21,True
728,33,13,8456.053635,22,22,True
728,33,7,5916.792065,13,13,True
728,33,10,6790.950663,48,48,True
728,33,13,7522.198015,52,52,True
728,34,4,4745.187195,11,11,True
728,34,7,5436.464039,43,43,True
728,34,3,5673.903241,44,44,True
728,34,4,7308.287459,51,51,True
728,34,4,8556.191366,114,114,True
728,34,0,1085.402869,32,32,True
728,34,3,2310.456342,33,33,True
728,35,3,5699.126133,44,44,True
728,35,7,5966.836408,13,13,True
728,35,7,6143.348486,14,14,True
728,35,6,6884.724426,49,49,True
728,35,0,1771.048535,82,82,True
728,35,3,1805.833147,2,2,True
728,35,6,3189.146223,85,4,False
728,35,4,8580.666714,114,114,True
728,36,6,3214.904916,85,85,True
728,36,6,3907.494448,38,37,False
728,36,4,4018.585806,39,39,True
728,36,3,5723.812763,44,44,True
728,36,10,7554.651983,18,110,False
728,36,13,7741.883188,53,53,True
728,36,13,8043.490176,55,55,True
728,36,4,4796.604566,11,11,True
728,36,7,5992.387808,13,13,True
728,36,4,8605.851297,114,114,True
728,37,0,1823.31755,82,82,True
728,37,2,5307.561649,106,106,True
728,37,10,7657.288443,110,18,False
728,37,7,6017.311896,13,13,True
728,37,8,7617.203149,142,142,True
728,37,4,8631.714792,114,114,True
728,38,6,3779.936804,37,37,True
728,38,7,5280.312039,41,41,True
728,38,3,6345.639871,90,90,True
728,38,3,2414.866283,33,33,True
728,38,10,7074.512199,15,15,True
728,39,1,3523.460625,9,9,True
728,39,7,5921.690072,12,12,True
728,39,6,7136.083734,50,50,True
728,39,10,7430.898381,17,17,True
728,39,8,7671.210373,142,142,True
728,40,2,4756.05441,10,10,True
728,40,2,5390.735935,106,106,True
728,40,10,6528.436833,45,45,True
728,40,10,7128.69559,15,15,True
728,40,0,1907.07381,82,82,True
728,40,4,5570.060995,107,107,True
728,40,10,7130.687291,15,15,True
728,40,4,8089.417779,19,19,True
728,41,1,3580.922413,9,9,True
728,41,3,2651.318115,34,34,True
728,41,5,3087.731311,3,3,True
728,41,4,4265.399316,40,40,True
728,41,13,8008.133276,54,54,True
728,42,1,3609.79918,9,9,True
728,42,6,3895.481732,37,37,True
728,42,8,4942.411733,198,198,True
728,42,6,6565.18396,201,201,True
728,42,8,6711.460248,46,46,True
728,42,8,7757.476356,142,142,True
728,42,2,5449.693975,106,106,True
728,43,0,1336.378328,32,32,True
728,43,3,2713.655598,34,33,False
728,43,13,8729.281863,22,22,True
728,43,7,5685.606569,43,43,True
728,43,7,8840.925735,61,61,True
728,44,2,4876.419712,10,10,True
728,44,6,6626.319988,201,201,True
728,44,10,6909.18362,47,47,True
728,44,10,7579.586298,17,17,True
728,44,4,5690.879068,107,107,True
728,45,1,4353.053557,105,105,True
728,45,6,7169.861778,49,49,True
728,45,4,4279.520422,39,39,True
728,45,8,8490.565804,57,57,True
728,46,3,2656.382867,33,33,True
728,46,6,3356.283487,4,85,False
728,46,7,5520.873577,41,41,True
728,46,7,6133.345124,12,12,True
728,46,13,8163.545705,54,54,True
728,46,3,2810.29569,34,34,True
728,46,1,4385.715068,105,105,True
728,46,10,7646.75622,17,17,True
728,47,3,2689.907133,33,33,True
728,47,6,4055.922675,37,37,True
728,47,4,5122.91947,11,11,True
728,47,7,8967.769078,61,61,True
728,48,3,5446.014491,5,5,True
728,48,7,5848.819766,43,41,False
728,48,1,4453.160738,105,105,True
728,49,3,2759.089161,33,33,True
728,49,6,4125.076751,37,37,True
728,49,3,5480.391612,5,5,True
728,49,7,5883.586793,43,43,True
728,49,6,7301.872164,49,49,True
728,50,1,3224.724303,35,35,True
728,50,4,4558.640994,40,40,True
728,50,8,5207.820169,198,198,True
728,50,7,5919.062025,43,41,False
728,50,8,6973.948575,46,46,True
728,51,3,2302.816395,2,1,False
728,52,3,3020.472301,34,33,False
728,52,2,5151.031025,10,10,True
728,52,7,5730.900646,41,41,True
728,52,4,5302.269127,11,11,True
728,53,0,1682.983917,32,32,True
728,53,2,5190.535868,10,10,True
728,53,10,7564.876382,15,15,True
728,53,0,1681.498933,32,32,True
728,53,2,5188.532647,10,10,True
728,54,0,1059.10233,0,0,True
728,54,1,4021.883413,9,9,True
728,54,2,5226.735326,10,10,True
728,54,8,7122.072838,46,46,True
728,54,10,7929.929113,17,17,True
728,54,6,7632.73303,50,50,True
728,56,3,3023.606099,33,33,True
728,56,4,4785.919332,40,40,True
728,56,0,1800.854005,32,32,True
728,57,3,3216.739091,34,34,True
728,57,10,7118.206577,45,45,True
728,58,0,1881.21692,32,32,True
728,58,6,6076.574285,42,42,True
728,58,4,8709.540393,19,19,True
728,59,4,4798.859404,39,39,True
728,59,6,6118.248777,42,42,True
728,59,4,8126.065069,51,51,True
728,60,0,1966.073446,32,32,True
728,60,8,7365.334647,46,46,True
728,60,4,8167.790748,51,51,True
728,61,1,3660.136274,35,35,True
728,61,6,6203.709457,42,42,True
728,61,10,7286.546138,45,45,True
728,63,7,6181.723467,41,41,True
728,64,1,3793.662657,35,35,True
728,64,10,7420.176521,45,45,True
728,64,4,8341.615921,51,51,True
728,66,3,7376.176274,90,90,True
728,67,0,1623.865233,0,0,True
728,68,3,7470.708575,90,90,True
728,71,0,1821.719295,0,0,True
728,71,4,5353.634447,39,39,True
728,72,3,7668.111336,90,90,True
728,73,4,5455.910751,39,39,True
728,74,4,5508.100085,39,39,True
738,2,6,4777.605962,42,42,True
738,3,6,4779.72731,42,42,True
738,4,4,3571.700689,40,40,True
738,4,0,647.719122,32,32,True
738,4,4,4085.845456,10,10,True
738,4,4,4220.627876,11,11,True
738,5,4,3479.288531,39,39,True
738,5,5,4670.849112,41,41,True
738,5,10,6099.284396,47,47,True
738,6,1,2270.831563,35,35,True
738,6,4,4093.638908,10,10,True
738,6,7,4907.28607,43,43,True
738,7,4,4098.604475,10,10,True
738,7,7,7891.109586,60,60,True
738,8,1,2910.524581,9,9,True
738,8,1,2910.559635,9,9,True
738,10,4,3603.579629,40,40,True
738,10,5,4699.255873,41,41,True
738,10,10,6014.092292,46,46,True
738,11,4,3515.446341,39,39,True
738,11,6,4822.170441,42,42,True
738,11,10,6135.362225,47,46,False
738,12,4,6753.276228,51,51,True
738,13,6,4839.854033,42,42,True
738,13,10,6039.562112,46,46,True
738,14,4,4287.961299,11,11,True
738,14,5,4734.759337,41,41,True
738,14,4,7378.367176,19,19,True
738,15,3,1318.261557,1,1,True
738,15,1,2970.097056,9,9,True
738,15,8,5919.664256,45,45,True
738,16,1,2981.585884,9,9,True
738,16,4,4175.443124,10,10,True
738,18,5,4781.62203,41,41,True
738,19,4,4213.836632,10,10,True
738,19,0,776.327755,32,32,True
738,20,1,2404.715052,35,35,True
738,20,4,4227.720243,10,10,True
738,20,10,6571.736172,15,15,True
738,21,0,805.619972,32,32,True
738,21,4,4377.269114,11,11,True
738,22,1,3064.674017,9,9,True
738,23,1,3081.009277,9,9,True
738,23,4,4409.16262,11,11,True
738,23,6,4970.696167,42,42,True
738,23,10,6170.427566,46,46,True
738,24,4,4291.55675,10,10,True
738,24,7,5105.145351,43,43,True
738,24,10,6187.400833,46,46,True
738,24,0,855.235255,32,32,True
738,25,1,3115.798087,9,9,True
738,25,8,6065.442534,45,45,True
738,25,10,6205.083816,46,46,True
738,26,0,250.520502,0,0,True
738,26,1,2504.575945,35,35,True
738,26,1,3133.892406,9,9,True
738,27,0,911.036258,32,32,True
738,27,0,910.630591,32,32,True
738,29,0,951.810585,32,32,True
738,29,7,5200.864346,43,43,True
738,29,10,6282.870065,46,46,True
738,30,7,5222.126805,43,43,True
738,30,10,6417.565874,47,46,False
738,31,1,2607.251425,35,35,True
738,31,4,3915.914523,40,40,True
738,32,3,1609.542837,1,1,True
738,32,10,6462.115222,47,46,False
738,32,1,3259.917248,9,9,True
738,33,4,4611.983348,11,11,True
738,35,0,1091.276551,32,32,True
738,35,6,5220.978959,42,42,True
738,36,0,1116.307465,32,32,True
738,37,0,1143.480241,32,32,True
738,38,0,1169.856967,32,32,True
738,38,4,4089.368803,40,40,True
738,39,4,7242.783823,51,51,True
738,39,7,8416.114773,60,60,True
738,40,4,4049.697918,39,39,True
738,41,4,4690.652576,10,10,True
738,42,1,2895.350324,35,35,True
738,42,0,1286.479269,32,32,True
738,43,10,7097.141359,15,15,True
738,43,10,6644.052155,46,46,True
738,44,1,2956.914768,35,35,True
738,44,4,4782.262769,10,10,True
738,46,4,4330.007438,40,40,True
738,46,0,1413.713523,32,32,True
738,47,0,1447.300917,32,32,True
738,48,4,7518.717541,51,51,True
738,50,4,4371.80492,39,39,True
738,52,0,982.893398,0,0,True
738,60,0,1304.929913,0,0,True
738,61,1,3594.10157,35,35,True
738,61,4,8016.592813,51,51,True
